id_obra,cidade,uf,tipo_empreendimento,empresa_responsavel,area_construida_m2,valor_contratado,valor_aditivos,valor_executado,valor_materiais,valor_mao_de_obra,valor_compras,qtd_funcionarios,prazo_previsto_dias,prazo_realizado_dias,qtd_medicoes,qtd_fornecedores,custo_por_m2,custo_por_funcionario,custo_diario,pct_aditivos,pct_execucao,proporcao_materiais,proporcao_mao_de_obra,m2_por_funcionario,dias_por_m2,estouro_prazo_pct,fornecedores_por_milhao
1000,Curitiba,PR,residencial_popular,Construtora Planalto,4338.0,8828442.43,83143.93,13441699.52,7461670.43,2915964.29,7830993.01,141,647,719,23,15,3098.593711387736,95331.20226950354,18694.9923783032,0.9417734856317118,152.25448459995226,55.51136163174699,21.693419687453332,30.76595744680851,0.16574458275703088,11.128284389489963,1.699053951921166
1001,Campinas,SP,residencial_padrao,Estrutural Engenharia,3766.0,10594957.06,587580.2,10860855.05,6355099.13,3785032.13,6637609.53,119,539,1127,37,13,2883.923274030802,91267.68949579833,9636.961002661936,5.545847865852511,102.5096655748032,58.51380117627111,34.85022231283714,31.647058823529413,0.2992565055762082,109.09090909090908,1.2269988378791976
1002,Uberlandia,MG,industrial,Construtora Serrana,3579.0,22803453.02,1557587.47,25926223.41,13837950.62,8675762.61,14192019.75,93,518,539,17,11,7243.985305951383,278776.59580645163,48100.600018552876,6.830489525572737,113.6942873838499,53.374339953664695,33.46327181094055,38.483870967741936,0.150600726459905,4.054054054054057,0.48238308427904925
1003,Sao Paulo,SP,residencial_padrao,Alfa Construcoes,4127.0,14586734.48,1214605.58,15246146.47,8716620.94,5031757.51,9213161.85,115,668,747,24,15,3694.244359098619,132575.18669565217,20409.834631860776,8.326781992675308,104.52062790958543,57.17261707508703,33.00347087640173,35.88695652173913,0.18100314998788467,11.826347305389229,1.028331599547975
1004,Uberlandia,MG,industrial,Estrutural Engenharia,3445.0,22627309.14,1595599.5,27943440.4,12743453.17,13176109.21,13275437.96,168,649,731,24,8,8111.303454281567,166330.00238095238,38226.32065663474,7.051653778748877,123.49431488785501,45.6044530937572,47.1527808365358,20.50595238095238,0.21219158200290275,12.63482280431434,0.35355507588208074
1005,Belo Horizonte,MG,residencial_popular,Estrutural Engenharia,3234.0,6295160.75,352029.9,6805396.56,3648039.61,2287494.18,3924339.49,94,649,622,20,11,2104.3279406307975,72397.83574468085,10941.152025723472,5.592071655993852,108.10520700364958,53.605099685770554,33.612944665784475,34.40425531914894,0.19233147804576375,-4.1602465331278875,1.747373964993666
1006,Contagem,MG,industrial,Vertice Engenharia,4210.0,23641139.72,1853224.71,25972835.31,13963675.15,9446404.8,14384571.34,126,739,705,23,16,6169.319551068883,206133.61357142855,36840.901148936166,7.838982096248953,109.86287301549775,53.76261383609413,36.37032571628007,33.41269841269841,0.167458432304038,-4.6008119079837595,0.6767863220428529
1007,Curitiba,PR,residencial_padrao,Engenharia Vale Verde,3000.0,10249007.99,713659.31,11181499.17,6105775.93,3771531.42,6396462.48,112,619,584,19,11,3727.16639,99834.81401785715,19146.402688356164,6.963203762708746,109.09835547898719,54.60605807119153,33.73010508393214,26.785714285714285,0.19466666666666665,-5.654281098546043,1.0732746047942148
1008,Salvador,BA,residencial_padrao,Delta Obras,2467.0,9336738.29,727099.34,10286504.74,5273431.1,3536879.63,5386806.38,74,369,336,11,16,4169.641159302797,139006.8208108108,30614.59744047619,7.787509057405528,110.17235806017223,51.26552928609256,34.38368735928857,33.33783783783784,0.13619781110660723,-8.943089430894313,1.71366054215492
1009,Goiania,GO,comercial,Engenharia Mineira,2215.0,7725387.3,585985.71,11759469.7,6577154.29,2868134.12,7222066.4,65,427,454,15,15,5309.015665914221,180914.91846153844,25901.915638766517,7.58519524322101,152.21851336825534,55.9307048514271,24.38999540940184,34.07692307692308,0.20496613995485327,6.323185011709609,1.9416502263905915
1010,Campinas,SP,residencial_popular,Alfa Construcoes,3563.0,7716837.05,453475.74,8013503.69,4110422.24,2711014.02,4146180.51,93,611,569,18,10,2249.0888829637947,86166.70634408602,14083.486274165203,5.876445712949193,103.84440721085333,51.29369622839719,33.830570557832985,38.31182795698925,0.15969688464776874,-6.873977086743044,1.295867715646529
1011,Campinas,SP,residencial_padrao,Estrutural Engenharia,4533.0,18578631.51,911666.44,19732606.85,10071887.1,5644287.47,10656372.24,146,799,799,26,14,4353.1010037502765,135154.84143835618,24696.629349186485,4.907069928747405,106.211304311509,51.04184751950297,28.60386117711558,31.04794520547945,0.17626296051180235,0.0,0.7535538875651019
1012,Goiania,GO,residencial_padrao,Construtora Horizonte,2754.0,7529314.3,81750.09,7500024.77,4108878.8,3022794.21,4330381.21,68,491,469,15,11,2723.320541031227,110294.4819117647,15991.524029850745,1.0857574374335788,99.61099339417933,54.78486973050357,40.30378969001725,40.5,0.1702977487291213,-4.480651731160901,1.4609564113959221
1013,Uberlandia,MG,industrial,Engenharia Mineira,8641.0,45458157.93,3674162.31,47801433.02,28072009.16,17282537.79,29343695.4,248,1577,1712,57,13,5531.932996180998,192747.7137903226,27921.397792056076,8.08251472850651,105.15479552340938,58.726292051233564,36.15485289482645,34.84274193548387,0.19812521698877444,8.560558021559928,0.2859772721107267
1014,Campinas,SP,residencial_padrao,Vertice Engenharia,3250.0,12709420.96,1132145.68,13792302.43,7743454.36,5367688.98,8181590.43,98,472,511,17,21,4243.785363076923,140737.77989795918,26990.807103718198,8.907924944520838,108.52030531845725,56.14330456644432,38.91800522242464,33.16326530612245,0.15723076923076923,8.262711864406768,1.6523176048769415
1015,Sao Paulo,SP,industrial,Beta Engenharia,1616.0,7706149.26,94599.1,8204124.84,4453356.74,2777132.2,4871274.56,54,305,335,11,13,5076.809925742574,151928.23777777777,24489.92489552239,1.2275793889826632,106.4620546942274,54.281923140506485,33.85043809255345,29.925925925925927,0.2073019801980198,9.836065573770503,1.686964469722716
1016,Ribeirao Preto,SP,residencial_padrao,Delta Obras,3529.0,13527951.57,178328.46,13971060.19,6538359.99,4869451.63,6699877.7,122,666,681,22,18,3958.928928875035,114516.88680327868,20515.506886930983,1.3182221940790109,103.27550418632967,46.7993115846708,34.853844760366755,28.92622950819672,0.19297251345990366,2.2522522522522515,1.330578388520946
1017,Belo Horizonte,MG,residencial_popular,Obras & Cia,3027.0,5082204.78,152948.29,5392640.79,3082026.96,2103787.5,3221842.59,96,520,556,18,15,1781.5133102081268,56173.3415625,9698.994226618704,3.009486957351608,106.1082940069959,57.15246166062546,39.01219424629988,31.53125,0.1836802114304592,6.923076923076921,2.9514749305320196
1018,Uberlandia,MG,industrial,Obras & Cia,3341.0,27615792.68,1646018.76,28512788.06,15354269.4,8727671.47,15849886.63,91,479,475,15,12,8534.207740197546,313327.3413186813,60026.922231578945,5.960425540100775,103.24812468863016,53.85046656149417,30.609673987805742,36.714285714285715,0.14217300209518108,-0.8350730688935326,0.43453396898835644
1019,Campinas,SP,residencial_popular,Alfa Construcoes,2748.0,4216521.3,365883.98,4886361.99,2584017.79,1581686.92,2705911.4,104,569,694,23,9,1778.1521069868998,46984.249903846154,7040.8674207492795,8.677389581786294,115.88609762270146,52.882242357161104,32.36941764111913,26.423076923076923,0.25254730713246,21.96836555360282,2.1344609358430136
1020,Curitiba,PR,industrial,Construtora Atlantica,12740.0,63006817.03,3745337.31,67436141.41,41752945.73,21606154.49,43533360.84,327,2006,2045,68,14,5293.26070722135,206226.73214067277,32976.10826894865,5.944336639346023,107.02991293448616,61.91479058113565,32.039428766599116,38.960244648318046,0.16051805337519623,1.9441674975074763,0.22219817886267854
1021,Campinas,SP,industrial,Engenharia Vale Verde,2646.0,15241624.83,266181.98,15249449.59,8674825.39,5800608.12,9149016.33,71,437,458,15,12,5763.2084618291765,214780.98014084506,33295.7414628821,1.7464147226355788,100.05133809608408,56.8861540792175,38.038147447654865,37.267605633802816,0.17309145880574453,4.8054919908466776,0.7873176340346911
1022,Belo Horizonte,MG,comercial,Delta Obras,12174.0,72620561.7,4148323.6,77657515.59,40341348.49,24588517.12,43799985.3,335,1906,1735,57,18,6378.964645145392,231813.47937313435,44759.374979827095,5.712326513167137,106.93598861271269,51.94777116356112,31.66276558448939,36.340298507462684,0.14251683916543453,-8.97166841552991,0.24786368459058616
1023,Goiania,GO,residencial_popular,Construtora Atlantica,1711.0,2878105.26,224341.84,3107330.36,1672716.8,1077918.46,1743708.04,47,238,201,6,14,1816.0902162478083,66113.41191489362,15459.355024875622,7.794775372461535,107.964444636052,53.83131518722715,34.68953523178012,36.40425531914894,0.11747516072472239,-15.546218487394958,4.864311321261406
1024,Rio de Janeiro,RJ,comercial,Alfa Construcoes,2475.0,8093979.51,337429.4,8868328.79,4333469.34,3333736.4,4507433.19,71,479,490,16,20,3583.163147474747,124906.03929577464,18098.630183673467,4.1688936768756415,109.56697850597845,48.86455433278991,37.59148402074525,34.859154929577464,0.19797979797979798,2.2964509394572064,2.4709724030423197
1025,Rio de Janeiro,RJ,residencial_padrao,Construtora Atlantica,7088.0,26437072.96,1415532.86,29309799.45,16635061.76,10986474.83,17318810.56,200,1302,1470,49,10,4135.129719243792,146548.99725,19938.639081632653,5.354347896765043,110.86628044771261,56.755972651324306,37.48396453118686,35.44,0.20739277652370203,12.903225806451623,0.3782567009263948
1026,Rio de Janeiro,RJ,comercial,Engenharia Mineira,3088.0,16427767.72,156221.09,17489796.08,10130631.86,5296588.72,10616815.11,105,552,646,21,17,5663.794067357512,166569.48647619045,27073.98773993808,0.9509575047729004,106.46483672098084,57.923098780920725,30.2838792160463,29.409523809523808,0.20919689119170984,17.028985507246386,1.034833234177236
1027,Salvador,BA,industrial,Estrutural Engenharia,1796.0,10828988.97,638992.54,11237082.78,6320638.58,4322449.08,6752103.35,76,287,303,10,16,6256.727605790646,147856.35236842104,37086.08178217822,5.900758988398896,103.76853103397332,56.24803789155677,38.46593608523724,23.63157894736842,0.16870824053452116,5.574912891986061,1.4775155874962533
1028,Campinas,SP,comercial,Alfa Construcoes,2218.0,10898441.16,4609546.94,15996205.44,6502510.21,4322433.33,6716258.71,56,323,345,11,15,7211.995238954012,285646.52571428573,46365.81286956522,42.29547026338214,146.77516908298838,40.65032944463109,27.021616759130595,39.607142857142854,0.15554553651938682,6.811145510835903,1.376343623806838
1029,Rio de Janeiro,RJ,comercial,Beta Engenharia,1936.0,8512069.13,134160.12,8745676.59,5159887.7,2783258.38,5398531.11,45,358,352,11,15,4517.39493285124,194348.36866666668,24845.672130681818,1.5761164289322445,102.74442625444232,58.99929693146817,31.82439175926582,43.022222222222226,0.18181818181818182,-1.6759776536312887,1.7622037334182223
1030,Campinas,SP,comercial,Engenharia Vale Verde,5793.0,29542885.28,2810103.47,32890808.5,21152280.37,11309344.96,20938522.43,134,1028,1088,36,20,5677.681425858795,245453.7947761194,30230.522518382353,9.511946593457441,111.33241790119423,64.31061240102991,34.384514932188424,43.23134328358209,0.18781287761090973,5.836575875486383,0.6769819471065556
1031,Curitiba,PR,residencial_padrao,Estrutural Engenharia,1594.0,3952203.34,174811.54,4181446.48,2387470.1,1498163.04,2405655.52,67,263,266,8,16,2623.2412045169385,62409.64895522388,15719.723609022556,4.423141345758794,105.80038829682282,57.096751361504936,35.82882256572611,23.791044776119403,0.1668757841907152,1.1406844106463865,4.048374697239136
1032,Uberlandia,MG,residencial_popular,Construtora Planalto,2141.0,3927793.73,35523.25,3990570.1,2279423.97,1312338.09,2381112.85,59,321,326,10,17,1863.8814105558151,67636.78135593221,12241.012576687117,0.9044072179421704,101.59826035467499,57.120258832190416,32.88598012599754,36.28813559322034,0.15226529659037832,1.5576323987538832,4.328129522219081
1033,Salvador,BA,industrial,Construtora Horizonte,2811.0,18964600.22,1149112.88,19331406.93,9486164.65,5412629.94,9767449.04,72,486,517,17,19,6877.05689434365,268491.7629166667,37391.50276595745,6.059251798981503,101.93416526446558,49.07125841564394,27.99915163753682,39.041666666666664,0.18392031305585202,6.378600823045266,1.0018666241096224
1034,Goiania,GO,industrial,Delta Obras,2029.0,14645783.19,922701.69,15177374.23,7986698.36,4637961.28,8173235.56,61,305,362,12,9,7480.223868900936,248809.41360655738,41926.44814917127,6.300118457509408,103.62965252935716,52.62239857150838,30.558390468046063,33.26229508196721,0.1784130113356333,18.688524590163922,0.6145113500072235
1035,Ribeirao Preto,SP,residencial_popular,Construtora Horizonte,1772.0,3399890.81,300599.89,3497233.2,2053337.1,1160556.76,2123115.64,59,323,350,11,14,1973.607900677201,59275.13898305085,9992.094857142858,8.8414571760909,102.86310341831242,58.71318789950868,33.18499778625,30.033898305084747,0.19751693002257337,8.359133126934992,4.11777930009464
1036,Ribeirao Preto,SP,industrial,Delta Obras,5769.0,32834220.03,1897874.44,35844100.56,19238979.49,13743982.11,20422202.0,167,918,1107,36,23,6213.225959438378,214635.33269461078,32379.494634146344,5.780172144384572,109.16690126109263,53.67404730325307,38.343777344876415,34.544910179640716,0.1918876755070203,20.58823529411764,0.7004886968225631
1037,Salvador,BA,residencial_popular,Engenharia Vale Verde,3230.0,6683063.93,285970.45,7038669.75,3863986.76,2529819.3,3960582.32,119,743,713,23,13,2179.154721362229,59148.48529411765,9871.907082748949,4.279032087607159,105.32099982470167,54.89654859854733,35.94172464193252,27.142857142857142,0.22074303405572757,-4.037685060565277,1.9452155682131864
1038,Campinas,SP,residencial_padrao,Delta Obras,5182.0,14338899.73,811254.66,14965135.45,8060602.76,5321000.11,8613359.67,155,756,724,24,15,2887.9072655345426,96549.26096774192,20670.076588397787,5.657719038948883,104.3673903283512,53.862544625347844,35.555976942393805,33.43225806451613,0.13971439598610574,-4.232804232804233,1.0461053694808145
1039,Ribeirao Preto,SP,residencial_padrao,Construtora Serrana,3333.0,12815206.78,1135943.63,14194225.67,7774584.38,4895414.87,7981509.05,89,626,690,23,19,4258.693570357035,159485.68168539327,20571.34155072464,8.864028879914803,110.76080092716225,54.77286722608519,34.48877722401323,37.449438202247194,0.207020702070207,10.223642172523961,1.4826136110150228
1040,Belo Horizonte,MG,industrial,Construtora Horizonte,3741.0,21406728.69,671943.02,20865621.3,11195985.47,6056781.58,11253624.36,89,557,552,18,8,5577.551804330393,234445.18314606743,37800.03858695652,3.1389336957117293,97.47225557984123,53.65757055123013,29.027564015072006,42.03370786516854,0.1475541299117883,-0.8976660682226245,0.37371427067869284
1041,Ribeirao Preto,SP,residencial_padrao,Construtora Serrana,2272.0,9745032.31,752418.71,10321228.54,5868683.66,3129099.75,6109770.94,64,383,426,14,16,4542.794251760563,161269.1959375,24228.236009389668,7.721048900247308,105.91271749205721,56.86032081603341,30.317124922417428,35.5,0.1875,11.22715404699739,1.641862180752482
1042,Uberlandia,MG,residencial_padrao,Obras & Cia,4670.0,18367211.0,1021160.78,18872042.58,11387982.57,6496883.35,12436982.5,142,651,690,23,16,4041.1226081370446,132901.70830985915,27350.786347826084,5.559694283470692,102.748547833419,60.34313732456618,34.425968055440876,32.88732394366197,0.14775160599571735,5.990783410138256,0.8711175583489512
1043,Campinas,SP,residencial_popular,Delta Obras,2488.0,3893022.06,353137.44,4303779.96,2097531.68,1588629.02,2168505.57,61,609,601,20,8,1729.8150964630224,70553.76983606558,7161.031547420965,9.071036191354127,110.55113209402158,48.73696377358475,36.912412687566864,40.78688524590164,0.24155948553054662,-1.3136288998357948,2.054958815208974
1044,Goiania,GO,industrial,Construtora Atlantica,2725.0,15728591.51,1199938.99,17031822.42,8680414.06,6322305.97,9287001.21,73,422,453,15,23,6250.210062385322,233312.63589041098,37597.84198675497,7.629030159738696,108.28574452563934,50.965855831181216,37.120548900133485,37.32876712328767,0.16623853211009174,7.345971563981046,1.4623051266463973
1045,Sao Paulo,SP,comercial,Engenharia Mineira,2557.0,10157760.98,863688.31,10609972.81,5458280.43,3690992.98,5785934.75,72,474,531,17,17,4149.383187328901,147360.73347222223,19981.116403013184,8.502742993269369,104.45188492710527,51.44481072426047,34.78795889581549,35.513888888888886,0.20766523269456394,12.0253164556962,1.6735971670796292
1046,Belo Horizonte,MG,residencial_padrao,Construtora Planalto,3921.0,12878870.0,770770.99,13621803.81,7634768.11,4399967.36,8059988.82,141,554,637,21,13,3474.0637107880643,96608.53765957447,21384.30739403454,5.984771878278141,105.7686257412335,56.04814323045224,32.30091565971541,27.80851063829787,0.16245855649069116,14.981949458483745,1.009405328262495
1047,Rio de Janeiro,RJ,industrial,Construtora Atlantica,893.0,4428643.39,1372141.19,5647202.63,2673821.01,1894392.48,2713130.35,28,144,169,5,10,6323.855128779395,201685.8082142857,33415.40017751479,30.98332986345961,127.51540669884464,47.347707974842045,33.5456792348179,31.892857142857142,0.18924972004479285,17.361111111111114,2.2580278246336745
1048,Contagem,MG,residencial_popular,Estrutural Engenharia,1305.0,1931051.17,150108.94,2048657.27,1193351.16,731882.38,1189474.13,34,235,270,9,12,1569.8523141762453,60254.62558823529,7587.619518518519,7.773431503630222,106.09026326319464,58.25040515439657,35.72497902492006,38.38235294117647,0.20689655172413793,14.893617021276606,6.214232013333961
1049,Ribeirao Preto,SP,comercial,Estrutural Engenharia,3907.0,19668027.64,72714.13,18742493.53,10711735.72,5978307.38,11322928.97,140,614,605,20,9,4797.15728948042,133874.9537857143,30979.32814876033,0.36970727991106284,95.2942200054789,57.15213774973089,31.89707586362976,27.90714285714286,0.1548502687484003,-1.4657980456026065,0.4575954521080793
1050,Goiania,GO,residencial_padrao,Construtora Serrana,2193.0,8449695.85,725089.78,9183623.06,5149776.67,3043544.72,5480052.9,67,386,447,14,10,4187.69861377109,137069.0008955224,20545.018031319913,8.581253016343778,108.68584175133358,56.07565376273185,33.14100219614197,32.73134328358209,0.20383036935704515,15.803108808290144,1.1834745507437407
1051,Campinas,SP,residencial_popular,Construtora Atlantica,6671.0,16259441.69,486065.69,15772507.31,8478994.59,5384943.95,8854633.42,226,1032,1126,37,9,2364.3392759706194,69789.8553539823,14007.555337477797,2.989436533352456,97.00522078627412,53.75806410071653,34.14133114134534,29.51769911504425,0.16879028631389598,9.108527131782939,0.5535245411000334
1052,Goiania,GO,residencial_padrao,Engenharia Mineira,3249.0,9903613.75,135502.51,10224415.29,4915624.2,3628969.32,5103824.19,73,554,655,21,10,3146.942225300092,140060.48342465752,15609.794335877861,1.3682127900030432,103.23923719258536,48.07731357320484,35.49317214794001,44.50684931506849,0.2016004924592182,18.231046931407935,1.0097324322649397
1053,Sao Paulo,SP,industrial,Alfa Construcoes,3497.0,18246847.6,1157835.95,20110539.88,10800331.89,6017900.49,11334657.95,114,610,636,21,8,5750.7977923934795,176408.2445614035,31620.34572327044,6.34540264368734,110.21377676218438,53.704833159357236,29.924112062177024,30.67543859649123,0.1818701744352302,4.2622950819672045,0.43843189658689313
1054,Sao Paulo,SP,comercial,Construtora Atlantica,2295.0,6207238.21,366689.37,6627643.75,3455951.74,2057850.87,3715404.68,62,290,314,10,16,2887.86220043573,106897.47983870968,21107.145700636942,5.907448008185915,106.77282755675009,52.14450067567377,31.049509412753213,37.016129032258064,0.13681917211328976,8.275862068965512,2.577635891953307
1055,Ribeirao Preto,SP,industrial,Estrutural Engenharia,4485.0,29433156.41,2927721.22,31854763.61,16965327.9,10691315.72,18216080.61,105,796,808,26,16,7102.511395763657,303378.70104761905,39424.21238861386,9.947017503720051,108.22748048584165,53.258370106611494,33.56269050021684,42.714285714285715,0.18015607580824972,1.5075376884422065,0.5436046266028048
1056,Campinas,SP,industrial,Engenharia Vale Verde,967.0,5082518.6,20878.53,4748146.18,2428460.55,1531492.31,2535232.34,23,166,160,5,14,4910.182192347466,206441.13826086954,29675.913624999997,0.41079102002696066,93.42112747014836,51.145446200226296,32.254531599109285,42.04347826086956,0.1654601861427094,-3.6144578313253017,2.7545398456584107
1057,Curitiba,PR,residencial_popular,Construtora Horizonte,1830.0,2877411.99,86918.44,2944629.24,1695810.18,1029414.69,1816297.34,61,305,315,10,10,1609.0870163934428,48272.61049180328,9348.029333333334,3.0207158482021894,102.33603148362498,57.589938894989714,34.95905956567897,30.0,0.1721311475409836,3.2786885245901676,3.47534521811734
1058,Sao Paulo,SP,residencial_popular,Construtora Serrana,2501.0,3862619.25,100562.73,4097298.3,1879719.53,1250089.15,1921662.48,59,401,445,14,10,1638.2640143942422,69445.73389830509,9207.41191011236,2.603485445789149,106.07564543152938,45.877048541962395,30.510083925302677,42.389830508474574,0.17792882846861255,10.97256857855362,2.5889168340886823
1059,Campinas,SP,residencial_padrao,Delta Obras,3729.0,12030587.24,56993.73,12019526.32,6744465.71,4263849.71,7239057.76,95,792,689,22,19,3223.2572593188524,126521.32968421053,17444.88580551524,0.4737402161924724,99.90806001586337,56.112574908858804,35.474357278998,39.252631578947366,0.18476803432555644,-13.005050505050509,1.5793077778304694
1060,Ribeirao Preto,SP,residencial_popular,Alfa Construcoes,1176.0,2145916.24,183125.94,2454642.38,1400746.35,831751.89,1433252.18,33,204,197,6,23,2087.2809353741495,74383.10242424242,12460.113604060913,8.53369467952766,114.38668174672091,57.06519049019272,33.88485006113192,35.63636363636363,0.16751700680272108,-3.4313725490196068,10.718032498789421
1061,Salvador,BA,comercial,Vertice Engenharia,5261.0,20283284.24,645817.98,21330706.42,12109480.96,8265434.54,12945775.45,135,808,870,29,7,4054.4965633909906,158005.23274074076,24518.05335632184,3.1839911740052607,105.16396737139056,56.77018248512371,38.74899582439614,38.97037037037037,0.1653678007983273,7.67326732673268,0.3451117638136496
1062,Belo Horizonte,MG,residencial_padrao,Obras & Cia,1572.0,6220117.08,459405.65,6951891.08,3894508.73,2714843.84,4090642.4,43,306,331,11,15,4422.322569974554,161671.88558139536,21002.692084592145,7.385803901941987,111.76463385798519,56.02085368115405,39.05187536396211,36.55813953488372,0.21055979643765904,8.169934640522868,2.4115301701041294
1063,Uberlandia,MG,residencial_popular,Vertice Engenharia,2906.0,5172876.47,513710.39,5839137.51,3214198.89,2087279.23,3379172.06,85,566,587,19,12,2009.3384411562283,68695.7354117647,9947.4233560477,9.93084588389562,112.87989465559383,55.045781752791775,35.7463619657075,34.188235294117646,0.2019958706125258,3.7102473498233257,2.3197924925510547
1064,Ribeirao Preto,SP,residencial_padrao,Engenharia Vale Verde,3625.0,8685433.37,15773.22,8961120.69,5308289.65,3412171.67,5579901.01,117,706,760,25,16,2472.0332937931034,76590.77512820512,11790.948276315788,0.18160544590073807,103.17413430344466,59.236894955825,38.0775104815601,30.982905982905983,0.2096551724137931,7.64872521246458,1.8421648429501456
1065,Ribeirao Preto,SP,residencial_padrao,Obras & Cia,5167.0,16226948.54,1595785.83,17652113.81,9862046.19,6071223.94,10184171.95,142,923,922,30,16,3416.3177491774723,124310.6606338028,19145.459663774403,9.834170768868415,108.78270653590178,55.868924799324084,34.3937502632723,36.38732394366197,0.17844010063866847,-0.10834236186348933,0.9860140962769086
1066,Sao Paulo,SP,comercial,Engenharia Vale Verde,3417.0,12651099.77,225748.45,13432269.28,6763373.51,3848350.07,6723771.56,97,567,590,19,19,3931.0123734269823,138477.00288659794,22766.558101694915,1.784417592969469,106.17471622390026,50.351681975809825,28.650036637740783,35.22680412371134,0.1726660813579163,4.056437389770728,1.5018457166115606
1067,Rio de Janeiro,RJ,comercial,Obras & Cia,3634.0,20324986.5,212630.04,20303606.93,10555526.95,6561508.91,10979987.28,86,486,497,16,22,5587.123536048432,236088.4526744186,40852.32782696177,1.0461509531629947,99.89481139384766,51.98843233319036,32.31696187097137,42.25581395348837,0.1367638965327463,2.263374485596703,1.0824115430531773
1068,Sao Paulo,SP,industrial,Estrutural Engenharia,2845.0,17405573.56,555468.4,19673907.69,11490573.78,6468427.98,12399132.71,85,507,569,18,15,6915.25753602812,231457.73752941177,34576.2876801406,3.1913248827176255,113.03222856851379,58.40514228823241,32.87820641390841,33.470588235294116,0.2,12.228796844181456,0.8617929164064848
1069,Sao Paulo,SP,comercial,Construtora Serrana,3002.0,14216295.78,973193.69,14306843.31,8250225.85,4585907.22,8305758.33,86,494,491,16,18,4765.770589606929,166358.6431395349,29138.173747454177,6.845620723290832,100.63692772998847,57.66629067806572,32.05394174405059,34.906976744186046,0.16355762824783476,-0.6072874493927127,1.2661526095512907
1070,Uberlandia,MG,industrial,Delta Obras,2225.0,13256708.99,59884.69,12913942.65,7476802.26,4544288.2,7426271.13,88,371,382,12,14,5804.019168539326,146749.34829545455,33806.132591623034,0.45173119546618334,97.41439341952395,57.89713074186527,35.18900713098645,25.28409090909091,0.17168539325842697,2.96495956873315,1.0560690447803214
1071,Sao Paulo,SP,comercial,Construtora Atlantica,3337.0,17230114.72,1692629.06,18257436.23,9243138.3,6548349.01,10050511.84,101,834,762,25,11,5471.212535211268,180766.69534653466,23959.890065616797,9.823666803769257,105.96236024364671,50.626704557850175,35.86675000534837,33.039603960396036,0.22834881630206771,-8.633093525179858,0.6384171074166823
1072,Ribeirao Preto,SP,residencial_padrao,Engenharia Mineira,3039.0,9298471.31,792167.6,16232006.3,8367717.44,3602123.27,8400608.74,82,499,518,17,21,5341.232741033235,197951.29634146343,31335.9194980695,8.519331550209406,174.56639654889682,51.55072814381547,22.191485164714358,37.0609756097561,0.17045080618624547,3.8076152304609145,2.25843574711207
1073,Rio de Janeiro,RJ,residencial_popular,Vertice Engenharia,8351.0,14561155.49,146187.66,14738193.09,7471529.82,4825981.9,7934099.7,221,1517,1712,57,19,1764.841706382469,66688.65651583711,8608.757646028038,1.003956451810405,101.21582109415411,50.69501922233264,32.74473248199247,37.78733031674208,0.20500538857621842,12.854317732366516,1.3048415019706654
1074,Goiania,GO,comercial,Obras & Cia,3884.0,21184889.98,518598.7,25745340.24,11077570.95,14162806.67,11441541.42,263,517,535,17,16,6628.563398558187,97891.02752851711,48122.131289719626,2.4479650377679234,121.526900844448,43.027479329206955,55.01114585386424,14.7680608365019,0.13774459320288363,3.481624758220514,0.7552552793573677
1075,Goiania,GO,residencial_padrao,Delta Obras,3096.0,9915582.44,944211.06,11239443.48,6922325.58,4038203.94,7390872.92,105,522,587,19,18,3630.3112015503875,107042.31885714286,19147.263168654175,9.522497197854976,113.3513189770827,61.589575963595664,35.92886024282049,29.485714285714284,0.18959948320413436,12.45210727969348,1.8153245267153464
1076,Salvador,BA,residencial_popular,Construtora Horizonte,3810.0,8001291.71,320412.72,8232903.94,4638695.12,2157697.32,4923912.58,227,824,894,29,16,2160.8671758530186,36268.29929515419,9209.064809843401,4.004512416408325,102.894685488226,56.343365036274186,26.20821687857565,16.784140969162994,0.2346456692913386,8.495145631067968,1.9996771246326674
1077,Rio de Janeiro,RJ,residencial_padrao,Construtora Serrana,2088.0,7969360.31,633131.43,9181332.84,5049027.99,3325855.97,5546388.71,58,401,417,13,14,4397.1900574712645,158298.84206896552,22017.58474820144,7.944570271286933,115.20790230150857,54.992320592093904,36.224108503183295,36.0,0.1997126436781609,3.990024937655856,1.7567282009363685
1078,Salvador,BA,comercial,Beta Engenharia,2057.0,10587482.73,136610.35,10633111.24,5803049.41,3792763.37,6200583.98,68,398,453,15,13,5169.232493923189,156369.28294117647,23472.65174392936,1.290300569869265,100.43096655894144,54.57527226998145,35.66936604342343,30.25,0.22022362664073894,13.819095477386934,1.2278650489000609
1079,Rio de Janeiro,RJ,residencial_padrao,Construtora Planalto,3722.0,12686498.09,434783.6,13211614.52,7655117.6,4772452.57,8183010.26,133,594,609,20,13,3549.6008919935516,99335.447518797,21693.94830870279,3.4271364478643136,104.13917557291809,57.9423323955716,36.12315938203744,27.984962406015036,0.16362170875873186,2.5252525252525304,1.0247114615692974
1080,Sao Paulo,SP,residencial_popular,Construtora Serrana,7311.0,15562940.09,627404.68,16361664.6,9500775.48,5786062.8,10013085.09,186,1228,1217,40,13,2237.95166187936,87965.93870967742,13444.260147904683,4.0314020125486465,105.13222119587302,58.06729151506993,35.3635338546177,39.306451612903224,0.16646149637532484,-0.895765472312704,0.8353177436153711
1081,Campinas,SP,industrial,Delta Obras,2985.0,18823974.1,1256481.3,19854645.78,11520656.76,7174779.59,11669913.87,70,533,489,16,10,6651.472623115578,283637.7968571429,40602.547607361965,6.674899218013692,105.47531395084103,58.0249926775576,36.136527790525,42.642857142857146,0.16381909547738693,-8.25515947467167,0.5312374500132785
1082,Rio de Janeiro,RJ,industrial,Alfa Construcoes,2600.0,14811813.2,419945.66,15387065.85,8657408.19,5574654.77,9250302.48,106,455,398,13,15,5918.10225,145160.99858490567,38660.96947236181,2.835207643585459,103.8837422686373,56.26419146051812,36.22948536351392,24.528301886792452,0.15307692307692308,-12.527472527472527,1.0127051831844598
1083,Sao Paulo,SP,residencial_popular,Construtora Planalto,5028.0,10543256.43,421388.8,10800056.78,6149621.93,3608973.66,6456846.1,125,905,1008,33,17,2147.9826531424023,86400.45423999999,10714.342043650793,3.9967613687263794,102.43568343144244,56.94064443613046,33.41624709495278,40.224,0.20047732696897375,11.38121546961326,1.6124050584246294
1084,Sao Paulo,SP,residencial_padrao,Construtora Atlantica,4227.0,13720278.33,458409.96,13813215.86,7300194.75,5059474.78,7455916.99,113,844,872,29,15,3267.8532907499407,122240.84831858406,15840.843876146788,3.341112687179722,100.6773735033989,52.84934966621162,36.62778335819043,37.4070796460177,0.20629287911048025,3.3175355450236976,1.093272282035404
1085,Uberlandia,MG,comercial,Delta Obras,1497.0,8279024.06,533847.36,8921579.58,4949102.78,3241582.82,5173739.82,35,265,302,10,12,5959.638997995992,254902.27371428572,29541.654238410596,6.448191914059977,107.76124716323146,55.47339163005034,36.334180409787926,42.77142857142857,0.2017368069472278,13.962264150943394,1.449446204411683
1086,Belo Horizonte,MG,residencial_padrao,Construtora Horizonte,3743.0,14411697.91,199355.68,14524752.37,7341032.39,4983750.76,7357301.38,122,605,699,23,26,3880.510919048891,119055.34729508196,20779.331001430615,1.3832907215025019,100.78446315420997,50.54153215832071,34.31212204549274,30.68032786885246,0.18674859738177932,15.537190082644624,1.804089994278821
1087,Goiania,GO,residencial_padrao,Vertice Engenharia,6110.0,20222197.44,279061.3,20767320.66,11473459.94,7337340.93,11906583.11,218,1282,1413,47,13,3398.906818330606,95262.93880733945,14697.325307855626,1.3799751526904287,102.69566757825108,55.247665925913424,35.331187157582995,28.027522935779817,0.23126022913256955,10.21840873634945,0.6428579306760046
1088,Ribeirao Preto,SP,comercial,Alfa Construcoes,4436.0,20522066.12,2035875.16,31068817.6,19050386.74,8532735.28,20559366.07,107,642,705,23,17,7003.7911632100995,290362.7813084112,44069.24482269504,9.920420040046142,151.392249778016,61.31674203140578,27.463984596568615,41.45794392523364,0.15892696122633002,9.81308411214954,0.8283766313096743
1089,Sao Paulo,SP,comercial,Obras & Cia,1722.0,8593651.69,715095.01,9086844.95,5471576.47,3409444.24,5989307.7,51,339,349,11,15,5276.913443670151,178173.43039215685,26036.805014326645,8.321200763025107,105.73904176933193,60.214260286239394,37.52066045762122,33.76470588235294,0.20267131242741,2.9498525073746285,1.7454745131752019
1090,Goiania,GO,comercial,Construtora Atlantica,2488.0,11809103.24,5829663.89,17799379.58,6628695.18,3946262.01,6913232.71,73,430,512,17,14,7154.091471061092,243827.11753424656,34764.4132421875,49.36584744431449,150.72592065847667,37.241158604473114,22.170784056058658,34.082191780821915,0.2057877813504823,19.069767441860463,1.1855260908024714
1091,Belo Horizonte,MG,residencial_popular,Engenharia Vale Verde,1044.0,1645811.88,88699.68,1698822.98,1028243.7,586182.04,1119400.93,29,173,180,6,15,1627.2250766283526,58580.10275862069,9437.905444444445,5.389417896290796,103.22096958007134,60.52683017038068,34.50518664399042,36.0,0.1724137931034483,4.046242774566466,9.114042851604644
1092,Campinas,SP,comercial,Beta Engenharia,1096.0,4515279.34,339319.09,4955103.83,2819074.95,1677166.99,3046211.51,27,178,200,6,16,4521.080136861314,183522.36407407408,24775.51915,7.514908036675314,109.74080354461526,56.89234871189369,33.847262288346435,40.592592592592595,0.18248175182481752,12.35955056179776,3.5435238432003633
1093,Salvador,BA,residencial_padrao,Construtora Planalto,4226.0,13733552.98,1201801.52,15595327.01,7048543.76,4795087.01,7149957.41,127,729,677,22,11,3690.328208707998,122797.85047244094,23035.9335450517,8.750841983499596,113.55639019786996,45.19651146449413,30.74694751142637,33.275590551181104,0.16019876952200662,-7.133058984910834,0.8009580635119813
1094,Ribeirao Preto,SP,comercial,Construtora Serrana,7338.0,30906007.94,152858.45,29988077.19,14204595.97,10390676.65,14489603.24,212,1554,1536,51,15,4086.6826369582996,141453.19429245283,19523.48775390625,0.49459137620347093,97.02992779985676,47.367478348150804,34.64935942430126,34.613207547169814,0.20932134096484056,-1.158301158301156,0.4853425272238508
1095,Curitiba,PR,industrial,Beta Engenharia,3673.0,17672859.57,996917.41,18221583.76,10483138.01,6371738.71,10574429.11,109,583,640,21,14,4960.953923223524,167170.4932110092,28471.224625000003,5.64095134718484,103.10489758506014,57.531431669581714,34.96808397076457,33.69724770642202,0.17424448679553498,9.7770154373928,0.7921751397699812
1096,Campinas,SP,residencial_popular,Estrutural Engenharia,2622.0,5211304.85,112135.96,5636536.52,2823228.44,1816114.65,3090157.81,88,530,535,17,16,2149.708817696415,64051.55136363636,10535.58228037383,2.1517827727924996,108.15979264770894,50.08800049431774,32.220400658381614,29.795454545454547,0.2040427154843631,0.9433962264151052,3.0702483275373926
1097,Belo Horizonte,MG,residencial_padrao,Engenharia Vale Verde,2153.0,6236389.26,224983.16,6290887.24,4034127.79,2257958.79,4343153.16,66,367,364,12,4,2921.916971667441,95316.47333333334,17282.657252747253,3.6075868683027013,100.87387072435565,64.12653153833989,35.892533181058894,32.621212121212125,0.16906641895030192,-0.8174386920980936,0.6413967815729321
1098,Uberlandia,MG,industrial,Construtora Horizonte,968.0,4766603.26,406296.83,5166004.17,3107984.6,1871795.59,3336349.25,31,150,166,5,12,5336.7811673553715,166645.2958064516,31120.507048192772,8.523823105009164,108.37915153022406,60.16225496000713,36.232947717500586,31.225806451612904,0.17148760330578514,10.666666666666668,2.5175160057268955
1099,Belo Horizonte,MG,residencial_popular,Engenharia Mineira,3956.0,6577292.46,643676.3,6964452.15,3854547.23,2505881.59,3955629.74,112,612,672,22,21,1760.4782987866533,62182.60848214286,10363.768080357144,9.786341475835789,105.88630796569444,55.34602215624383,35.98102960618373,35.32142857142857,0.1698685540950455,9.80392156862746,3.1928031371133527
1100,Goiania,GO,industrial,Construtora Horizonte,6917.0,38196511.97,1648252.08,39926031.38,21301097.7,11808886.14,22256517.21,254,1021,1195,39,11,5772.160095417089,157189.09992125985,33410.90492050209,4.315190039589367,104.52795116831189,53.351402490432044,29.576909429358867,27.23228346456693,0.17276275842128092,17.04211557296769,0.28798441094934357
1101,Contagem,MG,comercial,Construtora Planalto,2074.0,8420565.87,291124.9,8701618.77,5391400.49,2919680.47,5822605.19,58,312,316,10,14,4195.573177434908,150027.9098275862,27536.76825949367,3.45730803005998,103.33769611614001,61.95859221720421,33.55330251959545,35.758620689655174,0.1523625843780135,1.2820512820512775,1.662596102938626
1102,Contagem,MG,comercial,Engenharia Mineira,4151.0,20568928.54,1375953.66,22956738.11,13957095.12,7776633.13,14811151.68,130,689,690,23,21,5530.411493615996,176590.29315384614,33270.634942028984,6.68947659244481,111.6088184435882,60.797379197004744,33.87516594359929,31.93076923076923,0.16622500602264514,0.14513788098693414,1.0209574095783214
1103,Salvador,BA,industrial,Engenharia Mineira,2673.0,18909488.2,1611363.22,19280918.42,11218285.14,6783298.06,11863486.74,94,446,539,17,18,7213.213026561916,205116.15340425534,35771.64827458256,8.521453372809953,101.96425316260016,58.18335462880923,35.18140532643776,28.43617021276596,0.20164609053497942,20.852017937219735,0.9519030768902567
1104,Contagem,MG,residencial_popular,Obras & Cia,2447.0,3102063.19,166421.94,3351388.6,1632043.22,1106486.06,1656974.41,81,404,356,11,17,1369.5907642010625,41375.16790123457,9414.012921348314,5.36487910808806,108.03740590468114,48.69752257318056,33.01574935237292,30.209876543209877,0.1454842664487127,-11.881188118811881,5.4802236314212545
1105,Ribeirao Preto,SP,residencial_popular,Delta Obras,2629.0,3101754.33,188342.07,3411787.39,1497366.03,1158555.31,1519227.54,67,481,520,17,17,1297.7510041841006,50922.19985074627,6561.129596153846,6.072114357296633,109.99540992016605,43.88802287003001,33.957429862005554,39.23880597014925,0.19779383796120198,8.108108108108114,5.480769329658678
1106,Goiania,GO,comercial,Construtora Horizonte,3598.0,12450739.27,859258.85,13006326.98,6861745.76,4543533.58,6883109.6,99,531,569,18,8,3614.876870483602,131377.0402020202,22858.21964850615,6.901267718860521,104.46228692089544,52.75698335549611,34.93325661415903,36.343434343434346,0.15814341300722623,7.1563088512241135,0.6425321281344285
1107,Campinas,SP,residencial_popular,Engenharia Vale Verde,4320.0,5747772.13,55644.27,5956024.83,3340161.46,2158220.08,3693499.92,115,661,837,27,14,1378.709451388889,51791.52026086957,7115.919749103943,0.9681015311927474,103.62318991236697,56.08038171996673,36.235914751886625,37.56521739130435,0.19375,26.626323751891068,2.43572634463503
1108,Campinas,SP,residencial_padrao,Engenharia Vale Verde,3713.0,11001537.59,1093050.06,12932686.12,7282055.93,4242327.63,7846254.4,107,640,700,23,9,3483.082714785887,120866.22542056075,18475.265885714285,9.93542994384297,117.55344209117955,56.30737390849164,32.803143837530946,34.700934579439256,0.18852679773767841,9.375,0.818067467967448
1109,Salvador,BA,residencial_padrao,Engenharia Vale Verde,4277.0,17368168.47,270522.55,17439614.35,9238039.07,5889179.9,9629557.51,129,635,578,19,18,4077.5343348141223,135190.8089147287,30172.34316608997,1.5575767270295253,100.41136104894083,52.97157886980454,33.76898010362253,33.15503875968992,0.13514145429039046,-8.976377952755909,1.0363787080423223
1110,Uberlandia,MG,industrial,Engenharia Mineira,1697.0,12211218.23,1059082.67,13652322.55,6681580.57,5117895.74,7096811.76,62,283,305,10,17,8044.974985268121,220198.75080645163,44761.71327868853,8.67303040574683,111.80147871290644,48.940980888266516,37.48736320326683,27.370967741935484,0.17972893341190335,7.773851590106018,1.3921624918826792
1111,Sao Paulo,SP,residencial_padrao,Engenharia Mineira,3448.0,13320055.44,938848.55,13032472.15,7002379.32,4496990.95,6984432.52,97,492,473,15,16,3779.7193010440837,134355.38298969073,27552.795243128963,7.0483832010236735,97.84097527750231,53.730245799911415,34.50604688228703,35.54639175257732,0.13718097447795824,-3.861788617886175,1.2011962016278215
1112,Campinas,SP,comercial,Alfa Construcoes,6240.0,25710107.44,404994.2,24649090.1,15393176.89,9072826.57,16078558.16,164,1280,1465,48,13,3950.1746955128206,150299.3298780488,16825.31747440273,1.5752334016695186,95.87315089026326,62.4492702470993,36.80795734524902,38.048780487804876,0.23477564102564102,14.453125,0.505637715841455
1113,Sao Paulo,SP,industrial,Engenharia Vale Verde,2331.0,12767851.42,725941.36,13597387.4,7833045.95,4755498.05,8345295.78,70,299,276,9,20,5833.285027885028,194248.39142857143,49265.896376811594,5.6856971162968,106.49706793032215,57.60699257564729,34.97361596096027,33.3,0.11840411840411841,-7.692307692307687,1.5664342685466495
1114,Sao Paulo,SP,residencial_popular,Engenharia Vale Verde,9087.0,18618105.05,1760702.38,20395939.19,11040545.29,7010446.03,11721922.68,216,1478,1444,48,18,2244.518453835149,94425.64439814816,14124.611627423823,9.456936542529606,109.54895321100362,54.131095347710726,34.371773541260495,42.06944444444444,0.15890833058215031,-2.3004059539918797,0.9668008614013057
1115,Goiania,GO,residencial_popular,Alfa Construcoes,4135.0,8213659.49,769348.59,8732654.56,4499694.68,2627971.03,4756665.31,119,732,595,19,10,2111.887438935913,73383.6517647059,14676.730352941177,9.366696914288566,106.31868256325781,51.52722633288267,30.0936102755907,34.747899159663866,0.14389359129383314,-18.715846994535525,1.2174841204672342
1116,Campinas,SP,comercial,Vertice Engenharia,3570.0,12589677.11,287004.06,12821043.22,7200318.59,5381932.82,7887900.07,106,646,661,22,17,3591.3286330532214,120953.23792452831,19396.43452344932,2.2796776874605644,101.83774459009936,56.160161590969196,41.97733934477759,33.679245283018865,0.18515406162464987,2.3219814241486114,1.350312629264882
1117,Curitiba,PR,residencial_padrao,Construtora Planalto,2446.0,9442126.4,602347.94,10737419.25,5944554.23,4333188.1,6305505.08,61,451,442,14,16,4389.787101390025,176023.2663934426,24292.803733031673,6.379367469598796,113.71823247356654,55.36297029661015,40.35595517982591,40.09836065573771,0.18070318887980377,-1.9955654101995512,1.6945335533741634
1118,Goiania,GO,comercial,Construtora Serrana,1567.0,5559432.6,119803.07,5378073.39,2981493.18,2063842.75,3129367.87,66,267,276,9,23,3432.0825717932353,81485.96045454545,19485.77315217391,2.1549513883844913,96.7378107974544,55.4379415041787,38.37513176814421,23.742424242424242,0.1761327377153797,3.370786516853941,4.137112841335643
1119,Belo Horizonte,MG,comercial,Vertice Engenharia,2452.0,13961925.54,406752.01,14611499.47,8103294.73,5258653.91,8697495.44,79,365,343,11,16,5959.0128344208815,184955.68949367088,42599.123819241984,2.913294508230131,104.65246665396558,55.45833777455559,35.98983061797969,31.037974683544302,0.1398858075040783,-6.02739726027397,1.1459737379461774
1120,Contagem,MG,residencial_padrao,Alfa Construcoes,2947.0,8604818.38,606663.96,9113762.86,4610109.95,3278073.99,4681554.83,76,583,585,19,12,3092.5561112996265,119917.93236842104,15579.08181196581,7.050281983987674,105.91464523159406,50.58404547954191,35.96839242314892,38.776315789473685,0.1985069562266712,0.34305317324185847,1.3945674934745105
1121,Sao Paulo,SP,residencial_padrao,Construtora Serrana,3516.0,10916194.78,427980.36,10627044.37,5826539.1,4356295.68,6140999.72,99,546,612,20,7,3022.481333902161,107343.88252525251,17364.45158496732,3.920600251509986,97.35117945559413,54.827465635207474,40.992542501259926,35.515151515151516,0.17406143344709898,12.08791208791209,0.6412490928455199
1122,Contagem,MG,industrial,Engenharia Mineira,2085.0,14972015.4,962698.23,15009927.83,7494148.41,4015301.58,7816218.68,61,368,418,13,19,7199.0061534772185,246064.39065573772,35908.91825358852,6.429984235789658,100.25322195434023,49.92794432376695,26.75097192655856,34.18032786885246,0.20047961630695443,13.586956521739136,1.2690342276832016
1123,Curitiba,PR,industrial,Construtora Horizonte,1025.0,6719442.26,273724.8,7058075.87,4159036.07,2223683.2,4617622.46,33,155,141,4,11,6885.927678048781,213881.08696969697,50057.275673758864,4.073623812938307,105.03960889753967,58.92591899837427,31.505515681003864,31.060606060606062,0.1375609756097561,-9.03225806451613,1.6370406314050236
1124,Goiania,GO,comercial,Engenharia Vale Verde,4537.0,21169046.62,567510.61,22625919.55,12230070.81,6710346.73,12546863.85,120,718,663,22,12,4986.978080229226,188549.32958333334,34126.57549019608,2.680851056673614,106.8820904226437,54.05336469518208,29.657785687653966,37.80833333333333,0.14613180515759314,-7.660167130919215,0.566865396227277
1125,Rio de Janeiro,RJ,industrial,Vertice Engenharia,2483.0,11823245.9,805552.59,12352754.24,7175237.26,4623310.29,7502612.38,75,406,399,13,10,4974.931228352799,164703.38986666666,30959.28380952381,6.81329473152546,104.47853613532642,58.086133024208856,37.42736397223102,33.10666666666667,0.16069271043093034,-1.7241379310344862,0.8457914251787658
1126,Contagem,MG,residencial_padrao,Vertice Engenharia,1666.0,5452696.05,234442.51,5416357.12,2984440.66,1859987.47,3164239.07,47,344,326,10,15,3251.1147178871547,115241.64085106383,16614.59239263804,4.299570484953036,99.3335603219622,55.10051486413068,34.34019265701594,35.4468085106383,0.19567827130852342,-5.232558139534882,2.750932724372194
1127,Ribeirao Preto,SP,residencial_padrao,Engenharia Mineira,985.0,3305243.31,68748.42,3358502.49,1921090.63,1104638.09,2010265.76,36,238,267,8,11,3409.6471979695434,93291.73583333334,12578.661011235956,2.0799806111701953,101.6113542939143,57.20081005507903,32.89079264609984,27.36111111111111,0.27106598984771574,12.184873949579833,3.3280454624080305
1128,Campinas,SP,comercial,Delta Obras,1473.0,6449255.95,445257.89,6972691.63,3961196.83,2507557.64,4187611.01,34,286,299,9,19,4733.667094365241,205079.16558823528,23320.03889632107,6.904019524918994,108.11621811970417,56.810153670885924,35.96254894180657,43.3235294117647,0.20298710115410726,4.545454545454541,2.94607628341995
1129,Campinas,SP,residencial_padrao,Delta Obras,1464.0,4479020.24,207749.55,4758207.28,2654178.08,1634298.88,2756326.7,40,252,263,8,15,3250.1415846994537,118955.182,18092.042889733842,4.638281116586336,106.23321675367112,55.781052060430625,34.34694589429487,36.6,0.1796448087431694,4.365079365079372,3.348946688394513
1130,Salvador,BA,residencial_popular,Engenharia Mineira,12799.0,17352287.0,692695.15,17633453.65,10105663.57,6196337.85,10841918.19,313,2079,2371,79,5,1377.7212008750682,56336.9126198083,7437.137768873892,3.991953049185966,101.62034347403312,57.30961030427526,35.139672425996935,40.891373801916934,0.18524884756621612,14.045214045214038,0.2881464558533408
1131,Belo Horizonte,MG,residencial_padrao,Alfa Construcoes,3596.0,13251366.12,405227.08,13316228.61,7401659.64,4653873.6,7834597.94,88,783,883,29,15,3703.066910456062,151320.7796590909,15080.666602491505,3.0580022944834315,100.48947775959572,55.58375315396451,34.94888632735781,40.86363636363637,0.24555061179087875,12.771392081736899,1.1319587629052696
1132,Ribeirao Preto,SP,residencial_popular,Vertice Engenharia,3833.0,4586081.15,54044.17,4432418.58,2447308.13,1535500.32,2655540.14,112,703,709,23,20,1156.3836629272112,39575.16589285714,6251.648208744711,1.1784390252230925,96.64937089043877,55.2138315871783,34.64249353453437,34.223214285714285,0.1849726063135925,0.8534850640113723,4.361021827971797
1133,Curitiba,PR,comercial,Obras & Cia,2458.0,10654170.29,200863.32,10981540.63,5266827.84,4091215.72,5550492.07,52,480,500,16,22,4467.673161106591,211183.47365384616,21963.081260000003,1.8853023232464219,103.07269671020063,47.960737181190936,37.25538936516233,47.26923076923077,0.20341741253051263,4.166666666666674,2.0649191256731827
1134,Salvador,BA,residencial_popular,Alfa Construcoes,3334.0,6002866.46,170512.21,6043982.1,3302596.12,1825635.74,3481113.67,89,573,527,17,18,1812.8320635872824,67909.91123595505,11468.656736242883,2.8405131304553457,100.68493344427989,54.64271841572794,30.205842932592407,37.46067415730337,0.15806838632273545,-8.027923211169286,2.998567454389115
1135,Contagem,MG,residencial_popular,Construtora Planalto,2073.0,3585978.82,78948.15,3552185.37,1877285.73,1374172.23,1935134.1,54,372,397,13,14,1713.5481765557165,65781.21055555556,8947.570201511335,2.2015788146791118,99.05762271066621,52.84875462453695,38.68526236287044,38.388888888888886,0.19150988904968644,6.720430107526876,3.9040944474959285
1136,Salvador,BA,residencial_padrao,Construtora Atlantica,1358.0,3501090.95,261205.18,3782434.78,1891359.61,1370400.18,1959499.54,28,294,313,10,10,2785.2980706921944,135086.95642857143,12084.456166134185,7.460679649010546,108.0358903558332,50.003760011957176,36.23063607722008,48.5,0.23048600883652431,6.4625850340136015,2.8562525632189018
1137,Campinas,SP,residencial_popular,Obras & Cia,3199.0,3898484.24,207248.46,4340117.58,2308345.65,1552869.05,2494739.14,93,577,500,16,17,1356.7107158487026,46667.93096774194,8680.23516,5.316129224623978,111.32833462474123,53.18624685739505,35.779423515065226,34.39784946236559,0.15629884338855893,-13.344887348353552,4.360669160996788
1138,Uberlandia,MG,residencial_popular,Beta Engenharia,3176.0,5253357.8,174497.13,5526580.74,2743752.27,2107945.43,2765892.75,100,421,480,16,15,1740.1072858942066,55265.807400000005,11513.709875,3.321630405604583,105.20092006678092,49.64647037799361,38.1419457919654,31.76,0.15113350125944586,14.014251781472687,2.8553166509998618
1139,Ribeirao Preto,SP,industrial,Estrutural Engenharia,2288.0,13878888.53,875635.74,14714301.55,8074718.7,5055374.14,8129147.46,70,339,318,10,14,6431.075852272727,210204.30785714288,46271.38852201258,6.30912005746904,106.01930780115576,54.8766699701081,34.35687465573247,32.68571428571428,0.13898601398601398,-6.194690265486724,1.0087263090079737
1140,Curitiba,PR,residencial_padrao,Estrutural Engenharia,2455.0,9488150.65,798968.85,9882279.22,5700584.08,3229137.95,5886936.79,67,437,490,16,11,4025.3683177189414,147496.7047761194,20167.916775510206,8.420701562111052,104.1539029526265,57.68491208448165,32.676044443925356,36.64179104477612,0.19959266802443992,12.12814645308924,1.1593407826002426
1141,Rio de Janeiro,RJ,residencial_padrao,Construtora Atlantica,2147.0,6323908.12,2909909.81,9356568.96,4099944.72,2771512.52,4178165.47,60,424,418,13,12,4357.973432696786,155942.81600000002,22384.136267942587,46.01442264471104,147.95548547596547,43.818890637450075,29.621034503656347,35.78333333333333,0.19469026548672566,-1.4150943396226467,1.8975607760727553
1142,Belo Horizonte,MG,comercial,Estrutural Engenharia,2773.0,10116727.88,224963.58,10056957.74,6661555.41,3383748.58,7009025.67,97,376,428,14,16,3626.7427839884604,103679.97670103093,23497.56481308411,2.2236792633785853,99.40919494218915,66.2382758506053,33.64584666137814,28.587628865979383,0.15434547421565092,13.829787234042556,1.5815390301869026
1143,Salvador,BA,residencial_padrao,Delta Obras,3312.0,8927019.17,658381.18,9818094.01,5437432.88,2718715.94,5548886.77,86,475,540,18,8,2964.400365338164,114163.8838372093,18181.655574074073,7.375151407902712,109.981773568881,55.3817561174483,27.690872966086012,38.51162790697674,0.16304347826086957,13.684210526315788,0.8961557993383362
1144,Uberlandia,MG,comercial,Delta Obras,1301.0,5847301.36,252571.65,6044834.24,2876818.38,2056628.25,2992411.35,37,234,237,7,14,4646.2984166026135,163373.8983783784,25505.629704641353,4.319456693779846,103.37818880605805,47.5913526455938,34.02290564711994,35.16216216216216,0.18216756341275941,1.2820512820512775,2.3942668828001024
1145,Uberlandia,MG,residencial_popular,Beta Engenharia,2560.0,4345824.69,330127.55,4406488.91,2507650.9,1542196.68,2636019.57,64,576,513,17,16,1721.28473046875,68851.38921875,8589.646998050683,7.596430448739522,101.39591963153948,56.90814049955251,34.99831070719749,40.0,0.200390625,-10.9375,3.6816947625192857
1146,Contagem,MG,residencial_padrao,Obras & Cia,2366.0,8278537.36,819805.41,9230445.87,4980442.71,2647008.67,5344398.95,57,363,355,11,17,3901.287349957734,161937.64684210526,26001.255971830982,9.90278082165954,111.49851077074801,53.956686168183985,28.676931832763135,41.50877192982456,0.15004226542688082,-2.203856749311295,2.0535028424393076
1147,Salvador,BA,residencial_padrao,Delta Obras,6499.0,18234572.72,1652247.05,20332645.71,11229647.09,6434879.21,11930809.28,171,1070,1142,38,13,3128.5806601015543,118904.36087719299,17804.418309982488,9.061068089562562,111.50601674202542,55.22964030439499,31.648017192544685,38.005847953216374,0.17571934143714418,6.728971962616814,0.7129314297417768
1148,Curitiba,PR,comercial,Estrutural Engenharia,2222.0,10016086.87,189015.79,9746677.25,4849830.91,2815504.57,5097079.44,75,390,430,14,12,4386.4434068406845,129955.69666666667,22666.691279069768,1.8871221111923127,97.31023079675028,49.75881303548858,28.886814426937136,29.626666666666665,0.1935193519351935,10.256410256410264,1.1980726760609657
1149,Contagem,MG,residencial_padrao,Construtora Planalto,2567.0,8990792.85,49390.91,8852527.53,4809170.37,3375577.65,5106383.38,91,393,378,12,20,3448.5888313206074,97280.5223076923,23419.385,0.5493498829750038,98.46214541579612,54.32539298750987,38.131230188899515,28.208791208791208,0.1472536034281262,-3.8167938931297662,2.224497920670033
1150,Goiania,GO,residencial_padrao,Construtora Planalto,3225.0,10016641.94,905408.46,10800560.66,6042079.83,4062717.63,6242349.42,101,639,616,20,7,3349.011057364341,106936.24415841584,17533.377694805196,9.03904188073633,107.82616294658129,55.94227948162832,37.615803085540925,31.93069306930693,0.1910077519379845,-3.5993740219092296,0.6988369996581909
1151,Ribeirao Preto,SP,industrial,Beta Engenharia,7365.0,53637792.9,1203717.32,56034073.97,34006197.18,18844018.16,35810002.28,295,1185,1143,38,15,7608.156682959945,189946.01345762712,49023.68676290464,2.2441589314537214,104.46752362549205,60.68842540024223,33.62957005426532,24.966101694915253,0.15519348268839103,-3.544303797468351,0.2796535649400294
1152,Goiania,GO,comercial,Alfa Construcoes,4975.0,19660076.13,1186300.71,19498018.78,10516128.89,6484108.69,10552613.73,133,882,850,28,12,3919.1997547738697,146601.64496240602,22938.845623529414,6.034059594457939,99.17570334454246,53.93434588742354,33.25521820017449,37.40601503759399,0.1708542713567839,-3.628117913832196,0.6103740352098016
1153,Campinas,SP,comercial,Alfa Construcoes,4030.0,17768196.48,1643491.5,18735630.16,10328855.56,6640275.86,10699712.14,108,749,816,27,17,4649.039741935484,173478.05703703704,22960.331078431373,9.24962475426206,105.44474888652289,55.12948041668645,35.44196700774329,37.31481481481482,0.20248138957816378,8.945260347129501,0.9567656469318826
1154,Goiania,GO,residencial_popular,Construtora Horizonte,649.0,1068246.05,61086.79,1118583.17,549618.7,354801.03,594031.83,25,120,337,11,10,1723.5487981510014,44743.326799999995,3319.237893175074,5.718419459636663,104.7121278847696,49.13525562877904,31.718788509932615,25.96,0.5192604006163328,180.83333333333331,9.361139224432424
1155,Salvador,BA,comercial,Vertice Engenharia,1793.0,9155699.25,160048.39,8835289.5,4716775.1,2863556.47,5135649.72,63,246,257,8,10,4927.657278304518,140242.69047619047,34378.558365758756,1.7480739114491994,96.5004338691007,53.38563156306309,32.41044303075751,28.46031746031746,0.14333519241494702,4.471544715447151,1.0922158676192866
1156,Contagem,MG,industrial,Construtora Planalto,1576.0,9590502.42,664551.41,9584260.64,5125786.62,2836119.91,5266413.47,51,297,359,11,15,6081.383654822335,187926.67921568628,26697.104846796658,6.929265860088277,99.93491706975661,53.48129409802862,29.591431374095016,30.901960784313726,0.22779187817258884,20.87542087542087,1.5640473609306487
1157,Uberlandia,MG,comercial,Beta Engenharia,1226.0,4955768.84,257735.62,5053262.88,2962841.79,1586315.75,3085530.15,38,199,198,6,13,4121.747862969005,132980.60210526315,25521.529696969697,5.2007191683298934,101.96728384934113,58.632251287112936,31.39191028985217,32.26315789473684,0.16150081566068517,-0.5025125628140725,2.6232054842977703
1158,Uberlandia,MG,residencial_padrao,Alfa Construcoes,3799.0,12564336.85,175633.84,12575449.89,7317173.42,4312435.81,7615707.37,106,516,486,16,18,3310.200023690445,118636.31971698113,25875.411296296297,1.3978759253020188,100.08844907719903,58.18617611302016,34.29249726826274,35.839622641509436,0.12792840221110818,-5.813953488372093,1.4326263466901559
1159,Curitiba,PR,comercial,Engenharia Vale Verde,3323.0,18617300.17,849967.86,19566916.15,10323153.17,6866645.59,10761248.34,106,576,613,20,11,5888.328663857959,184593.54858490566,31919.92846655791,4.56547325465398,105.10071799524516,52.75820211454221,35.09314159349531,31.349056603773583,0.18447186277460126,6.423611111111116,0.5908482916188593
1160,Campinas,SP,industrial,Obras & Cia,3624.0,23522626.35,52382.11,24257625.54,13426952.46,8775446.57,14220688.4,104,650,797,26,13,6693.605281456953,233246.39942307692,30436.16755332497,0.2226881863470148,103.12464764377809,55.35147056276969,36.17603279236704,34.84615384615385,0.21992273730684328,22.615384615384613,0.5526593759799274
1161,Sao Paulo,SP,residencial_popular,Delta Obras,3703.0,6898554.22,231988.6,7370701.98,4026114.88,2334095.43,4371006.07,97,742,884,29,17,1990.4677234674589,75986.61835051546,8337.898167420815,3.362858254087912,106.8441552380812,54.62322165411984,31.667206683073623,38.175257731958766,0.23872535781798543,19.137466307277617,2.4642844656804046
1162,Uberlandia,MG,residencial_popular,Alfa Construcoes,6602.0,12146520.99,612262.28,21256357.94,12185717.72,4555928.11,12800370.25,212,1081,1129,37,9,3219.6846319297183,100265.83933962265,18827.597821080602,5.040639048037408,174.99955713656576,57.327401779723694,21.43324892655623,31.141509433962263,0.17100878521660104,4.4403330249768835,0.7409529039145882
1163,Uberlandia,MG,residencial_popular,Delta Obras,3954.0,4545233.4,177213.86,4654715.6,2803674.22,1560241.83,2999327.3,119,649,719,23,13,1177.216894284269,39115.25714285714,6473.874269819193,3.8988946090205174,102.40872558931736,60.23298652231299,33.5195952680761,33.226890756302524,0.18184117349519474,10.785824345146388,2.8601391514899976
1164,Uberlandia,MG,residencial_padrao,Engenharia Mineira,3454.0,12486858.92,435617.37,13665432.69,7098678.84,4217501.3,7241858.81,90,539,570,19,10,3956.407843080486,151838.141,23974.443315789475,3.4886064845521614,109.43851274007987,51.94624276474337,30.862552219705826,38.37777777777778,0.16502605674580198,5.75139146567718,0.8008419142129621
1165,Curitiba,PR,comercial,Construtora Horizonte,1616.0,8583003.77,204675.84,8884287.27,5093578.01,2978139.31,5071643.03,50,315,294,9,21,5497.702518564356,177685.74539999999,30218.664183673467,2.384664454132006,103.51023380710924,57.33243258803359,33.5214206777895,32.32,0.18193069306930693,-6.666666666666665,2.44669588441763
1166,Uberlandia,MG,comercial,Engenharia Vale Verde,2554.0,11183941.08,685697.96,11858124.14,6773689.66,4080616.15,7042845.02,91,578,594,19,15,4642.961683633516,130309.05648351648,19963.171952861954,6.131094174183542,106.02813494078242,57.12277574452851,34.41198710540738,28.065934065934066,0.23257635082223962,2.768166089965396,1.3412087825484145
1167,Contagem,MG,comercial,Alfa Construcoes,2930.0,13295246.51,450719.15,13368587.5,7570504.84,4834238.48,7687013.04,81,429,477,15,14,4562.657849829351,165044.2901234568,28026.38888888889,3.390077420986458,100.55163317163647,56.62905553784198,36.16117619007992,36.17283950617284,0.16279863481228668,11.188811188811187,1.053007929523527
1168,Ribeirao Preto,SP,industrial,Vertice Engenharia,3767.0,23263461.0,1964069.71,25327336.23,14759519.32,8936440.99,15844944.13,95,703,636,21,21,6723.476567560393,266603.5392631579,39822.85570754717,8.442723591300538,108.87174625478127,58.27505579729101,35.283777610275756,39.65263157894737,0.16883461640562783,-9.530583214793742,0.902703170435388
1169,Campinas,SP,residencial_padrao,Estrutural Engenharia,1265.0,3641658.25,12446.97,3623446.16,1918678.31,1420486.76,1954330.01,40,205,221,7,16,2864.3843162055337,90586.15400000001,16395.683981900453,0.34179401650333335,99.49989568625777,52.95175435972257,39.20264569351294,31.625,0.17470355731225296,7.804878048780495,4.393602831896706
1170,Campinas,SP,comercial,Delta Obras,3807.0,16440733.24,1445817.37,17944253.08,10023730.21,6696368.07,10691855.64,108,711,750,25,14,4713.489120042027,166150.49148148147,23925.67077333333,8.794117323686958,109.14508993030773,55.86039254635837,37.31761940798486,35.25,0.19700551615445233,5.485232067510548,0.8515435288456757
1171,Belo Horizonte,MG,residencial_padrao,Engenharia Vale Verde,8985.0,26634255.71,1101082.09,28624362.49,15855609.06,12026106.66,16468568.22,245,1676,1712,57,15,3185.794378408458,116834.1326122449,16719.837903037384,4.134082446263335,107.47198195312362,55.3920076492156,42.01353537288858,36.673469387755105,0.19053978853644965,2.1479713603818507,0.5631845005666201
1172,Uberlandia,MG,comercial,Alfa Construcoes,5595.0,24805568.36,2305923.08,29310763.51,16583136.19,9626110.63,17066900.88,184,828,845,28,15,5238.74236103664,159297.62777173915,34687.29409467456,9.295989700918913,118.16203154314664,56.57695059476122,32.84155537850744,30.407608695652176,0.15102770330652368,2.0531400966183666,0.6047029353372172
1173,Contagem,MG,industrial,Beta Engenharia,4297.0,22507386.57,2109057.88,24782086.52,14225868.59,8920955.62,14591706.55,111,795,801,26,11,5767.299632301606,223262.04072072072,30938.934481897628,9.370514312892968,110.10645968569241,57.40383715680773,35.99759694487581,38.711711711711715,0.1864091226437049,0.7547169811320753,0.4887284432507972
1174,Salvador,BA,comercial,Estrutural Engenharia,5713.0,28241616.08,2604887.03,32000666.44,21200632.56,9559342.02,21791042.67,178,1074,1035,34,13,5601.376936810782,179779.02494382023,30918.51829951691,9.223576379698452,113.31032313926987,66.25059699850425,29.872321684060527,32.09550561797753,0.1811657622965167,-3.6312849162011163,0.46031360114714803
1175,Sao Paulo,SP,residencial_padrao,Alfa Construcoes,3525.0,11362006.46,801330.97,12348607.6,7089585.98,4183680.25,7895206.13,97,781,757,25,8,3503.1510921985814,127305.23298969072,16312.559577278731,7.052724118940519,108.68333549600887,57.41202740947086,33.879773214269115,36.34020618556701,0.21475177304964538,-3.0729833546734975,0.7041009902752686
1176,Goiania,GO,residencial_padrao,Delta Obras,2359.0,9683498.61,520171.06,10425935.7,5345972.14,3336566.88,5619173.58,65,522,540,18,15,4419.642094107672,160399.01076923075,19307.28833333333,5.3717264900810475,107.66703357847645,51.275706026078794,32.0025652949308,36.292307692307695,0.22891055532005086,3.4482758620689724,1.5490269172455637
1177,Sao Paulo,SP,residencial_popular,Construtora Serrana,1985.0,3305255.67,255119.64,3570073.77,2049906.6,1365287.91,2134300.37,60,312,342,11,13,1798.5258287153652,59501.2295,10438.812192982456,7.718605320477372,108.01203073043968,57.4191664392414,38.24256858423404,33.083333333333336,0.17229219143576827,9.615384615384626,3.9331299294011957
1178,Rio de Janeiro,RJ,industrial,Engenharia Mineira,5686.0,43216379.41,2428800.17,45664211.17,25135915.63,15848120.35,25903116.87,206,936,925,30,15,8030.9903570172355,221670.92800970873,49366.71477837838,5.620091741044811,105.66412965042045,55.04511079020572,34.70577930493571,27.601941747572816,0.16268026732325008,-1.175213675213671,0.3470906217684931
1179,Ribeirao Preto,SP,industrial,Construtora Atlantica,1720.0,10682693.86,594161.07,11472829.29,7313177.78,4110929.12,7785261.35,58,346,407,13,11,6670.249587209301,197807.40155172412,28188.769754299752,5.56190299737748,107.39640619075084,63.74345503749757,35.83186863577921,29.655172413793103,0.23662790697674418,17.6300578034682,1.0297028206703662
1180,Belo Horizonte,MG,comercial,Delta Obras,2850.0,11024499.52,322258.85,11765241.25,6091574.32,3625927.65,6568409.41,76,517,477,15,12,4128.154824561403,154805.80592105264,24665.07599580713,2.923115461299417,106.7190508617302,51.77602558723562,30.818982568674485,37.5,0.16736842105263158,-7.736943907156668,1.0884847859288582
1181,Goiania,GO,industrial,Construtora Horizonte,5339.0,27053119.95,2046576.77,29689091.87,13501093.94,11311947.33,13697217.35,145,861,978,32,17,5560.796379471812,204752.35772413792,30356.94465235174,7.565030479968726,109.74368917474897,45.47493065506149,38.10135850409896,36.820689655172416,0.18318037085596553,13.588850174216027,0.6283933251107328
1182,Salvador,BA,comercial,Estrutural Engenharia,3194.0,13937063.97,490752.56,14769481.61,8482675.55,5074376.67,8436952.99,97,504,485,16,17,4624.133252974327,152262.69701030926,30452.539402061855,3.5212047606035344,105.9726901002378,57.43380691341679,34.357175180503845,32.92783505154639,0.15184721352536004,-3.7698412698412676,1.2197691017701484
1183,Curitiba,PR,residencial_popular,Construtora Horizonte,3176.0,3284158.79,68625.65,3542504.01,1870932.71,1029011.34,2033811.29,90,461,494,16,16,1115.3979880352645,39361.155666666666,7171.060748987854,2.0895959783966473,107.866404657005,52.813848755530415,29.047570224204204,35.28888888888889,0.15554156171284636,7.158351409978314,4.871871618607089
1184,Rio de Janeiro,RJ,residencial_popular,Alfa Construcoes,9309.0,19015974.5,131476.34,19404023.72,11558185.84,7491525.35,11988171.74,228,1380,1733,57,11,2084.4369663766247,85105.36719298245,11196.782296595498,0.6913994336708855,102.04064861361692,59.56592306206478,38.60810241268866,40.828947368421055,0.18616392738210333,25.579710144927525,0.5784610197074045
1185,Belo Horizonte,MG,industrial,Engenharia Vale Verde,2558.0,14219410.57,1213811.79,14154112.8,7538650.62,5110777.55,7804036.34,57,425,490,16,16,5533.273182173573,248317.76842105263,28885.94448979592,8.536301726605254,99.54078427035672,53.26120207265834,36.10807418462851,44.87719298245614,0.19155590304925724,15.294117647058814,1.1252224500610928
1186,Goiania,GO,comercial,Vertice Engenharia,5910.0,26826421.09,1784531.0,28925386.11,15575411.63,10475313.24,17398226.78,175,932,1072,35,19,4894.312370558376,165287.92062857142,26982.63629664179,6.652139672351651,107.82424540701192,53.846858156943725,36.21494696791102,33.77142857142857,0.18138747884940778,15.021459227467805,0.7082569805438031
1187,Curitiba,PR,residencial_popular,Beta Engenharia,905.0,1745904.01,152261.04,1981870.55,1103463.81,753091.43,1128773.59,33,145,151,5,13,2189.9122099447513,60056.683333333334,13124.970529801325,8.721043031455093,113.51543605195111,55.67789530955996,37.999022186388515,27.424242424242426,0.16685082872928178,4.137931034482767,7.445999279192903
1188,Curitiba,PR,residencial_padrao,Alfa Construcoes,4525.0,16617041.54,119413.66,17479283.76,9480713.4,5040276.64,9901111.14,115,866,897,29,12,3862.825140331492,151993.77182608697,19486.381003344482,0.7186216614585174,105.1889033190682,54.239713309625905,28.8357160922937,39.34782608695652,0.19823204419889504,3.5796766743648956,0.7221502077318632
1189,Ribeirao Preto,SP,industrial,Engenharia Vale Verde,4336.0,28558572.12,12252495.04,40776625.18,17175992.96,9680720.71,16908163.25,121,692,793,26,21,9404.203224169742,336996.9023140496,51420.712711223205,42.90303796883245,142.78243677121208,42.12215425916226,23.74085807068745,35.83471074380165,0.18288745387453875,14.595375722543347,0.7353308811014884
1190,Rio de Janeiro,RJ,comercial,Construtora Atlantica,2500.0,12090585.02,588951.04,13242545.2,7876346.56,4480831.83,8061472.3,64,488,503,16,14,5297.01808,206914.76875,26327.12763419483,4.871154199947887,109.52774558133002,59.47758864360908,33.836636102250196,39.0625,0.2012,3.073770491803285,1.1579257725611694
1191,Goiania,GO,industrial,Engenharia Vale Verde,2497.0,9500274.29,65191.7,9364871.9,5166648.91,3253345.81,5382557.38,64,523,527,17,17,3750.449299158991,146326.1234375,17770.15540796964,0.6862086084042949,98.57475283484685,55.170524115765,34.73988587072932,39.015625,0.21105326391670004,0.7648183556405286,1.789422018887836
1192,Salvador,BA,residencial_popular,Construtora Horizonte,4164.0,8664341.51,655128.89,8771249.12,5071876.48,2633158.49,5372456.06,136,820,832,27,14,2106.447915465898,64494.4788235294,10542.36673076923,7.561208076157653,101.23388038059917,57.82387902351588,30.02033637370911,30.61764705882353,0.19980787704130643,1.4634146341463428,1.6158181188774494
1193,Goiania,GO,comercial,Engenharia Mineira,4001.0,16755193.49,1206735.89,18113441.76,9456986.49,5869150.07,9462425.31,109,699,601,20,12,4527.22863284179,166178.36477064222,30138.83820299501,7.202160277768299,108.10643142265496,52.20977114842916,32.40218036839841,36.706422018348626,0.15021244688827792,-14.020028612303292,0.7161958474046843
1194,Belo Horizonte,MG,residencial_padrao,Construtora Serrana,1272.0,3245370.8,268535.24,6288166.43,3271108.46,1210581.42,3495137.07,54,281,288,9,21,4943.527067610063,116447.52648148147,21833.911215277778,8.274408582218093,193.75802697183323,52.02006811387784,19.251739493160965,23.555555555555557,0.22641509433962265,2.491103202846978,6.470755206153947
1195,Sao Paulo,SP,comercial,Construtora Horizonte,3135.0,16595600.56,619652.41,16917335.2,9293141.06,6845796.89,9333417.74,78,604,639,21,14,5396.279170653907,216888.9128205128,26474.70297339593,3.7338354087259376,101.93867428199898,54.932653104845976,40.46616567602207,40.19230769230769,0.20382775119617225,5.794701986754958,0.8435970695597411
1196,Goiania,GO,industrial,Engenharia Mineira,1290.0,6598618.66,265355.58,7068974.93,3851252.13,2489010.07,4109806.8,42,195,217,7,25,5479.825527131783,168308.9269047619,32575.92133640553,4.021380741526288,107.12810202006733,54.481055147835974,35.210339471383584,30.714285714285715,0.1682170542635659,11.282051282051286,3.7886717339110483
1197,Uberlandia,MG,residencial_popular,Construtora Horizonte,2371.0,4723604.52,391657.9,5033149.08,2687064.88,1843309.94,2754704.95,71,390,440,14,12,2122.7959004639392,70889.42366197183,11438.975181818181,8.291504895079575,106.55314302222745,53.38734929743031,36.62339244678204,33.394366197183096,0.18557570645297342,12.82051282051282,2.5404328303081565
1198,Uberlandia,MG,industrial,Beta Engenharia,1588.0,7651220.7,111579.51,7485929.04,3906830.02,2446232.6,4050541.84,38,243,255,8,13,4714.061108312342,196998.13263157895,29356.584470588234,1.458322983677624,97.83966942686675,52.188980140265926,32.67774229396115,41.78947368421053,0.1605793450881612,4.938271604938271,1.6990752861174163
1199,Campinas,SP,residencial_popular,Engenharia Vale Verde,3512.0,6834500.45,566639.95,7409240.38,3472971.9,2640293.28,3726028.18,104,471,461,15,15,2109.692591116173,71242.69596153845,16072.104945770065,8.290875889839175,108.40939194026976,46.87352173611082,35.63514131795519,33.76923076923077,0.1312642369020501,-2.123142250530785,2.194747093768938
1200,Sao Paulo,SP,residencial_popular,Beta Engenharia,2815.0,5142375.16,224716.29,5588924.54,3073405.44,2092825.79,3162371.28,72,522,593,19,23,1985.4083623445827,77623.95194444444,9424.830590219224,4.369892958179271,108.6837184395547,54.99099903753576,37.44594823246621,39.09722222222222,0.21065719360568383,13.601532567049812,4.4726413932039915
1201,Uberlandia,MG,residencial_popular,Construtora Planalto,996.0,1656329.84,114745.82,2769610.12,1550861.32,684643.73,1650943.99,24,147,172,5,16,2780.7330522088355,115400.42166666668,16102.384418604652,6.927715556944866,167.21368251144952,55.995654724138575,24.71985948693746,41.5,0.17269076305220885,17.006802721088434,9.659911699713144
1202,Rio de Janeiro,RJ,comercial,Beta Engenharia,2207.0,12568285.33,823217.57,13714859.71,7611055.92,4558881.5,7994116.46,52,342,312,10,14,6214.254512913458,263747.3021153846,43957.88368589744,6.549959269583196,109.12275899134127,55.49496007203416,33.24045302975979,42.44230769230769,0.14136837335749886,-8.771929824561408,1.1139148764058175
1203,Goiania,GO,residencial_padrao,Construtora Atlantica,2679.0,6402232.91,49131.01,6583434.79,3602452.13,2230846.04,3899548.37,82,387,423,14,15,2457.4224673385593,80285.79012195121,15563.675626477541,0.7674042898886039,102.83029190826487,54.7199485513549,33.88574674406398,32.670731707317074,0.15789473684210525,9.302325581395344,2.3429325691307907
1204,Goiania,GO,comercial,Estrutural Engenharia,5028.0,19580339.37,173745.15,20118215.58,11572994.12,7331223.3,12293202.97,150,758,1605,53,13,4001.236193317422,134121.4372,12534.713757009345,0.8873449367593877,102.74702189699585,57.52495331397577,36.440723437162816,33.52,0.3192124105011933,111.74142480211083,0.6639312911970228
1205,Uberlandia,MG,comercial,Engenharia Vale Verde,8187.0,26898525.57,1791582.48,27244892.26,14866738.52,9181288.27,14680148.33,221,1437,1267,42,18,3327.8236545743252,123280.05547511313,21503.466661404895,6.6605229916325115,101.28767909266485,54.567066656478666,33.699117553419896,37.04524886877828,0.15475754244534018,-11.830201809324981,0.6691816602793816
1206,Goiania,GO,residencial_padrao,Engenharia Mineira,3567.0,11488330.22,1102415.87,13226220.03,7874134.18,4255587.51,8315403.38,95,783,851,28,24,3707.9394533221193,139223.3687368421,15541.974183313747,9.595962588895707,115.12743607399543,59.53427481275616,32.17538722588452,37.54736842105263,0.2385758340342024,8.684546615581091,2.089076440213955
1207,Salvador,BA,industrial,Construtora Horizonte,6227.0,38387109.02,2418971.23,41272825.98,21353195.44,13252157.33,23232044.67,148,1195,1347,44,14,6628.0433563513725,278870.4458108108,30640.55380846325,6.301519681358905,107.5174115312943,51.73669341262782,32.10867444943493,42.07432432432432,0.21631604303838126,12.71966527196653,0.36470576600873705
1208,Ribeirao Preto,SP,industrial,Beta Engenharia,4901.0,29770861.72,2171517.79,32238880.98,18536304.64,10477704.74,20663526.7,131,745,686,22,11,6578.02101203836,246098.32809160306,46995.45332361516,7.294104585965609,108.29004979167934,57.496737096735295,32.50021223286268,37.412213740458014,0.13997143440114262,-7.9194630872483245,0.3694888009442543
1209,Salvador,BA,industrial,Vertice Engenharia,3441.0,14719215.54,155938.84,14632488.79,8873912.03,5082813.44,9372104.11,84,651,631,21,14,4252.394301075268,174196.2951190476,23189.36416798732,1.0594235784932327,99.41079230911242,60.64526791959361,34.73649297085845,40.964285714285715,0.18337692531240918,-3.0721966205837226,0.9511376446628216
1210,Belo Horizonte,MG,comercial,Obras & Cia,1295.0,6574203.02,294048.12,6787433.94,3228969.55,2237346.06,3389684.99,32,240,283,9,12,5241.26172972973,212107.310625,23983.865512367494,4.47275691221352,103.24344896790242,47.572758402419154,32.96306203165787,40.46875,0.21853281853281853,17.91666666666667,1.825316310356354
1211,Rio de Janeiro,RJ,comercial,Estrutural Engenharia,6430.0,29886782.15,1741450.38,31481034.93,19018415.47,12403089.69,19503312.88,184,1058,1027,34,14,4895.961886469673,171092.58114130434,30653.393310613435,5.826824618521202,105.33430722651418,60.41229429810235,39.39860845610389,34.94565217391305,0.15972006220839813,-2.930056710775042,0.46843450491708427
1212,Goiania,GO,residencial_popular,Alfa Construcoes,5452.0,9364887.59,368322.79,9927181.28,5227578.83,3649819.57,5475171.63,180,1041,1213,40,14,1820.8329567131327,55151.00711111111,8183.991162407254,3.9330188051942225,106.00427591464555,52.659246190374795,36.76592042650802,30.288888888888888,0.22248716067498167,16.522574447646488,1.4949458672573346
1213,Sao Paulo,SP,industrial,Alfa Construcoes,2306.0,14440367.27,1403595.53,15341366.91,7273149.06,5961619.96,7456401.34,66,416,445,14,11,6652.804384215091,232444.9531818182,34474.98182022472,9.71994343188198,106.23945099978056,47.408742015414056,38.85977041663754,34.93939393939394,0.19297484822202948,6.971153846153855,0.7617534785872521
1214,Ribeirao Preto,SP,comercial,Vertice Engenharia,1801.0,7221904.06,121283.2,7028425.48,3746836.48,2484997.5,3889266.97,53,300,299,9,17,3902.5127595780123,132611.80150943398,23506.43973244147,1.6793798282609698,97.32094779447958,53.30975608494322,35.356389664673515,33.9811320754717,0.1660188784008884,-0.33333333333332993,2.353949852942245
1215,Belo Horizonte,MG,industrial,Construtora Serrana,2363.0,15209871.08,276094.31,15655763.12,9591208.65,5718420.69,9560493.42,63,338,348,11,18,6625.375844265764,248504.1765079365,44987.825057471266,1.8152310992500535,102.93159644585232,61.26311810215994,36.52597861994223,37.507936507936506,0.1472704189589505,2.9585798816567976,1.1834419835200864
1216,Curitiba,PR,residencial_padrao,Alfa Construcoes,3199.0,7708263.94,25387.95,8032211.59,3804131.58,2502958.39,3876558.57,92,560,650,21,18,2510.8507627383556,87306.6477173913,12357.248599999999,0.3293601542139202,104.20260194152095,47.36094831884278,31.161509653407926,34.77173913043478,0.2031884964051266,16.07142857142858,2.335156157094434
1217,Ribeirao Preto,SP,residencial_popular,Obras & Cia,3206.0,6085973.67,559367.72,6816235.05,3445731.08,2556506.05,3740631.48,88,547,591,19,3,2126.0870399251403,77457.21647727273,11533.392639593909,9.191096615440992,111.99908871771376,50.55182303315671,37.506131042238636,36.43181818181818,0.1843418590143481,8.043875685557577,0.4929367366125986
1218,Uberlandia,MG,residencial_padrao,Beta Engenharia,2906.0,10223132.57,770916.78,10617984.64,5779835.1,3737813.72,6088755.83,81,425,409,13,15,3653.81439779766,131086.2301234568,25960.842640586798,7.540905634563242,103.8623393299105,54.43438934942741,35.2026664826669,35.876543209876544,0.14074328974535444,-3.7647058823529367,1.4672606363354632
1219,Contagem,MG,industrial,Construtora Serrana,1252.0,7714425.88,529865.01,8152603.56,4188870.48,2811942.85,4629697.44,43,247,233,7,21,6511.664185303514,189595.43162790698,34989.71484978541,6.868495701976983,105.6799778339435,51.38076994878431,34.4913478167458,29.11627906976744,0.18610223642172524,-5.668016194331981,2.7221727613513607
1220,Ribeirao Preto,SP,residencial_popular,Engenharia Mineira,2437.0,3811210.36,293613.89,4407543.99,2669573.75,1429859.57,2854914.84,79,532,601,20,19,1808.5941690603202,55791.69607594937,7333.683843594011,7.703953921871687,115.6468306304667,60.56828374389066,32.44118659380641,30.848101265822784,0.2466146901928601,12.969924812030076,4.9852929136139315
1221,Curitiba,PR,comercial,Alfa Construcoes,2357.0,10331336.72,902173.58,10878980.47,6153802.37,3679171.93,6162589.05,66,343,327,10,17,4615.604781501909,164833.03742424244,33269.053425076454,8.732399344351249,105.30080245027578,56.56598416524228,33.81908755278793,35.71212121212121,0.13873568095036062,-4.664723032069973,1.6454792308811708
1222,Contagem,MG,industrial,Obras & Cia,4610.0,24778663.71,2430185.95,26773356.08,15677542.73,8935336.72,16134993.05,178,622,1679,55,18,5807.6694316702815,150412.11280898875,15946.01315068493,9.807574687811929,108.05004012058565,58.55650925179046,33.37398827887251,25.89887640449438,0.36420824295010845,169.93569131832794,0.726431425466083
1223,Contagem,MG,comercial,Estrutural Engenharia,3977.0,17216312.9,1118763.22,23921724.23,15678050.0,6636821.13,16243807.9,106,766,896,29,12,6015.017407593664,225676.6436792453,26698.352935267856,6.498274203647868,138.94801034895227,65.53896303318434,27.74390786462134,37.5188679245283,0.22529544883077696,16.971279373368155,0.6970133541195107
1224,Ribeirao Preto,SP,residencial_padrao,Construtora Atlantica,3613.0,11715194.04,441041.25,12135651.95,6394664.09,4083834.95,6998241.8,104,672,677,22,19,3358.8851231663434,116688.9610576923,17925.630649926145,3.7646943660866587,103.58899655067088,52.69320607039987,33.65154972164475,34.74038461538461,0.1873789094934957,0.7440476190476275,1.6218254631657816
1225,Uberlandia,MG,residencial_popular,Obras & Cia,2239.0,4343844.26,228174.83,4650661.81,2438144.59,1591510.32,2630987.53,56,429,421,14,15,2077.115591782045,83047.53232142856,11046.702636579572,5.252831739414156,107.06327233748476,52.42575550768762,34.221157870002166,39.982142857142854,0.1880303707012059,-1.8648018648018683,3.453162475949356
1226,Rio de Janeiro,RJ,industrial,Construtora Atlantica,3426.0,16313107.99,353658.63,16484551.32,8789227.57,5505611.37,9230589.28,105,709,788,26,18,4811.602837127846,156995.72685714287,20919.481370558377,2.1679414506223718,101.05095442330851,53.31796661845692,33.398612210453535,32.628571428571426,0.23000583771161703,11.14245416078985,1.1034071503133598
1227,Campinas,SP,residencial_padrao,Engenharia Mineira,1380.0,4601628.17,433182.05,4879053.02,2685269.43,1690650.42,2967933.03,30,295,368,12,11,3535.5456666666664,162635.10066666667,13258.29625,9.413669118771931,106.0288410916956,55.036692960553246,34.65119999864236,46.0,0.26666666666666666,24.745762711864415,2.3904582451302234
1228,Salvador,BA,residencial_padrao,Construtora Serrana,1812.0,6200610.56,238073.57,6545758.8,3660564.35,2525944.07,3851872.71,53,263,288,9,17,3612.449668874172,123504.88301886793,22728.329166666666,3.8395181844802075,105.56635893611097,55.922689207552224,38.58901843434867,34.18867924528302,0.15894039735099338,9.505703422053235,2.7416654917286083
1229,Sao Paulo,SP,residencial_popular,Engenharia Mineira,1768.0,2931466.81,156360.76,3160657.0,1861751.38,1091520.54,2034759.41,42,285,280,9,21,1787.701923076923,75253.73809523809,11288.060714285713,5.33387447767147,107.81827681685401,58.903936112017206,34.5346091018418,42.095238095238095,0.1583710407239819,-1.7543859649122862,7.163649244932096
1230,Belo Horizonte,MG,comercial,Construtora Atlantica,2515.0,9751024.13,575105.64,10522182.18,5457476.65,4648552.11,5552533.85,87,392,459,15,15,4183.7702504970175,120944.62275862068,22924.144183006534,5.897899875261615,107.90848263442867,51.86639574035583,44.178593665064255,28.908045977011493,0.18250497017892645,17.091836734693878,1.5382999570117972
1231,Salvador,BA,residencial_popular,Obras & Cia,1186.0,1933917.83,16609.69,1839637.35,1020408.59,520093.39,1030953.62,36,222,240,8,16,1551.1276138279934,51101.037500000006,7665.155625,0.8588622402845315,95.12489731789691,55.46792089212582,28.2715172096283,32.94444444444444,0.20236087689713322,8.108108108108114,8.273360818023999
1232,Sao Paulo,SP,residencial_popular,Engenharia Mineira,5273.0,9488871.07,145728.06,9782446.01,5435775.27,3307290.15,5653351.55,170,832,867,28,12,1855.1955262658828,57543.80005882353,11283.098050749712,1.5357786919534993,103.09388691061643,55.566626837943566,33.80841710364829,31.01764705882353,0.1644225298691447,4.206730769230771,1.2646393771688162
1233,Rio de Janeiro,RJ,industrial,Vertice Engenharia,1628.0,11202198.33,288065.06,11192849.41,6518065.3,3729306.72,6568938.68,40,292,297,9,15,6875.214625307125,279821.23525,37686.36164983165,2.5715047307147616,99.91654388072239,58.234190966391274,33.31865357420189,40.7,0.18243243243243243,1.7123287671232834,1.3390228915898867
1234,Salvador,BA,residencial_padrao,Vertice Engenharia,1637.0,5639047.0,400372.87,6381478.84,3509527.54,1805632.64,3722629.38,36,225,269,8,10,3898.2766279780085,177263.3011111111,23722.96966542751,7.100009451951722,113.1659097716334,54.99552106953316,28.29489347644691,45.47222222222222,0.16432498472816126,19.55555555555555,1.7733492911124877
1235,Campinas,SP,comercial,Construtora Horizonte,2078.0,9677251.36,590706.51,10069440.53,5265815.26,3795742.65,5655599.19,57,422,432,14,12,4845.7365399422515,176656.85140350877,23308.890115740738,6.104073233455828,104.05269177590112,52.29501325631246,37.695665798822695,36.45614035087719,0.2078922040423484,2.369668246445489,1.2400215261123486
1236,Salvador,BA,industrial,Estrutural Engenharia,5055.0,26894129.25,658515.52,26092110.56,15834390.74,8818151.05,16269492.27,116,720,757,25,13,5161.644027695351,224931.98758620687,34467.781453104355,2.4485474650568952,97.01786704992502,60.68650791429116,33.796235186579715,43.577586206896555,0.14975272007912957,5.138888888888893,0.48337686932176843
1237,Sao Paulo,SP,residencial_popular,Construtora Atlantica,3340.0,7348039.48,204720.83,7717266.01,4605439.04,2430242.08,4940005.1,99,837,736,24,10,2310.5586856287423,77952.18191919192,10485.415774456522,2.7860605615581147,105.02483051438367,59.67708038095735,31.49097202106164,33.73737373737374,0.22035928143712574,-12.066905615292711,1.3609072225616294
1238,Sao Paulo,SP,residencial_popular,Construtora Serrana,3269.0,7478608.56,450524.06,7922606.94,4453910.74,2597916.35,4680391.22,121,458,455,15,23,2423.5567268277764,65476.090413223144,17412.322945054944,6.024169554877733,105.9369116118039,56.21774213627718,32.79118060096516,27.016528925619834,0.139186295503212,-0.6550218340611313,3.0754384074889995
1239,Salvador,BA,residencial_popular,Construtora Horizonte,4984.0,8904784.63,338131.88,9080972.48,5037805.31,3264972.49,5171167.33,144,904,1115,37,14,1822.0249759229534,63062.30888888889,8144.369937219732,3.7971932399222994,101.97857508430275,55.476495728792244,35.95399608567033,34.611111111111114,0.2237158908507223,23.34070796460177,1.5721885010934846
1240,Belo Horizonte,MG,residencial_padrao,Estrutural Engenharia,3394.0,8842680.65,438185.6,9676869.24,5403770.74,3847330.78,5709945.6,80,521,614,20,14,2851.1694873305833,120960.8655,15760.37335504886,4.9553480142924755,109.43366183873214,55.842138670874505,39.758011445445554,42.425,0.18090748379493224,17.85028790786949,1.5832303069771043
1241,Sao Paulo,SP,comercial,Construtora Serrana,2339.0,9270572.04,168671.53,10099336.86,5885670.36,3433535.97,6400493.95,60,308,285,9,13,4317.801137238136,168322.281,35436.26968421052,1.8194295807446206,108.9397376604605,58.277790330087086,33.997637840946325,38.983333333333334,0.1218469431380932,-7.467532467532467,1.402286713690216
1242,Sao Paulo,SP,comercial,Construtora Horizonte,5065.0,21833809.01,484606.31,23898406.42,12806445.08,8062495.69,13492357.32,126,913,912,30,19,4718.342827245805,189669.89222222223,26204.393004385965,2.2195225293857233,109.45596532906559,53.587025238982434,33.73654104088167,40.198412698412696,0.18005923000987167,-0.10952902519167917,0.8702100486130431
1243,Curitiba,PR,comercial,Vertice Engenharia,1072.0,3904465.99,181752.89,4135489.89,2148437.3,1426279.64,2256712.31,27,218,214,7,16,3857.733106343284,153166.29222222223,19324.719112149534,4.654999953015341,105.91691413349973,51.95121635274992,34.48877105101567,39.7037037037037,0.19962686567164178,-1.834862385321101,4.097871524807417
1244,Rio de Janeiro,RJ,residencial_padrao,Construtora Horizonte,1612.0,5417461.14,101139.73,5599197.59,3110715.24,1943613.02,3188341.48,46,230,239,7,11,3473.447636476427,121721.68673913043,23427.604979079497,1.8669211903197889,103.35464242942405,55.55644697296708,34.71234920287927,35.04347826086956,0.14826302729528537,3.913043478260869,2.0304714174654883
1245,Curitiba,PR,comercial,Obras & Cia,3296.0,13970228.51,226569.08,14419478.8,8443460.3,5662627.15,9117888.12,108,624,651,21,13,4374.841868932039,133513.6925925926,22149.737019969278,1.6217993845828653,103.21576908837551,58.555932687386736,39.27067842424374,30.51851851851852,0.1975121359223301,4.326923076923084,0.930550276303247
1246,Salvador,BA,comercial,Engenharia Vale Verde,2351.0,9473840.17,40697.37,9850909.99,5496507.53,4178305.56,5799448.89,70,391,883,29,16,4190.093572947682,140727.28557142857,11156.183454133636,0.4295762781482517,103.98011591111738,55.79695211487766,42.415427247244594,33.58571428571429,0.37558485750744364,125.8312020460358,1.6888610862009084
1247,Campinas,SP,residencial_padrao,Vertice Engenharia,1953.0,7004572.63,447938.52,7101252.45,4124605.91,2755489.81,4224770.76,55,422,400,13,19,3636.0739631336405,129113.68090909091,17753.131125,6.394944326532024,101.38023866846535,58.082795099053264,38.8028707527501,35.50909090909091,0.2048131080389145,-5.213270142180093,2.7125138111388245
1248,Uberlandia,MG,residencial_padrao,Delta Obras,3343.0,9911708.86,907938.55,11059624.82,5568860.25,3570478.7,5873044.76,83,478,476,15,18,3308.2933951540535,133248.49180722891,23234.505924369747,9.160262501899194,111.58141321757913,50.353066588021925,32.283904364849874,40.27710843373494,0.14238707747532156,-0.4184100418409997,1.8160339709574562
1249,Belo Horizonte,MG,residencial_padrao,Alfa Construcoes,7429.0,19982546.77,1971460.23,21521631.98,13570031.56,7914356.81,13834911.85,229,1121,1271,42,14,2896.9756333288465,93980.9256768559,16932.83397324941,9.865910750474375,107.7021474175186,63.05298581729581,36.77396220395735,32.4410480349345,0.17108628348364519,13.380909901873327,0.7006113965922673
1250,Ribeirao Preto,SP,residencial_popular,Construtora Planalto,3184.0,4701570.13,81702.42,4817011.83,2883556.23,1919480.33,3095168.55,87,482,480,16,14,1512.880599874372,55367.95206896552,10035.441312500001,1.737768824901055,102.455386111618,59.86192958965601,39.847947186793604,36.59770114942529,0.1507537688442211,-0.4149377593360981,2.977728633817061
1251,Contagem,MG,industrial,Engenharia Mineira,1597.0,10061409.99,390436.58,10667463.72,6100130.17,3811264.27,6506999.7,45,252,249,8,16,6679.689242329368,237054.74933333334,42841.21975903615,3.880535435769475,106.02354670570382,57.184447307405506,35.72793280613097,35.48888888888889,0.1559173450219161,-1.1904761904761862,1.5902343723098795
1252,Salvador,BA,comercial,Construtora Atlantica,3059.0,12430179.95,136094.72,12142189.53,7292975.4,4637958.88,7775208.93,68,523,675,22,14,3969.3329617522063,178561.61073529412,17988.428933333333,1.0948732886204116,97.68313555267557,60.06309967391854,38.19705555197342,44.98529411764706,0.22066034651847008,29.063097514340352,1.1262910156019101
1253,Goiania,GO,residencial_padrao,Beta Engenharia,2443.0,8226916.1,667918.76,8864436.83,5505425.09,3166150.6,5825370.46,80,385,400,13,12,3628.504637740483,110805.460375,22161.092075,8.118701490100284,107.74920665594246,62.1068793831091,35.7174478279857,30.5375,0.1637331150225133,3.8961038961038863,1.4586267629494847
1254,Campinas,SP,residencial_popular,Alfa Construcoes,2613.0,3751624.27,61621.7,3807346.74,2177294.74,1395940.44,2330355.16,82,416,407,13,12,1457.0787370838118,46431.05780487805,9354.660294840296,1.6425338883949592,101.48528919715088,57.18666800492146,36.66438954283422,31.865853658536587,0.1557596632223498,-2.163461538461542,3.198614556355879
1255,Curitiba,PR,residencial_popular,Beta Engenharia,1646.0,3400722.2,117507.53,3621313.72,1997417.14,1351851.73,1991747.11,41,268,294,9,16,2200.0690886998786,88324.72487804879,12317.393605442177,3.455369862319245,106.48660805048998,55.15725215875524,37.3304230046106,40.146341463414636,0.17861482381530985,9.701492537313428,4.704882980444565
1256,Goiania,GO,residencial_padrao,Engenharia Vale Verde,2088.0,7212396.28,30995.36,6946135.39,3547780.5,2280436.6,3687140.33,74,429,422,14,15,3326.693194444444,93866.69445945945,16460.03646919431,0.4297512060721101,96.30828812417943,51.07560248692475,32.83029298972533,28.216216216216218,0.2021072796934866,-1.631701631701632,2.0797526117075753
1257,Sao Paulo,SP,residencial_popular,Vertice Engenharia,2813.0,5807827.27,345427.79,6115145.66,3613991.58,2063567.82,3732494.04,68,488,555,18,16,2173.887543547814,89928.61264705882,11018.280468468469,5.947625057382259,105.29145196151815,59.09902692326057,33.74519487733674,41.36764705882353,0.1972982580874511,13.72950819672132,2.754902867488344
1258,Rio de Janeiro,RJ,comercial,Delta Obras,3499.0,18245948.29,347999.79,18616933.58,10193504.14,6909199.13,10389674.3,87,549,518,17,19,5320.64406401829,213987.74229885056,35940.02621621621,1.9072716006255874,102.03324751393342,54.75393730227833,37.11244443296768,40.2183908045977,0.14804229779937125,-5.64663023679417,1.0413270770044478
1259,Ribeirao Preto,SP,residencial_popular,Delta Obras,4919.0,10609034.52,802355.15,10842587.27,5163621.52,3877878.02,5330099.96,161,826,907,30,9,2204.2259138036184,67345.26254658385,11954.34098125689,7.562942212011957,102.20145150399604,47.62351818266711,35.76524609333396,30.5527950310559,0.18438707054279324,9.80629539951574,0.8483335578778002
1260,Belo Horizonte,MG,residencial_popular,Delta Obras,1741.0,3512363.56,329075.64,3904338.21,2318759.52,1453344.82,2497941.17,59,252,247,8,16,2242.5836932797242,66175.22389830508,15807.037287449393,9.369065427839708,111.15985413537315,59.389309923537596,37.223845420911935,29.508474576271187,0.14187248707639288,-1.9841269841269882,4.555337090446297
1261,Sao Paulo,SP,comercial,Construtora Horizonte,3799.0,17991568.89,10452959.7,27657556.37,10906136.74,6630176.28,11827501.41,109,779,878,29,13,7280.220155304028,253739.04926605505,31500.63367881549,58.099211713603914,153.7250950103218,39.432756076129074,23.97238639344044,34.85321100917431,0.23111345090813373,12.708600770218226,0.7225606660253852
1262,Belo Horizonte,MG,comercial,Construtora Horizonte,6783.0,26361482.56,1383101.34,27834017.49,14092716.74,10017896.71,15478838.51,208,1073,890,29,14,4103.49660769571,133817.39177884615,31274.176955056177,5.246675094437482,105.5859336691267,50.63127069264481,35.99155857970973,32.61057692307692,0.13121037888839746,-17.05498602050326,0.5310778696962635
1263,Campinas,SP,residencial_popular,Obras & Cia,1980.0,4099317.98,317225.62,4393028.49,2349884.91,1284941.17,2387578.02,49,459,453,15,13,2218.7012575757576,89653.64265306122,9697.63463576159,7.738497514652424,107.16486282432767,53.491228553357274,29.249552397052632,40.40816326530612,0.2287878787878788,-1.3071895424836555,3.1712592346885953
1264,Campinas,SP,industrial,Engenharia Mineira,2256.0,16184684.61,560337.18,17251943.74,8550838.11,6593653.82,8874196.52,75,387,414,13,13,7647.138182624113,230025.9165333333,41671.36169082125,3.4621445737273473,106.59425349160388,49.56449104441607,38.21977348970883,30.08,0.18351063829787234,6.976744186046502,0.8032285035673612
1265,Belo Horizonte,MG,comercial,Construtora Atlantica,2227.0,10988598.52,179309.93,11147496.96,5934311.01,3952302.95,6328987.87,49,329,371,12,27,5005.61156713067,227499.9379591837,30047.161617250676,1.6317816114006136,101.44603008027634,53.23447076320171,35.45462236214864,45.44897959183673,0.16659182757072294,12.765957446808507,2.45709222617044
1266,Salvador,BA,residencial_padrao,Construtora Planalto,4239.0,11640146.95,639018.54,12092705.4,6964244.17,4169259.64,7341335.03,104,633,656,21,12,2852.725973106865,116276.01346153846,18434.002134146343,5.489780693876893,103.88791010924481,57.59045589583287,34.477476313943775,40.75961538461539,0.15475347959424393,3.633491311216419,1.0309148201947742
1267,Goiania,GO,comercial,Vertice Engenharia,4389.0,14815597.18,1025175.76,15919429.73,9251627.35,6006449.31,9793006.49,115,725,722,24,13,3627.120011392117,138429.82373913043,22049.071648199446,6.919570959879459,107.45047625545664,58.11531887078469,37.730304488739996,38.165217391304346,0.1645021645021645,-0.4137931034482789,0.8774536619792197
1268,Contagem,MG,residencial_padrao,Construtora Atlantica,1161.0,3507534.83,46992.98,3524523.69,1903690.58,1285181.41,1937255.09,43,202,224,7,21,3035.7654521963823,81965.66720930232,15734.480758928572,1.3397722981413702,100.48435328010699,54.01270490538255,36.46397422852902,27.0,0.1929371231696813,10.8910891089109,5.987110896344257
1269,Contagem,MG,comercial,Construtora Atlantica,1431.0,6206737.74,249891.35,6491028.29,3710091.2,2093282.18,3902824.1,38,214,210,7,13,4536.008588399721,170816.5339473684,30909.658523809525,4.026130319467953,104.58035383334885,57.1572181516405,32.24885313202047,37.6578947368421,0.14675052410901468,-1.869158878504673,2.094498034969333
1270,Salvador,BA,industrial,Delta Obras,5597.0,30940364.86,1017274.64,32116416.7,17592158.51,9064010.22,18585503.95,184,876,829,27,15,5738.148418795783,174545.7429347826,38741.154041013266,3.287855992012371,103.80102770384718,54.7762182634777,28.222358380348204,30.418478260869566,0.14811506164016439,-5.365296803652964,0.48480359129158634
1271,Uberlandia,MG,residencial_popular,Construtora Serrana,3469.0,6352343.71,208420.91,6258390.99,3072317.24,2080811.06,3225169.95,108,533,547,18,11,1804.090801383684,57948.064722222225,11441.299798903108,3.2810080737901384,98.52097549677457,49.09116807992848,33.24833912302434,32.120370370370374,0.157682329201499,2.6266416510319024,1.7316443350953377
1272,Salvador,BA,residencial_popular,Construtora Horizonte,3507.0,7959468.9,628446.4,8568984.44,4858999.42,2993123.22,5028974.29,128,627,604,20,8,2443.394479612204,66945.1909375,14187.060331125827,7.89558207834696,107.65774133497776,56.704495778031784,34.929731066240564,27.3984375,0.1722269746221842,-3.6682615629984094,1.0050921864899804
1273,Goiania,GO,residencial_popular,Delta Obras,1766.0,3436541.76,140727.19,3480266.37,1877919.91,1024077.85,1943965.98,47,265,263,8,19,1970.705758776897,74048.22063829788,13232.951977186312,4.095023422616579,101.27234333389856,53.95908560872598,29.4252721236392,37.57446808510638,0.14892412231030577,-0.7547169811320753,5.528813943468564
1274,Goiania,GO,residencial_popular,Construtora Atlantica,4251.0,9427784.09,196706.31,9612842.15,4442984.99,2781250.82,4682383.18,128,831,876,29,15,2261.3131380851564,75100.329296875,10973.564098173516,2.086453275999875,101.96290091323038,46.219265027669266,28.932658797481654,33.2109375,0.20606916019760058,5.4151624548736566,1.5910419518315466
1275,Campinas,SP,comercial,Construtora Atlantica,3192.0,17108724.38,1098.9,17050622.44,10103729.75,5467227.07,11462008.73,86,506,552,18,22,5341.673696741855,198263.051627907,30888.808768115945,0.0064230387701178235,99.66039583834831,59.25724873419929,32.0646773408936,37.116279069767444,0.17293233082706766,9.090909090909083,1.2858936476712357
1276,Curitiba,PR,comercial,Engenharia Vale Verde,6013.0,25623632.21,1935536.26,26501513.2,15133638.25,8757657.49,15935798.09,179,797,963,32,15,4407.369565940462,148053.14636871507,27519.743717549325,7.553715430104512,103.42605990753096,57.10480807563849,33.04587713127265,33.59217877094972,0.1601530018293697,20.82810539523212,0.5853971004995158
1277,Curitiba,PR,industrial,Engenharia Mineira,2473.0,17299638.2,265598.39,20286828.57,10217643.11,9812062.15,10716952.24,192,376,453,15,17,8203.327363526081,105660.56546875,44783.28602649007,1.5352829170727977,117.26735747571877,50.36589664443544,48.36666370075212,12.880208333333334,0.1831783259199353,20.478723404255316,0.9826795106038692
1278,Contagem,MG,comercial,Obras & Cia,3355.0,12882488.92,1144989.81,14352444.13,7952299.26,4415109.9,8036189.07,119,524,1449,48,20,4277.926715350224,120608.77420168067,9905.068412698412,8.88795493720479,111.41049077649818,55.40728246680866,30.76207689790882,28.19327731092437,0.43189269746646797,176.52671755725189,1.552495028266634
1279,Contagem,MG,comercial,Construtora Atlantica,6067.0,31278298.93,1076089.74,32060091.58,19037952.32,11750440.52,19242175.26,159,1414,1459,48,19,5284.340131860887,201635.7961006289,21974.017532556543,3.4403716852002093,102.49947304279439,59.38208963781133,36.65130054503731,38.15723270440252,0.2404812922366903,3.1824611032531758,0.6074499141568247
1280,Ribeirao Preto,SP,comercial,Construtora Horizonte,4650.0,24097817.16,1957201.94,26738449.36,15862718.55,9946362.43,16782214.66,131,800,762,25,11,5750.20416344086,204110.30045801526,35089.828556430446,8.121905511212702,110.95797259339817,59.32549915826533,37.19872568556459,35.49618320610687,0.1638709677419355,-4.749999999999998,0.45647287996934904
1281,Contagem,MG,industrial,Beta Engenharia,3363.0,24538907.49,629854.6,25926449.77,15378860.3,8894239.61,16422173.05,99,476,524,17,10,7709.321965506988,261883.331010101,49477.95757633587,2.5667589327547526,105.65445825396036,59.31726262727718,34.305659621363574,33.96969696969697,0.15581326196848053,10.084033613445387,0.4075161049478328
1282,Sao Paulo,SP,industrial,Engenharia Vale Verde,2723.0,17435215.22,1401586.86,18251002.27,10410888.53,5624684.14,10736033.87,67,433,444,14,16,6702.534803525523,272403.0189552239,41105.86096846847,8.03882740943877,104.67896174326663,57.042831818134445,30.818494550546127,40.64179104477612,0.16305545354388543,2.5404157043879882,0.9176829650858763
1283,Contagem,MG,residencial_padrao,Engenharia Vale Verde,3000.0,10486705.01,981084.59,11481666.68,6171502.3,3472422.25,6309659.57,70,475,448,14,8,3827.2222266666668,164023.80971428572,25628.72026785714,9.355508608895255,109.48783883070246,53.7509272129471,30.2431898327848,42.857142857142854,0.14933333333333335,-5.684210526315791,0.7628707007941287
1284,Goiania,GO,residencial_popular,Construtora Atlantica,2715.0,5774125.95,92235.0,5949296.71,2954249.29,2249581.91,3072277.57,69,507,539,17,16,2191.269506445672,86221.69144927536,11037.656233766234,1.5973846223427113,103.03371906877092,49.65711804278123,37.812568773360105,39.34782608695652,0.1985267034990792,6.31163708086786,2.770982160512103
1285,Curitiba,PR,comercial,Construtora Atlantica,3649.0,15740041.95,298695.84,16811235.6,9951547.33,5500200.17,10618831.71,116,722,817,27,8,4607.080186352426,144924.4448275862,20576.787760097923,1.8976813463956494,106.80553237026157,59.19581146075902,32.7174057925879,31.45689655172414,0.2238969580707043,13.157894736842103,0.5082578575973872
1286,Goiania,GO,residencial_padrao,Engenharia Mineira,2682.0,9076928.75,740526.12,9574077.26,5540604.91,3383489.59,5608856.05,78,377,446,14,17,3569.7528933631615,122744.58025641025,21466.540941704036,8.158333511211048,105.47705643277192,57.870902433055996,35.34011161718993,34.38461538461539,0.1662938105891126,18.302387267904518,1.8728801853820873
1287,Salvador,BA,comercial,Alfa Construcoes,3810.0,19414246.03,616703.66,20502651.09,11574372.35,7131388.53,11941846.81,149,607,646,21,17,5381.273251968504,137601.68516778524,31737.849984520122,3.1765522031967373,105.60621853827408,56.45305233548702,34.782762964143096,25.57046979865772,0.16955380577427823,6.425041186161451,0.8756456456630162
1288,Contagem,MG,residencial_padrao,Beta Engenharia,8327.0,26940364.41,1023729.52,28223323.06,17817199.86,9011440.83,18816677.21,268,1497,1565,52,20,3389.374691965894,105310.9069402985,18034.0722428115,3.7999839364459436,104.76221713438953,63.12934810023041,31.929056726745348,31.07089552238806,0.1879428365557824,4.542418169672668,0.742380455424582
1289,Salvador,BA,residencial_padrao,Engenharia Mineira,3730.0,11303885.76,834065.33,11982262.03,6316504.11,3555756.73,6896881.86,93,470,441,14,20,3212.4026890080427,128841.52720430106,27170.662199546485,7.378571826614072,106.0012661522156,52.71545634860399,29.675170857534656,40.10752688172043,0.11823056300268096,-6.17021276595745,1.769303089630658
1290,Sao Paulo,SP,residencial_padrao,Obras & Cia,1308.0,5049712.96,273969.18,5317467.8,3061821.93,1738998.83,3161688.76,40,289,323,10,19,4065.342354740061,132936.695,16462.748606811147,5.425440657125984,105.30237742463682,57.58045079276268,32.70351406735364,32.7,0.24694189602446484,11.764705882352944,3.7625901017550114
1291,Ribeirao Preto,SP,residencial_popular,Construtora Horizonte,3548.0,6150865.6,412165.31,6439466.65,3314155.18,2457057.36,3473512.63,78,587,572,19,19,1814.956778466742,82557.26474358975,11257.80882867133,6.700931816816157,104.69203960496228,51.46629930912058,38.15622463080851,45.48717948717949,0.161217587373168,-2.555366269165249,3.088996124382884
1292,Curitiba,PR,residencial_padrao,Construtora Serrana,5406.0,15711142.46,1002821.84,16627996.11,8286896.72,5688309.36,9033474.71,149,1098,1016,33,21,3075.840937846837,111597.28932885906,16366.137903543307,6.382870262637794,105.8356905128591,49.83701382403078,34.20922955700644,36.281879194630875,0.18793932667406585,-7.4681238615664896,1.3366309963432155
1293,Uberlandia,MG,industrial,Estrutural Engenharia,2157.0,12410099.79,711751.32,13682060.39,7310022.25,5349987.24,7686850.62,51,347,388,12,17,6343.097074640705,268275.6939215686,35263.04224226804,5.735258636465807,110.24939864726102,53.42778822510371,39.10220454742489,42.294117647058826,0.1798794622160408,11.815561959654186,1.369851998587354
1294,Uberlandia,MG,residencial_padrao,Construtora Horizonte,2653.0,10776341.71,772684.69,11550518.87,6359662.96,4182133.59,6595707.07,72,452,417,13,15,4353.75758386732,160423.87319444443,27699.08601918465,7.170194772897563,107.18404427804656,55.05954348525297,36.20732226032024,36.84722222222222,0.15718055032039202,-7.743362831858402,1.3919380438800135
1295,Rio de Janeiro,RJ,industrial,Delta Obras,1252.0,7666228.86,3406908.39,11197640.17,4583765.58,2337336.63,4625796.38,27,242,265,8,12,8943.802052715655,414727.4137037037,42255.2459245283,44.44047330462816,146.06451717644129,40.935103382590654,20.873475076132937,46.370370370370374,0.21166134185303515,9.50413223140496,1.5653067784882173
1296,Ribeirao Preto,SP,industrial,Alfa Construcoes,3947.0,24167862.7,2271469.96,25606357.16,14357765.31,8030625.68,15259783.75,82,557,616,20,14,6487.549318469724,312272.64829268295,41568.761623376624,9.398720888959701,105.95209629356262,56.07109679946368,31.361843583689197,48.13414634146341,0.15606789967063592,10.592459605026928,0.5792816755782049
1297,Uberlandia,MG,residencial_padrao,Vertice Engenharia,1539.0,5813198.19,542359.78,6222233.85,3380999.98,1979532.84,3425618.83,44,291,288,9,11,4043.03693957115,141414.40568181817,21604.978645833333,9.32980026266746,107.03632745058704,54.337398135558665,31.813861190704046,34.97727272727273,0.1871345029239766,-1.0309278350515427,1.89224582415278
1298,Sao Paulo,SP,comercial,Construtora Horizonte,2726.0,13406092.16,875538.56,14162413.19,8055835.75,5240743.44,8423083.54,76,507,497,16,18,5195.309314013206,186347.54197368422,28495.801187122735,6.5309006498729,105.6416218908046,56.881801441072064,37.00459356531456,35.86842105263158,0.1823184152604549,-1.9723865877712021,1.3426731507714773
1299,Contagem,MG,residencial_popular,Construtora Horizonte,3743.0,7000209.46,440722.98,7596391.05,4462153.15,2866398.2,4671770.21,89,605,665,22,16,2029.492666310446,85352.70842696629,11423.144436090226,6.295854181483307,108.5166250153892,58.7404350385569,37.73368407620353,42.056179775280896,0.17766497461928935,9.917355371900815,2.2856458926587604
1300,Campinas,SP,industrial,Construtora Horizonte,4233.0,36237718.06,2784930.21,39105760.32,20810200.33,13114484.43,22814919.44,133,753,695,23,11,9238.308603827074,294028.2730827068,56267.281035971224,7.685169925404513,107.91452225344678,53.21517893965345,33.535940287786225,31.827067669172934,0.16418615639026696,-7.70252324037185,0.30355112266691114
1301,Rio de Janeiro,RJ,residencial_padrao,Construtora Planalto,4088.0,18231923.01,754331.82,18036890.1,10569617.36,5919567.57,11510106.22,121,744,770,25,18,4412.155112524462,149065.20743801654,23424.5325974026,4.137423241565124,98.930266928546,58.59999867715554,32.81922513903879,33.78512396694215,0.18835616438356165,3.4946236559139754,0.9872792897450918
1302,Rio de Janeiro,RJ,industrial,Engenharia Mineira,2699.0,13104536.57,924458.66,13277015.86,7066494.42,4949426.63,7484063.81,71,453,518,17,18,4919.235220452019,187000.22338028168,25631.30474903475,7.054493343292642,101.31618000437233,53.223514188074496,37.27815559000168,38.014084507042256,0.19192293442015562,14.348785871964687,1.3735701299965923
1303,Sao Paulo,SP,comercial,Estrutural Engenharia,4740.0,23819905.35,193995.22,23045732.92,13062655.24,8443557.32,14143121.79,156,898,975,32,14,4861.968970464135,147729.0571794872,23636.649148717952,0.8144248146645133,96.74989292096411,56.68144851519871,36.638267697150766,30.384615384615383,0.20569620253164558,8.574610244988868,0.5877437292167913
1304,Rio de Janeiro,RJ,residencial_popular,Obras & Cia,1181.0,1846713.0,20594.79,1969536.11,987473.7,669875.18,1038110.04,26,210,212,7,21,1667.6851058425063,75751.38884615384,9290.26466981132,1.1152133547551786,106.65090406576442,50.13737473439874,34.011825251581705,45.42307692307692,0.17950889077053345,0.952380952380949,11.371555840024952
1305,Ribeirao Preto,SP,residencial_padrao,Construtora Atlantica,4277.0,10843416.79,1056628.12,12121413.89,5862111.23,3858694.37,6302801.54,123,744,736,24,14,2834.0925625438394,98548.08040650407,16469.312350543478,9.744420420825678,111.78592619605467,48.36161262372339,31.83369865113978,34.77235772357724,0.17208323591302316,-1.0752688172043001,1.2911059559115223
1306,Ribeirao Preto,SP,comercial,Construtora Atlantica,802.0,3142049.28,125702.88,5203732.71,2946015.47,1166471.0,3066371.89,24,138,157,5,12,6488.444775561097,216822.19625,33144.79433121019,4.000665451052378,165.6158846114597,56.613504846985116,22.416043732576725,33.416666666666664,0.19576059850374064,13.768115942028981,3.819163523749698
1307,Campinas,SP,industrial,Construtora Atlantica,3267.0,24189899.84,1236843.98,26158123.76,15676018.86,9105312.56,16360722.76,97,563,629,20,15,8006.771888582798,269671.3789690722,41586.84222575517,5.113059533858739,108.1365525819391,59.92791762829399,34.80873721502723,33.68041237113402,0.19253137434955617,11.722912966252231,0.6200935142028269
1308,Campinas,SP,industrial,Delta Obras,1838.0,14573689.74,1345069.1,15548756.58,9441888.62,5573517.98,10077749.28,53,319,330,11,9,8459.60640914037,293372.76566037734,47117.44418181818,9.229434165242495,106.69059694144416,60.724396651400916,35.8454256539657,34.679245283018865,0.1795429815016322,3.4482758620689724,0.6175512283137159
1309,Contagem,MG,residencial_popular,Engenharia Mineira,3457.0,7821862.85,206144.93,7465844.04,4078147.0,3226626.73,4388049.42,111,534,529,17,9,2159.6309054093144,67259.85621621621,14113.12672967864,2.6354966067961674,95.44841405650574,54.624058286650204,43.218512370638805,31.144144144144143,0.15302285218397454,-0.9363295880149836,1.1506210441928166
1310,Uberlandia,MG,industrial,Alfa Construcoes,1169.0,5804969.51,508367.89,6236029.35,3528298.33,1955369.05,3780301.44,40,159,145,4,10,5334.499016253208,155900.73374999998,43007.09896551724,8.757460123162646,107.42570377428218,56.57924509287309,31.355994981005026,29.225,0.12403763900769889,-8.805031446540879,1.7226619334991133
1311,Uberlandia,MG,industrial,Vertice Engenharia,6851.0,43048523.86,1358339.11,44430225.73,22612499.55,14897270.28,22920995.29,239,1083,1039,34,16,6485.217593052109,185900.5260669456,42762.4886717998,3.1553674509665295,103.20963820848652,50.8944061806368,33.52958495086178,28.665271966527197,0.1516566924536564,-4.062788550323171,0.3716736037694186
1312,Salvador,BA,comercial,Engenharia Mineira,2335.0,12806613.09,97793.61,13382818.05,6956042.63,4706527.0,7099110.24,70,403,399,13,10,5731.399593147752,191183.11500000002,33540.89736842106,0.7636180566457638,104.49927670923336,51.977413157761646,35.1684300153808,33.357142857142854,0.1708779443254818,-0.992555831265507,0.7808465774458718
1313,Contagem,MG,residencial_popular,Alfa Construcoes,925.0,1420719.88,31274.46,1382364.02,684650.46,558097.62,705809.66,25,142,156,5,8,1494.447589189189,55294.5608,8861.30782051282,2.201310789006486,97.30025175687696,49.52750868038362,40.372695753467305,37.0,0.16864864864864865,9.859154929577475,5.630948164109593
1314,Belo Horizonte,MG,residencial_popular,Obras & Cia,10129.0,14193577.11,255986.45,13998476.71,6861123.52,5467494.48,7702801.12,310,2048,1783,59,14,1382.0196179287195,45156.37648387097,7851.080600112171,1.8035372479827252,98.62543178165748,49.01335811130552,39.05778173773881,32.674193548387095,0.17602922302300325,-12.939453125,0.986361640303936
1315,Campinas,SP,residencial_popular,Engenharia Vale Verde,2152.0,3992699.89,68821.06,4100887.23,2203632.28,1299781.72,2357831.43,61,320,356,11,9,1905.6167425650558,67227.65950819672,11519.346151685393,1.723672249255879,102.70962864679518,53.73550054923114,31.695134420948218,35.278688524590166,0.1654275092936803,11.250000000000004,2.254113819709099
1316,Contagem,MG,industrial,Vertice Engenharia,1758.0,11742959.36,935287.55,13096318.69,7410675.99,4665687.78,8047934.05,47,290,338,11,15,7449.555568828214,278645.07851063827,38746.505,7.964666497832453,111.52485747851553,56.58594728348048,35.6259487146002,37.40425531914894,0.19226393629124006,16.551724137931046,1.2773611438266956
1317,Contagem,MG,residencial_popular,Engenharia Mineira,1961.0,3874458.23,328102.21,4196182.54,2527430.51,1220667.61,2649597.4,56,361,447,14,14,2139.8177154513005,74931.83107142858,9387.432975391499,8.468337778415023,108.30372379572665,60.23166261017805,29.089954937947006,35.017857142857146,0.2279449260581336,23.822714681440438,3.6134084222660467
1318,Contagem,MG,comercial,Construtora Serrana,4886.0,15136976.45,1437411.89,17063286.37,8955532.52,5547850.2,9755134.13,117,761,771,25,14,3492.2812873516173,145840.05444444445,22131.37012970169,9.496030430832835,112.72585662244326,52.4842186071803,32.513374503014916,41.76068376068376,0.15779778960294719,1.3140604467805517,0.9248874797582183
1319,Campinas,SP,residencial_padrao,Estrutural Engenharia,1813.0,4949512.81,79959.74,4873349.53,2375522.98,1737749.11,2511017.74,41,331,355,11,16,2688.0030501930505,118862.1836585366,13727.745154929578,1.615507284645254,98.46119642632061,48.74517958082929,35.65820795948531,44.21951219512195,0.19580805295091008,7.25075528700907,3.2326413960730815
1320,Rio de Janeiro,RJ,residencial_padrao,Construtora Planalto,4392.0,14701495.29,597760.07,15135157.03,7496289.57,4931374.2,7731221.59,149,691,791,26,11,3446.074005009107,101578.23510067114,19134.206106194688,4.06598144072187,102.9497798111392,49.52898443763289,32.582246687135964,29.476510067114095,0.18010018214936246,14.47178002894356,0.7482232101575568
1321,Campinas,SP,residencial_padrao,Engenharia Mineira,1777.0,5442568.99,335818.98,5882727.57,3075775.13,2237494.33,3206890.43,55,355,379,12,18,3310.482594259989,106958.6830909091,15521.708627968339,6.170229180686968,108.08733119982004,52.284847350155296,38.03498127995072,32.30909090909091,0.21328081035453011,6.760563380281681,3.3072617054689832
1322,Ribeirao Preto,SP,residencial_popular,Engenharia Vale Verde,6093.0,10498958.33,309761.41,10961024.35,5661141.45,4219869.96,6005610.67,167,930,1104,36,15,1798.9536107008041,65634.87634730538,9928.464085144928,2.950401366151531,104.40106537693059,51.647923307459855,38.49886493500947,36.48502994011976,0.1811915312653865,18.709677419354833,1.428713166442294
1323,Campinas,SP,comercial,Engenharia Mineira,6338.0,32813634.18,2529308.66,35348441.97,19717899.52,12755640.41,19901315.51,232,1198,1165,38,12,5577.223409592932,152363.9740086207,30342.010274678112,7.708102815206066,107.7248614892677,55.781523657349474,36.085438845722344,27.31896551724138,0.18381192805301358,-2.7545909849749584,0.3657016450592977
1324,Curitiba,PR,comercial,Construtora Planalto,3289.0,11981786.26,182800.85,14387456.37,7102989.0,6695189.51,7492587.03,146,549,546,18,14,4374.416652477957,98544.22171232876,26350.65269230769,1.5256560752570127,120.0777251220971,49.36931739241132,46.53490747649093,22.527397260273972,0.16600790513833993,-0.5464480874316946,1.1684401387410495
1325,Uberlandia,MG,industrial,Engenharia Mineira,2764.0,16506002.05,1412865.58,17401390.19,9466818.98,6004209.79,9779359.59,81,456,511,17,14,6295.72727568741,214831.977654321,34053.60115459883,8.559708012395406,105.42462152426549,54.402659078584804,34.504196069635974,34.123456790123456,0.18487698986975398,12.061403508771939,0.848176315354329
1326,Belo Horizonte,MG,residencial_popular,Engenharia Vale Verde,3968.0,7515124.46,187868.16,7613472.41,4451084.78,2827672.69,4752254.38,114,640,726,24,12,1918.7178452620967,66784.84570175438,10486.876597796143,2.499867580370053,101.3086669492098,58.463268010975824,37.1403813887335,34.80701754385965,0.18296370967741934,13.437499999999991,1.596779942084951
1327,Contagem,MG,comercial,Alfa Construcoes,3264.0,15636831.04,1344777.63,16943521.01,9255229.75,4804193.0,9657019.45,95,555,645,21,10,5191.029721200981,178352.85273684212,26269.02482170543,8.60006497838324,108.35648838730437,54.624004919270305,28.3541596647154,34.357894736842105,0.19761029411764705,16.216216216216207,0.6395157672561256
1328,Curitiba,PR,residencial_popular,Beta Engenharia,2344.0,3987352.88,221520.77,4348735.87,2541508.66,1532214.9,2640326.6,58,391,384,12,8,1855.2627431740614,74978.20465517242,11324.832994791666,5.5555847868674215,109.06323069153589,58.44247008728999,35.233570071939084,40.41379310344828,0.16382252559726962,-1.7902813299232712,2.0063436171217433
1329,Campinas,SP,industrial,Vertice Engenharia,4347.0,34988502.32,468550.78,34642935.57,17411587.63,12698667.59,17360424.0,115,653,1854,61,14,7969.389365079365,301242.918,18685.51001618123,1.3391564340613937,99.01234197783177,50.26013916983999,36.655864698131296,37.8,0.42650103519668736,183.92036753445637,0.4001314452375794
1330,Uberlandia,MG,industrial,Engenharia Vale Verde,2020.0,15484049.6,317501.36,16169293.65,7328820.12,6278441.75,8018190.28,57,313,342,11,12,8004.600816831683,283671.81842105265,47278.636403508775,2.0505059606629,104.42548343425612,45.32554283841583,38.829412625578726,35.43859649122807,0.16930693069306932,9.26517571884984,0.7749910591864806
1331,Curitiba,PR,industrial,Alfa Construcoes,1990.0,10849716.35,487536.28,11668750.84,6088112.17,3827265.21,6274603.84,51,382,412,13,17,5863.693889447236,228799.03607843138,28322.21077669903,4.493539409442718,107.54890232683366,52.17449796879886,32.79927099720299,39.01960784313726,0.207035175879397,7.853403141361248,1.5668612387272227
1332,Belo Horizonte,MG,residencial_padrao,Obras & Cia,2560.0,7945638.35,693455.79,8902718.87,4623530.74,3209369.21,4844815.32,86,464,538,17,15,3477.6245585937495,103519.98686046511,16547.804591078064,8.727502554908002,112.04535718643676,51.93391825030189,36.04931546041283,29.767441860465116,0.21015625,15.948275862068972,1.8878281818603033
1333,Curitiba,PR,residencial_padrao,Construtora Horizonte,3473.0,10885245.69,945007.86,11755328.83,6599499.84,3980133.98,7210619.05,134,571,690,23,14,3384.7765131010656,87726.33455223881,17036.708449275364,8.68154828023914,107.99323382107326,56.140495390974095,33.85812543025221,25.917910447761194,0.1986754966887417,20.84063047285465,1.2861446033194681
1334,Goiania,GO,residencial_padrao,Beta Engenharia,6169.0,20784788.0,707219.48,21050190.17,11106332.71,7595665.08,12107522.89,153,969,914,30,9,3412.2532290484683,137582.9422875817,23030.84263676149,3.4025821191921706,101.27690583132241,52.76119892649882,36.08359363339661,40.3202614379085,0.14816015561679363,-5.675954592363263,0.4330089871496404
1335,Salvador,BA,residencial_popular,Beta Engenharia,1521.0,2652028.14,75088.22,2634045.82,1340807.04,914478.46,1428106.33,37,234,247,8,12,1731.7855489809335,71190.42756756756,10664.153117408907,2.8313508015793527,99.3219408297832,50.90295050372359,34.717636764572305,41.108108108108105,0.1623931623931624,5.555555555555558,4.52483886539756
1336,Goiania,GO,comercial,Engenharia Vale Verde,3659.0,17327694.3,1484527.14,18368811.53,10987861.23,6472736.62,11070157.37,78,612,661,22,16,5020.172596337798,235497.58371794873,27789.427428139184,8.567366865423057,106.0084002636173,59.81803020872957,35.23764512161664,46.91025641025641,0.18065045094288057,8.006535947712411,0.9233773243564205
1337,Salvador,BA,residencial_popular,Construtora Atlantica,2072.0,4828627.64,292010.64,5246903.57,3006746.32,1678486.96,3272319.91,67,332,305,10,6,2532.289367760618,78311.99358208956,17202.962524590166,6.04748723179657,108.66241841750302,57.305156839388985,31.990047798801076,30.925373134328357,0.1472007722007722,-8.13253012048193,1.2425890847942875
1338,Ribeirao Preto,SP,industrial,Beta Engenharia,1103.0,7154663.05,713542.23,8196205.64,4423551.89,2870846.91,4762533.93,27,192,202,6,16,7430.830135992746,303563.17185185186,40575.275445544554,9.973107398817335,114.55753517281293,53.97072846015123,35.026535888623705,40.851851851851855,0.18313689936536717,5.208333333333326,2.236303776737606
1339,Goiania,GO,comercial,Estrutural Engenharia,2789.0,12316057.58,763198.21,13553844.71,7713444.54,5442861.77,8009691.93,64,433,567,18,10,4859.750702760846,211778.82359375,23904.48802469136,6.19677364320994,110.05018953475857,56.909642282599236,40.157327211992225,43.578125,0.20329867335962712,30.946882217090078,0.8119481364100605
1340,Contagem,MG,industrial,Construtora Atlantica,3636.0,28197634.81,2368762.07,31396199.84,18727786.74,11652367.87,19124256.04,86,520,570,19,15,8634.818437843784,365072.0911627907,55081.052350877195,8.400570068947566,111.34338057625197,59.64985200578338,37.11394350074948,42.27906976744186,0.15676567656765678,9.615384615384626,0.5319595101175083
1341,Salvador,BA,comercial,Construtora Horizonte,2866.0,14182543.14,180723.43,13997638.86,7111589.09,4583371.64,7514559.94,82,464,505,16,12,4884.033098394975,170702.91292682927,27718.096752475245,1.27426673915973,98.69625441520074,50.805633443810684,32.74389120794905,34.951219512195124,0.17620376831821355,8.836206896551735,0.8461105939565645
1342,Belo Horizonte,MG,industrial,Obras & Cia,2400.0,15441954.27,1067894.75,16118300.89,9497594.55,4801276.63,10290902.28,56,420,450,15,19,6715.958704166667,287826.80160714284,35818.44642222222,6.915541461450009,104.37992891426948,58.92429118191006,29.787734220663253,42.857142857142854,0.1875,7.14285714285714,1.2304142123327244
1343,Salvador,BA,comercial,Obras & Cia,1900.0,9704141.44,5134793.55,14691707.02,5246710.07,3649005.39,5691311.41,55,381,367,12,16,7732.477378947368,267121.9458181818,40031.899237057216,52.91342445643497,151.39625809081366,35.71205213157048,24.837177769966175,34.54545454545455,0.1931578947368421,-3.6745406824146953,1.6487805849622903
1344,Curitiba,PR,residencial_padrao,Obras & Cia,2457.0,8709531.3,454635.26,9060166.5,4635739.61,3553881.71,4514393.39,63,436,443,14,21,3687.491452991453,143812.16666666666,20451.843115124153,5.2199738922805174,104.02587909638719,51.166163557811,39.225346576136324,39.0,0.1803011803011803,1.6055045871559592,2.411151562197153
1345,Uberlandia,MG,residencial_popular,Engenharia Mineira,2122.0,3750425.86,194621.01,3892752.62,1895948.2,1261364.95,2063625.89,59,333,342,11,12,1834.4734307257304,65978.8579661017,11382.317602339182,5.189304288766823,103.79494930210407,48.70456422684264,32.402905427882025,35.96610169491525,0.16116870876531575,2.7027027027026973,3.199636640730714
1346,Curitiba,PR,industrial,Engenharia Mineira,2388.0,16683829.17,993596.07,17362027.8,9556231.42,6076850.42,10108470.17,52,380,326,10,16,7270.530904522613,333885.15,53257.753987730066,5.955443800555289,104.06500583942386,55.04098674464741,35.00081033161345,45.92307692307692,0.13651591289782244,-14.210526315789473,0.959012456730879
1347,Rio de Janeiro,RJ,residencial_popular,Beta Engenharia,3046.0,5670088.88,1267.38,5662404.8,3253174.82,1889757.25,3323343.88,60,561,593,19,9,1858.9641497045304,94373.41333333333,9548.743338954468,0.02235203057346078,99.86448043121328,57.45217685602414,33.37375755968559,50.766666666666666,0.19468154957321077,5.704099821746889,1.5872767059693782
1348,Uberlandia,MG,comercial,Engenharia Vale Verde,2389.0,12498161.64,1127277.55,13857784.07,6639982.27,5613883.32,6734559.26,56,350,383,12,11,5800.663068229384,247460.42982142858,36182.203838120106,9.019546893938235,110.87857933960919,47.91518064114272,40.51068548652887,42.660714285714285,0.16031812473838425,9.42857142857143,0.8801294395805237
1349,Campinas,SP,residencial_popular,Construtora Horizonte,2356.0,4257904.31,388315.61,4362064.94,2594867.53,1516108.89,2686871.12,73,374,365,12,5,1851.4706876061123,59754.31424657535,11950.86284931507,9.1198763929009,102.4462886532084,59.48713661287215,34.756678565175136,32.273972602739725,0.15492359932088284,-2.4064171122994638,1.1742866057973953
1350,Rio de Janeiro,RJ,comercial,Construtora Atlantica,2698.0,9973070.63,148576.64,9676942.87,4924700.51,3168996.17,5295619.95,81,478,576,19,16,3586.709736842105,119468.43049382715,16800.248038194444,1.4897782790494485,97.03072633307922,50.89107764878228,32.74790615768098,33.30864197530864,0.2134914751667902,20.502092050209207,1.6043203335861664
1351,Goiania,GO,comercial,Engenharia Vale Verde,2478.0,10116533.71,1003454.24,11443159.44,6498940.87,3943599.05,6797133.07,64,521,522,17,10,4617.901307506053,178799.36625,21921.761379310345,9.918953158907627,113.11344150110085,56.79323882600731,34.46250199236934,38.71875,0.2106537530266344,0.19193857965451588,0.9884808657450714
1352,Contagem,MG,industrial,Construtora Planalto,991.0,4595876.01,292260.61,4818856.05,2395090.54,1967745.5,2537301.91,26,181,200,6,13,4862.619626639757,185340.6173076923,24094.28025,6.35919266237994,104.8517418554118,49.70247119126956,40.83428680132498,38.11538461538461,0.20181634712411706,10.497237569060779,2.8286228722693503
1353,Salvador,BA,industrial,Engenharia Mineira,4046.0,18344168.27,196669.38,18642287.11,11208447.1,5923351.97,11458452.03,138,652,688,22,13,4607.584555116164,135089.0370289855,27096.34754360465,1.0721084603308646,101.6251423101452,60.12377684059819,31.773740716731186,29.318840579710145,0.17004448838358874,5.521472392638027,0.7086720863360244
1354,Rio de Janeiro,RJ,industrial,Estrutural Engenharia,2910.0,16240628.22,668554.71,17693983.5,9673424.16,6867057.79,10002344.13,80,488,446,14,20,6080.406701030928,221174.79375,39672.608744394616,4.116556951760576,108.94888584550087,54.670697302277915,38.810128821472,36.375,0.15326460481099657,-8.606557377049185,1.231479455663569
1355,Contagem,MG,residencial_padrao,Beta Engenharia,4330.0,12390672.03,945640.08,12989493.7,7786421.32,4667674.29,8261483.39,103,625,694,23,9,2999.8830715935333,126111.58932038835,18716.84971181556,7.6318707953082665,104.83284254921885,59.94399396798661,35.93422806002054,42.03883495145631,0.1602771362586605,11.040000000000006,0.7263528546481914
1356,Rio de Janeiro,RJ,industrial,Construtora Atlantica,4289.0,26392733.56,836968.11,27075518.21,13273380.39,9433254.19,13277877.74,113,680,817,27,18,6312.781116810445,239606.35584070798,33140.16916768666,3.171206605398702,102.58701755332692,49.023550674267966,34.84053053697767,37.95575221238938,0.19048729307530893,20.147058823529406,0.682005899808735
1357,Uberlandia,MG,residencial_popular,Construtora Horizonte,4487.0,6508770.54,231399.17,6807532.83,3156448.84,2375047.29,3217659.02,126,873,946,31,15,1517.168003120125,54028.03833333334,7196.123498942918,3.55519016345597,104.59014937097476,46.367001361930996,34.8885176070462,35.611111111111114,0.21083129039447293,8.361970217640312,2.3045827023424303
1358,Rio de Janeiro,RJ,residencial_padrao,Construtora Serrana,2030.0,6270469.77,454049.26,6806451.36,3904139.73,2886451.86,4026514.68,60,366,390,13,16,3352.9317044334975,113440.856,17452.439384615387,7.24107246593105,108.5477102938015,57.359401008045985,42.4075881444336,33.833333333333336,0.1921182266009852,6.557377049180335,2.551642952901119
1359,Salvador,BA,residencial_padrao,Estrutural Engenharia,5132.0,14997547.53,863674.66,16117459.21,8856846.9,5488831.37,9944467.99,166,822,813,27,22,3140.580516367888,97093.12777108434,19824.67307503075,5.758772614471588,107.46729875507855,54.951880346654214,34.05519007980167,30.91566265060241,0.15841777084957132,-1.0948905109489093,1.4669065029460855
1360,Campinas,SP,industrial,Construtora Planalto,3852.0,24005379.53,2040117.7,26637900.15,15065656.21,9495637.88,15799992.58,103,622,656,21,12,6915.342718068536,258620.38980582522,40606.55510670732,8.498585483518077,110.9663778350602,56.55722157213658,35.647096154461714,37.398058252427184,0.1703011422637591,5.466237942122176,0.4998879515736612
1361,Goiania,GO,residencial_popular,Delta Obras,1763.0,3361880.66,71049.92,3614142.69,1857165.89,1185229.55,1895990.79,48,359,363,12,6,2049.9958536585364,75294.639375,9956.315950413224,2.113398040726407,107.50359859591208,51.386069928522936,32.79421018100423,36.729166666666664,0.20589903573454338,1.1142061281337101,1.7847153444167765
1362,Rio de Janeiro,RJ,residencial_padrao,Construtora Serrana,1417.0,5226638.84,113835.32,5468155.88,2854149.71,2176583.82,3061037.08,47,269,295,9,13,3858.9667466478477,116343.74212765957,18536.121627118642,2.1779832792119995,104.62088633619844,52.195836633684266,39.804714199186286,30.148936170212767,0.2081863091037403,9.66542750929369,2.4872581400707614
1363,Ribeirao Preto,SP,comercial,Engenharia Vale Verde,5631.0,22388393.07,1146703.09,24209113.87,14098533.32,8357267.42,14681265.51,214,1092,1174,39,14,4299.25659207956,113126.70032710281,20621.050996592847,5.121864201752645,108.13243181101609,58.23646993321363,34.52116200897526,26.313084112149532,0.20848872313976202,7.509157509157505,0.6253240219709971
1364,Contagem,MG,residencial_padrao,Engenharia Vale Verde,1646.0,5092261.25,330239.4,5307951.42,3223301.72,2002465.04,3412522.42,37,342,358,11,16,3224.7578493317133,143458.14648648648,14826.679944134077,6.485122891132108,104.23564619745305,60.725908452266886,37.72576049688111,44.486486486486484,0.2174969623329283,4.678362573099415,3.1420226132349356
1365,Campinas,SP,residencial_padrao,Construtora Horizonte,3465.0,9362561.25,859854.08,10546824.12,5915643.37,3105154.46,6039849.37,91,575,479,15,19,3043.816484848485,115899.16615384615,22018.42196242171,9.183962134293113,112.64891986687937,56.089333648620666,29.44160654117365,38.07692307692308,0.13823953823953825,-16.695652173913047,2.0293592204804
1366,Goiania,GO,residencial_padrao,Engenharia Vale Verde,4902.0,14191814.49,973741.99,15328595.0,9522759.94,6111627.56,10101661.32,131,739,701,23,17,3127.0083639330887,117012.17557251909,21866.754636233953,6.861293111505433,108.01011393434582,62.12415384449781,39.87076154076743,37.41984732824427,0.14300285597715218,-5.142083897158322,1.1978736060831923
1367,Campinas,SP,residencial_popular,Beta Engenharia,3496.0,6093993.29,402275.24,6519285.48,2784248.55,2316737.3,2977098.38,93,590,697,23,16,1864.7841762013732,70099.84387096774,9353.350760401723,6.601176287150129,106.97887525898476,42.70787893154204,35.53667510200826,37.59139784946237,0.19937070938215104,18.135593220338976,2.6255362023872526
1368,Campinas,SP,residencial_padrao,Delta Obras,3573.0,9989722.16,244311.49,10087547.51,5855194.1,3423785.35,6288685.45,99,508,521,17,16,2823.271063532046,101894.41929292929,19361.895412667945,2.445628477819447,100.97925996772668,58.043782140263744,33.94071102620264,36.09090909090909,0.14581584102994682,2.5590551181102317,1.6016461462828113
1369,Campinas,SP,industrial,Vertice Engenharia,6316.0,28194790.9,1053332.03,29090253.16,16986981.17,11530704.2,17958672.94,188,956,1070,35,13,4605.8032235592145,154735.38914893617,27187.152485981307,3.735910061315617,103.17598475255937,58.39406441934176,39.63768942325698,33.59574468085106,0.1694110196326789,11.924686192468625,0.4610780780786
1370,Ribeirao Preto,SP,residencial_padrao,Construtora Horizonte,7671.0,27110635.19,1373454.98,50946507.61,29156475.5,9854573.88,30780176.73,258,1089,1044,34,13,6641.442785816712,197467.0837596899,48799.336791187736,5.066111400099586,187.9207449510149,57.2295862224657,19.342982163640404,29.732558139534884,0.13609698865858427,-4.1322314049586755,0.47951661437999676
1371,Contagem,MG,residencial_popular,Beta Engenharia,8067.0,13668154.09,432542.6,13867689.62,8547432.13,3683668.71,8717678.68,165,1246,1198,39,14,1719.064041155324,84046.60375757575,11575.700851419031,3.1646014315602433,101.45985718836741,61.63558865402412,26.56295901436537,48.89090909090909,0.14850626007189785,-3.8523274478330705,1.0242787656485954
1372,Rio de Janeiro,RJ,residencial_padrao,Construtora Planalto,7478.0,25237115.26,721592.09,26571658.19,13872262.72,8476355.64,13833458.31,275,1415,1352,45,16,3553.3108036908266,96624.21160000001,19653.593335798818,2.859249492526984,105.28801693953986,52.20698919430139,31.89998749566182,27.19272727272727,0.18079700454667022,-4.452296819787982,0.6339868814309166
1373,Belo Horizonte,MG,residencial_popular,Construtora Serrana,619.0,952654.65,51909.36,986317.63,602424.06,327056.74,648465.95,17,120,117,3,14,1593.4048949919224,58018.68411764706,8430.065213675214,5.448916876645697,103.53359740594348,61.07809915148734,33.15937280772321,36.411764705882355,0.1890145395799677,-2.500000000000002,14.69577669095511
1374,Campinas,SP,residencial_popular,Obras & Cia,2649.0,4142620.15,88795.17,4285599.5,2280271.03,1518665.57,2388550.44,86,437,437,14,11,1617.8178557946394,49832.5523255814,9806.863844393592,2.1434543063283273,103.45142312891033,53.207749114213776,35.43647907369786,30.802325581395348,0.16496791241978104,0.0,2.6553243120781906
1375,Campinas,SP,residencial_padrao,Construtora Horizonte,2492.0,8610200.9,265724.01,9547133.54,5589153.82,3715075.16,6001953.58,56,464,392,13,13,3831.1129775280897,170484.5275,24354.9325,3.0861534252934795,110.88165828976184,58.5427426628412,38.91299042204452,44.5,0.15730337078651685,-15.517241379310342,1.5098370120492774
1376,Campinas,SP,residencial_padrao,Estrutural Engenharia,3421.0,12980674.9,409970.58,13711584.27,7026055.6,4348467.01,7717584.01,96,621,621,20,12,4008.063218357205,142829.0028125,22079.845845410626,3.158314826912428,105.63075013919345,51.241749032404115,31.713818945883194,35.635416666666664,0.18152586962876352,0.0,0.9244511623968026
1377,Sao Paulo,SP,residencial_popular,Delta Obras,1569.0,2235660.1,91349.24,2285617.02,1358311.05,820061.79,1437038.12,50,265,285,9,17,1456.7348757170173,45712.3404,8019.708842105263,4.086007528604192,102.23454898175264,59.42863734887659,35.879230108288226,31.38,0.18164435946462715,7.547169811320753,7.604018160005628
1378,Belo Horizonte,MG,residencial_popular,Alfa Construcoes,2993.0,5980647.86,330361.89,5967831.86,3346368.38,2218599.51,3571446.52,80,523,515,17,17,1993.9297895088541,74597.89825,11588.023029126214,5.5238478795840695,99.78570883456095,56.07343602338018,37.17597214610533,37.4125,0.17206815903775477,-1.5296367112810683,2.8425014142196963
1379,Goiania,GO,residencial_popular,Estrutural Engenharia,2252.0,4678205.82,140051.61,4733910.45,2913518.36,1780222.33,3027902.28,61,367,304,10,11,2102.0916740674957,77605.08934426229,15572.073848684211,2.9937034707036463,101.19072636269775,61.54570076415366,37.6057457952125,36.91803278688525,0.1349911190053286,-17.166212534059945,2.3513287835634387
1380,Goiania,GO,residencial_popular,Delta Obras,3373.0,7023835.96,277329.77,7069502.34,3980087.87,2405053.89,4160457.87,100,432,376,12,13,2095.9093803735545,70695.0234,18801.867925531915,3.948408983059451,100.65016296308833,56.2994066425332,34.02013005062532,33.73,0.11147346575748592,-12.962962962962965,1.8508404914399512
1381,Sao Paulo,SP,residencial_padrao,Engenharia Vale Verde,2017.0,7271126.92,336687.21,7596914.88,4096051.76,2633404.41,4287978.0,58,344,368,12,18,3766.442677243431,130981.29103448275,20643.790434782608,4.630468065052013,104.48057039279408,53.91730491522896,34.66412947356862,34.775862068965516,0.18244918195339613,6.976744186046502,2.4755447399066997
1382,Uberlandia,MG,industrial,Construtora Planalto,1244.0,8434018.53,535842.08,9105825.99,4487533.81,3674641.91,4629943.33,34,186,180,6,12,7319.795811897106,267818.41147058824,50587.92216666667,6.353342455841155,107.96544918190973,49.28200709005641,40.35484440440092,36.588235294117645,0.14469453376205788,-3.2258064516129004,1.4228092998984674
1383,Sao Paulo,SP,residencial_padrao,Construtora Serrana,12441.0,41497031.82,2476697.79,45564267.96,25731071.69,14595334.35,27835683.16,452,1708,1820,60,4,3662.428097419822,100805.90256637169,25035.312065934068,5.968373354371638,109.80127002249773,56.47204013589951,32.032412685337036,27.52433628318584,0.14629049111807732,6.557377049180335,0.09639243638799609
1384,Contagem,MG,industrial,Delta Obras,2648.0,17592001.85,846013.64,17715623.79,9692965.09,6217244.49,10076307.02,64,497,534,17,15,6690.190253021147,276806.62171875,33175.3254494382,4.809081122282851,100.7027167291936,54.71421839219357,35.09469699570765,41.375,0.20166163141993956,7.444668008048283,0.8526602104694525
1385,Uberlandia,MG,residencial_padrao,Obras & Cia,1541.0,4939459.69,60108.43,9103127.3,4378373.07,1305617.52,4693579.18,44,222,217,7,16,5907.285723556133,206889.25681818184,41949.895391705075,1.2169029361994854,184.29398904559133,48.09746063860933,14.342516335018185,35.02272727272727,0.14081765087605452,-2.2522522522522515,3.239220684884261
1386,Curitiba,PR,residencial_padrao,Engenharia Vale Verde,2383.0,7168687.14,279343.08,7539348.69,4310298.83,2635529.97,4651760.23,72,482,582,19,12,3163.8055770037768,104713.17625,12954.207371134022,3.8967118322309715,105.17056390886101,57.17070541805648,34.95699798970301,33.09722222222222,0.24422996223248006,20.746887966804973,1.6739466747045124
1387,Sao Paulo,SP,comercial,Beta Engenharia,2884.0,13113625.22,1032780.03,14139006.44,7753965.6,5022805.4,7593267.58,64,490,537,17,9,4902.568113730929,220921.975625,26329.620931098696,7.8756256387812185,107.8192048560009,54.840951044930705,35.52445796891511,45.0625,0.1861997226074896,9.591836734693882,0.6863090754091262
1388,Belo Horizonte,MG,residencial_padrao,Alfa Construcoes,6216.0,18252562.18,1461431.22,19329321.86,10281174.34,6622873.11,11191216.12,243,1256,1123,37,10,3109.6077638352635,79544.53440329219,17212.21893143366,8.006718210779983,105.89922482871937,53.18952425990593,34.263349526531194,25.580246913580247,0.18066280566280565,-10.589171974522294,0.547868288374186
1389,Rio de Janeiro,RJ,comercial,Alfa Construcoes,1330.0,5301508.45,128819.16,5264487.24,3148251.9,1906311.06,3323370.36,44,278,266,8,14,3958.261082706767,119647.43727272727,19791.305413533835,2.4298586188238556,99.30168535334505,59.80168165437514,36.210764184509635,30.227272727272727,0.2,-4.316546762589923,2.640757839403236
1390,Sao Paulo,SP,residencial_popular,Construtora Horizonte,4086.0,6601385.66,413679.25,6947437.75,3765180.63,2856187.79,3754412.19,120,586,546,18,12,1700.3029246206559,57895.31458333333,12724.244963369963,6.266551771192838,105.24211291118537,54.195240972112344,41.11138368961996,34.05,0.13362701908957417,-6.825938566552903,1.8178001737895737
1391,Sao Paulo,SP,residencial_padrao,Construtora Atlantica,2666.0,6616530.2,205602.24,6958497.44,3968674.73,2253779.31,4177408.46,87,464,567,18,15,2610.0890622655666,79982.72919540231,12272.482257495592,3.107402729001373,105.16837722587589,57.033501330137724,32.38887891291658,30.64367816091954,0.2126781695423856,22.19827586206897,2.2670492760692
1392,Goiania,GO,residencial_padrao,Beta Engenharia,1516.0,4033235.11,90160.59,4068433.79,2390118.44,1494547.07,2547124.99,51,272,291,9,12,2683.6634498680737,79773.21156862745,13980.872130584192,2.2354409683793515,100.87271579860864,58.74787604691485,36.73519460175362,29.725490196078432,0.19195250659630606,6.985294117647056,2.9752790682217385
1393,Salvador,BA,comercial,Construtora Horizonte,3717.0,15819028.36,1029470.47,17653551.34,9588096.51,6803327.99,10228400.16,134,726,713,23,11,4749.408485337638,131742.9204477612,24759.53904628331,6.507798371505038,111.59693843547798,54.312564794115815,38.53801345106576,27.738805970149254,0.19182136131288674,-1.7906336088154284,0.6953650849893287
1394,Ribeirao Preto,SP,industrial,Estrutural Engenharia,5584.0,35052764.73,3223008.16,35884791.1,19837958.79,12587419.63,20938724.72,122,798,888,29,11,6426.359437679083,294137.6319672131,40410.80078828829,9.19473309687775,102.37363978678667,55.282358296910914,35.07731059356787,45.77049180327869,0.15902578796561603,11.2781954887218,0.31381262176405794
1395,Ribeirao Preto,SP,residencial_padrao,Construtora Horizonte,2843.0,8105582.9,37629.39,8230403.83,4168433.6,3176149.89,4389649.49,107,477,511,17,18,2894.9714491734085,76919.66196261682,16106.46542074364,0.46424039411156964,101.53993773846912,50.64676881109976,38.59045018450814,26.570093457943926,0.1797397115722828,7.127882599580704,2.22069161737893
1396,Uberlandia,MG,residencial_popular,Alfa Construcoes,3273.0,4815356.57,481001.9,5474722.85,3273004.84,1969188.15,3583518.74,81,499,487,16,21,1672.692590895203,67589.17098765432,11241.73069815195,9.98891552489954,113.69298971768562,59.78393664256447,35.968727622440284,40.407407407407405,0.1487931561258784,-2.4048096192384794,4.361047763488883
1397,Ribeirao Preto,SP,residencial_padrao,Estrutural Engenharia,2458.0,7126426.55,391692.5,7141222.42,4127533.23,2295138.01,4379800.81,75,424,419,13,14,2905.297973962571,95216.29893333334,17043.49026252983,5.496338133169982,100.20761976421409,57.7986930982609,32.13928757592176,32.77333333333333,0.17046379170056958,-1.1792452830188704,1.9645189495428113
1398,Rio de Janeiro,RJ,industrial,Construtora Horizonte,3559.0,21272979.94,626112.67,22641452.4,11701267.08,7871908.49,11646753.84,87,465,491,16,6,6361.745546501826,260246.57931034482,46112.93767820774,2.943229729760183,106.43291378951018,51.680726453749934,34.767683410627846,40.9080459770115,0.137960101152009,5.591397849462365,0.28204793202094275
1399,Salvador,BA,residencial_padrao,Obras & Cia,1897.0,5504131.75,229357.73,5777273.98,3064703.16,1909457.4,3229507.82,57,371,1054,35,16,3045.479167105957,101355.68385964913,5481.2846110056935,4.167010173766281,104.96249440250045,53.04756483091355,33.05118307717855,33.280701754385966,0.5556141275698471,184.09703504043128,2.9069071611521653
1400,Curitiba,PR,residencial_popular,Construtora Atlantica,4888.0,5451572.42,302897.28,9891843.49,5499144.41,2071748.71,5959988.91,155,755,804,26,8,2023.6995683306056,63818.345096774196,12303.287922885573,5.556145212136795,181.44936410841993,55.592715509088585,20.944010204916818,31.53548387096774,0.16448445171849427,6.490066225165569,1.467466518586577
1401,Curitiba,PR,residencial_padrao,Estrutural Engenharia,1452.0,4920499.52,141750.77,5104110.56,2706285.8,1913110.37,2714916.08,41,261,259,8,16,3515.2276584022034,124490.50146341462,19706.990579150577,2.880820726103841,103.73155284852056,53.02169238277629,37.48175803621307,35.41463414634146,0.17837465564738292,-0.7662835249042099,3.2517023800055163
1402,Rio de Janeiro,RJ,residencial_popular,Estrutural Engenharia,4404.0,7981964.47,496980.79,8413330.41,4526544.78,2768828.74,4811058.43,121,931,854,28,16,1910.383835149864,69531.65628099174,9851.674953161593,6.226296695104182,105.4042578317816,53.802056491443565,32.910020230621136,36.396694214876035,0.19391462306993643,-8.270676691729328,2.0045190704788993
1403,Ribeirao Preto,SP,industrial,Vertice Engenharia,3467.0,23238740.8,510100.01,22743169.6,14032018.63,8199984.38,14557135.78,114,620,591,19,18,6559.898932794924,199501.48771929825,38482.52047377327,2.1950415230759837,97.86747825854661,61.697726731985505,36.05471235636391,30.412280701754387,0.17046437842515144,-4.677419354838708,0.7745686461634788
1404,Sao Paulo,SP,comercial,Obras & Cia,2440.0,9197957.89,824048.28,9233023.7,5033560.67,3184436.86,5409780.48,95,352,392,13,20,3784.026106557377,97189.72315789472,23553.6318877551,8.959035145136982,100.38123473078868,54.51692569575014,34.489642434254776,25.68421052631579,0.16065573770491803,11.363636363636353,2.17439569078088
1405,Sao Paulo,SP,industrial,Construtora Horizonte,4949.0,23140931.94,1053445.45,23634643.3,11437842.08,7475065.35,12011632.11,160,785,710,23,6,4775.640189937361,147716.520625,33288.23,4.552303479960885,102.13349817232987,48.39439264987765,31.627578445408567,30.93125,0.14346332592442917,-9.554140127388532,0.25928082825518217
1406,Curitiba,PR,residencial_padrao,Alfa Construcoes,1800.0,4910069.56,307214.6,5376855.9,3047430.0,1905808.79,3299923.66,57,298,312,10,13,2987.142166666667,94330.8052631579,17233.5125,6.256827856426539,109.50671542013757,56.67680251576018,35.44466925364319,31.57894736842105,0.17333333333333334,4.697986577181212,2.6476203322871057
1407,Campinas,SP,residencial_popular,Construtora Planalto,3092.0,5592196.99,376853.21,6112629.0,3123214.73,2099400.75,3251708.74,84,718,805,26,12,1976.9175291073739,72769.39285714286,7593.327950310559,6.738911570423774,109.30639623265488,51.09445919259945,34.34529970655834,36.80952380952381,0.2603492884864166,12.116991643454034,2.1458471547870133
1408,Uberlandia,MG,comercial,Engenharia Vale Verde,2909.0,16987542.51,752636.47,18399501.54,10148462.25,6669130.52,10677184.53,74,533,517,17,12,6325.026311447233,248641.91270270268,35588.97783365571,4.430520009335947,108.31173213646896,55.15618033422008,36.24625648418517,39.310810810810814,0.1777243038844964,-3.0018761726078758,0.7063999982890992
1409,Rio de Janeiro,RJ,comercial,Construtora Horizonte,2669.0,13337506.55,97312.24,13041512.45,6789959.76,4002607.33,7543042.28,73,418,394,13,14,4886.291663544398,178650.85547945203,33100.28540609137,0.7296134373782182,97.78073885931849,52.064204869121596,30.69128174623642,36.56164383561644,0.1476208317721993,-5.741626794258369,1.049671462017014
1410,Belo Horizonte,MG,comercial,Construtora Serrana,5104.0,31227710.25,1751442.27,46044728.23,23707958.94,12729179.53,25634720.4,148,846,833,27,18,9021.302552899686,311113.0285810811,55275.78418967587,5.6086157325607955,147.44830108060836,51.48897572285661,27.645248477558447,34.486486486486484,0.16320532915360503,-1.5366430260047248,0.5764111379251702
1411,Salvador,BA,residencial_padrao,Estrutural Engenharia,2617.0,9091341.27,368223.62,9392884.61,5170059.8,3511630.06,5683936.82,69,393,406,13,12,3589.18021016431,136128.7624637681,23135.183768472903,4.050267271508993,103.31681905941696,55.04230079113045,37.38606621720226,37.927536231884055,0.15513947267863967,3.30788804071247,1.3199372505790887
1412,Sao Paulo,SP,residencial_popular,Construtora Atlantica,1464.0,2515126.52,128118.0,2602766.57,1585786.09,948435.57,1730402.25,40,241,234,7,15,1777.8460177595628,65069.164249999994,11122.934059829058,5.093898815078297,103.48451854422018,60.92694244186486,36.4395171250413,36.6,0.1598360655737705,-2.904564315352698,5.963914690064976
1413,Ribeirao Preto,SP,residencial_padrao,Construtora Atlantica,1505.0,4450605.02,189878.39,4698045.76,2670622.93,1562384.19,2841719.29,44,406,410,13,19,3121.6250897009963,106773.76727272727,11458.64819512195,4.266350061322675,105.55971017171954,56.84540054373588,33.25604453031126,34.20454545454545,0.2724252491694352,0.9852216748768461,4.269082498810466
1414,Goiania,GO,industrial,Engenharia Vale Verde,6586.0,35007542.78,3064006.51,61679234.72,37938233.95,12712305.44,39888213.86,157,1008,987,32,12,9365.204178560583,392861.3676433121,62491.625856129685,8.752418098166213,176.18841490136714,61.50892455495759,20.61034884383533,41.94904458598726,0.14986334649255997,-2.083333333333337,0.3427832703201227
1415,Curitiba,PR,industrial,Vertice Engenharia,2182.0,8934157.58,338047.09,8860459.63,5446092.77,3148153.46,5570507.39,69,486,467,15,19,4060.7056049495877,128412.45840579711,18973.146959314778,3.7837601024270273,99.17509905841622,61.46512706361712,35.53036288705487,31.6231884057971,0.21402383134738773,-3.9094650205761305,2.126669451469424
1416,Goiania,GO,comercial,Construtora Serrana,2847.0,11950648.16,1184784.93,13947110.6,7565610.87,5766696.41,8260176.2,108,520,518,17,14,4898.879733052336,129139.91296296296,26924.923938223936,9.913980515011664,116.7058925446601,54.2450051984244,41.34688951272818,26.36111111111111,0.18194590797330523,-0.38461538461538325,1.1714845766156334
1417,Sao Paulo,SP,comercial,Construtora Planalto,13335.0,49952116.41,1407485.59,63473031.67,28766941.14,37211739.68,29303609.52,943,2080,2238,74,17,4759.882389951256,67309.68363732767,28361.497618409296,2.817669582701071,127.06775254330012,45.321517474635534,58.6260632286575,14.14103923647932,0.16782902137232847,7.596153846153841,0.34032592053690724
1418,Sao Paulo,SP,industrial,Delta Obras,3089.0,15276394.61,62867.25,15238192.47,8534817.63,5114699.56,8721969.15,106,660,680,22,9,4933.05033020395,143756.53273584906,22409.106573529414,0.4115319851638737,99.74992698882633,56.00938330975157,33.56500168946875,29.141509433962263,0.22013596633214633,3.0303030303030276,0.5891442470403689
1419,Contagem,MG,residencial_popular,Alfa Construcoes,2448.0,3588818.61,278349.99,3953045.62,2087298.69,1331738.3,2225316.92,77,455,521,17,18,1614.8062173202616,51338.2548051948,7587.419616122841,7.75603395569775,110.14893895682289,52.80229197051361,33.688918065155036,31.792207792207794,0.2128267973856209,14.505494505494498,5.0155780929814116
1420,Contagem,MG,industrial,Construtora Serrana,1109.0,8005263.26,533293.55,8797475.24,4974853.23,3092028.78,5182507.2,30,192,214,7,8,7932.80003606853,293249.17466666666,41109.69738317757,6.661786535674781,109.89613900592697,56.54864713208332,35.14677445116629,36.96666666666667,0.19296663660955815,11.458333333333325,0.9993425250576956
1421,Sao Paulo,SP,residencial_popular,Delta Obras,8287.0,13619517.8,877921.39,14113584.29,7952070.81,4628014.4,8305394.61,211,1523,1695,56,18,1703.0993471702666,66889.02507109004,8326.598401179941,6.446053398454385,103.62763570087627,56.3433827056557,32.79120530196657,39.274881516587676,0.20453722698202004,11.29349967170059,1.3216326939269465
1422,Sao Paulo,SP,residencial_popular,Construtora Planalto,15073.0,31105146.6,2022494.81,32257122.11,17616183.24,12670268.84,19400456.65,355,2274,2159,71,16,2140.0598493995885,90865.13270422535,14940.769851783232,6.502122738749606,103.70348844457784,54.611763504279956,39.27898092332329,42.459154929577466,0.14323625024878922,-5.0571679859278795,0.5143843302124157
1423,Salvador,BA,residencial_popular,Alfa Construcoes,1417.0,2635321.96,22663.5,2730020.36,1555798.88,999044.34,1587631.18,41,295,262,8,17,1926.6198729710654,66585.8624390244,10419.925038167938,0.8599897979827862,103.59342810621894,56.9885449498992,36.594757850084314,34.5609756097561,0.18489767113620326,-11.186440677966104,6.450824703027937
1424,Campinas,SP,comercial,Beta Engenharia,5188.0,21096887.2,86150.4,20762878.36,9886552.76,7343815.17,10241220.81,158,684,634,21,16,4002.096831148805,131410.62253164555,32749.019495268138,0.4083559777482244,98.41678615032838,47.616484519056826,35.369928208739935,32.835443037974684,0.12220508866615266,-7.309941520467833,0.7584057234756415
1425,Curitiba,PR,residencial_padrao,Alfa Construcoes,4694.0,15651176.3,1212500.69,16385647.59,8510320.02,6190784.66,9387937.68,125,888,956,31,24,3490.7642927141032,131085.18072,17139.798734309625,7.747025953570019,104.69275456311868,51.93764831848186,37.78175153588788,37.552,0.20366425223689816,7.657657657657668,1.5334310686922616
1426,Sao Paulo,SP,industrial,Vertice Engenharia,2059.0,12276010.34,1144703.65,13580686.88,7053054.4,4423426.31,7614819.83,50,285,340,11,15,6595.7682758620695,271613.7376,39943.19670588236,9.324720477548896,110.6278546845864,51.93444530693723,32.57144759382008,41.18,0.1651287032540068,19.298245614035082,1.2218953539916944
1427,Sao Paulo,SP,residencial_padrao,Delta Obras,5858.0,20625321.93,1711874.18,21644540.43,12330401.36,7460478.29,12937144.67,145,886,1024,34,7,3694.8686292249913,149272.69262068966,21137.246513671875,8.299866473890233,104.94158832264102,56.96772079720244,34.46817600090759,40.4,0.17480368726527826,15.575620767494346,0.33938864196918744
1428,Contagem,MG,residencial_padrao,Alfa Construcoes,1390.0,4038362.78,179949.46,4221058.13,2596432.62,1733494.37,2662826.97,36,215,232,7,16,3036.732467625899,117251.61472222222,18194.216077586207,4.45600035963089,104.52399548908285,61.51141585913199,41.06776823753432,38.611111111111114,0.1669064748201439,7.906976744186056,3.9620016505797926
1429,Campinas,SP,industrial,Alfa Construcoes,6931.0,48463075.87,536461.45,50169236.26,29383867.57,18033282.74,31850429.66,192,1125,1192,39,6,7238.38353195787,261298.1055208333,42088.28545302013,1.1069488272660066,103.52053673724033,58.56949349940135,35.94490186484652,36.098958333333336,0.17198095512913,5.955555555555558,0.12380559616345294
1430,Rio de Janeiro,RJ,residencial_padrao,Construtora Planalto,1647.0,6333222.65,432492.39,6759660.18,3565097.95,2425941.24,3849389.85,53,274,306,10,7,4104.225974499089,127540.75811320754,22090.392745098037,6.828946555352826,106.7333418319029,52.74078659380182,35.88850882145972,31.07547169811321,0.18579234972677597,11.678832116788328,1.1052824741602918
1431,Belo Horizonte,MG,residencial_popular,Construtora Atlantica,2405.0,4248534.8,60829.99,5211637.82,2712889.85,2948269.3,2872275.74,132,432,516,17,15,2167.0011725571726,39482.1046969697,10100.073294573644,1.4317874953030865,122.66906275547045,52.05445857325519,56.570878518952796,18.21969696969697,0.21455301455301456,19.444444444444443,3.5306289594238467
1432,Salvador,BA,industrial,Beta Engenharia,3476.0,20650680.97,353549.86,21051989.13,12334243.77,7359915.54,12833796.87,103,511,586,19,12,6056.383524165707,204388.2439805825,35924.89612627986,1.7120494017297292,101.9433168358128,58.58944584207089,34.96066568603629,33.74757281553398,0.16858457997698503,14.677103718199614,0.5810946388369874
1433,Rio de Janeiro,RJ,residencial_padrao,Engenharia Mineira,3604.0,14010151.5,154336.66,13632532.78,7353892.06,4390791.97,7662568.92,83,741,682,22,11,3782.6117591564926,164247.38289156626,19989.050997067447,1.1016059319558393,97.30467782593215,53.943696147121976,32.208189342787705,43.42168674698795,0.18923418423973362,-7.9622132253711175,0.785144971487282
1434,Contagem,MG,residencial_popular,Construtora Atlantica,3710.0,7768448.21,266564.69,8321461.88,4472920.46,3095124.72,4518979.18,105,599,684,22,8,2242.981638814016,79252.0179047619,12165.879941520468,3.4313762902720057,107.11871476839,53.75161869995853,37.194482948229286,35.333333333333336,0.18436657681940702,14.190317195325552,1.029806698035514
1435,Curitiba,PR,industrial,Construtora Horizonte,1733.0,11186422.18,669431.97,12313669.23,6508991.05,4652311.04,7100183.49,64,267,300,10,13,7105.406364685517,192401.08171875,41045.5641,5.984325991172272,110.07692211022916,52.8598822042583,37.78167947426666,27.078125,0.17311021350259664,12.35955056179776,1.1621231338150695
1436,Belo Horizonte,MG,industrial,Beta Engenharia,1636.0,9553395.35,839747.16,10616243.18,5572834.83,3497653.91,5868013.76,40,208,193,6,16,6489.14619804401,265406.0795,55006.441347150256,8.790038821119238,111.12534121180278,52.493473778923,32.94624897618444,40.9,0.11797066014669927,-7.211538461538458,1.674797222748664
1437,Salvador,BA,residencial_padrao,Vertice Engenharia,4961.0,13779946.23,215194.84,13747733.21,7519350.76,4945003.65,8004431.91,141,1005,1113,37,14,2771.161703285628,97501.65397163121,12351.961554357593,1.5616522474630876,99.76623261468272,54.69520425760429,35.96959276459511,35.184397163120565,0.22434992944970772,10.746268656716417,1.0159691312525534
1438,Salvador,BA,residencial_popular,Construtora Planalto,1338.0,2397018.3,167369.95,2576769.79,1396643.26,834588.91,1540124.6,44,246,269,8,7,1925.836913303438,58562.949772727276,9579.069851301116,6.982422704073642,107.49896193950627,54.20132079396972,32.388958968662855,30.40909090909091,0.20104633781763825,9.349593495934961,2.920294767878911
1439,Salvador,BA,comercial,Construtora Planalto,4073.0,20892297.71,1221391.33,22006797.98,11167878.93,7609900.93,11399533.24,108,612,714,23,16,5403.0930468941815,203766.64796296298,30821.845910364147,5.846132134214164,105.33450310478081,50.747405143399234,34.579773654104315,37.71296296296296,0.17530076110974713,16.666666666666675,0.7658324719516932
1440,Belo Horizonte,MG,residencial_padrao,Beta Engenharia,2347.0,8010668.57,445838.18,8524797.89,4326780.88,2758208.33,4625598.23,59,450,496,16,12,3632.2104345973585,144488.0998305085,17187.09252016129,5.565555185614176,106.4180575629532,50.7552312187427,32.355116984480205,39.779661016949156,0.21133361738389433,10.222222222222221,1.4980023071906967
1441,Campinas,SP,industrial,Construtora Planalto,6054.0,40723674.94,3403005.72,46653538.14,24345907.51,14948901.68,25035781.23,179,1470,1519,50,12,7706.233587710604,260634.2912849162,30713.32333113891,8.35633258789586,114.56121828085686,52.18448263654029,32.04237508233711,33.82122905027933,0.2509084902543773,3.3333333333333437,0.2946688877582913
1442,Curitiba,PR,residencial_padrao,Construtora Planalto,2208.0,7651785.1,322349.48,7790279.95,4131022.09,2206511.92,4202406.98,70,364,354,11,12,3528.206499094203,111289.71357142857,22006.440536723163,4.212735666086597,101.80996784658787,53.027902931781036,28.323910490533784,31.542857142857144,0.16032608695652173,-2.7472527472527486,1.568261502796256
1443,Uberlandia,MG,industrial,Engenharia Mineira,3247.0,20726065.76,1624823.2,22359177.43,10919262.6,7409862.48,11331801.07,98,535,622,20,18,6886.103304588851,228154.87173469388,35947.230594855304,7.8395158001274226,107.87950636126902,48.835707995900094,33.14013900197401,33.13265306122449,0.19156144133045888,16.26168224299065,0.8684716244960905
1444,Sao Paulo,SP,residencial_popular,Construtora Serrana,4106.0,6563371.74,524719.11,7053987.93,3481861.57,2565225.61,3678617.58,121,687,681,22,17,1717.9707574281538,58297.420909090906,10358.278898678414,7.994657788498202,107.47506326679586,49.36018610397594,36.36560815606612,33.93388429752066,0.16585484656600097,-0.8733624454148492,2.5901321262049986
1445,Salvador,BA,residencial_padrao,Beta Engenharia,3240.0,10888712.93,906249.59,11478521.48,5298511.02,4211954.7,5370749.33,90,514,564,18,10,3542.7535432098766,127539.12755555556,20351.98843971631,8.3228348090907,105.41669666370754,46.160222196142975,36.694226755064626,36.0,0.17407407407407408,9.727626459143979,0.9183821875263636
1446,Curitiba,PR,residencial_padrao,Construtora Serrana,7024.0,25597530.84,443627.63,25255934.43,14616742.36,8719847.84,15593372.4,220,1198,1273,42,15,3595.662646640091,114799.70195454545,19839.697117046348,1.733087588693379,98.66551030982174,57.8744864915299,34.525936326640995,31.927272727272726,0.1812357630979499,6.260434056761266,0.5859940200388484
1447,Belo Horizonte,MG,residencial_padrao,Engenharia Vale Verde,2231.0,5790609.57,433993.23,6301512.05,4093274.23,2290112.03,4135354.06,71,348,402,13,10,2824.5235544598836,88753.69084507042,15675.403109452736,7.4947762364852375,108.82294815120818,64.95701662587474,36.34226217182271,31.422535211267604,0.1801882563872703,15.517241379310342,1.7269339055093642
1448,Curitiba,PR,industrial,Construtora Planalto,4593.0,26137656.16,2193742.82,28859380.86,17171096.08,10029277.15,18238403.38,140,862,975,32,16,6283.340052253429,206138.43471428572,29599.364984615386,8.393035728112508,110.41304041701036,59.49918386433464,34.75222562345712,32.80714285714286,0.2122795558458524,13.10904872389791,0.61214364065611
1449,Ribeirao Preto,SP,comercial,Estrutural Engenharia,6317.0,23762092.68,238403.45,24114210.49,12718497.04,9006515.25,13282918.8,210,1043,1109,36,18,3817.3516685135346,114829.57376190476,21744.103237150586,1.003293157764083,101.48184680003529,52.7427470423478,37.34940960947049,30.080952380952382,0.1755580180465411,6.327900287631838,0.7575090393932425
1450,Salvador,BA,residencial_padrao,Beta Engenharia,3499.0,10900434.23,742126.19,11743444.96,6302413.43,4705535.9,6871303.73,91,555,578,19,9,3356.2289111174623,129048.84571428572,20317.378823529412,6.808225932481957,107.73373530092847,53.66750090341462,40.06946782675601,38.45054945054945,0.16519005430122893,4.144144144144146,0.8256551812615267
1451,Belo Horizonte,MG,residencial_padrao,Construtora Planalto,3136.0,10359008.98,704475.65,11369278.3,5938331.37,3746265.1,6493717.97,80,551,573,19,14,3625.4076211734696,142115.97875,19841.672425828972,6.800608546243388,109.75256727695202,52.231383675426436,32.950773137464665,39.2,0.18271683673469388,3.992740471869327,1.3514806316926273
1452,Curitiba,PR,residencial_padrao,Alfa Construcoes,10588.0,34785714.11,1715663.88,34654616.28,18387878.03,13406639.07,19529203.72,811,1619,1948,64,7,3273.0087155270116,42730.72290998767,17789.8440862423,4.932093314441375,99.62312738618665,53.06040003857172,38.68644500830121,13.055487053020961,0.18398186626369475,20.321185917232864,0.2012320338706998
1453,Rio de Janeiro,RJ,residencial_popular,Construtora Serrana,745.0,1515702.3,132751.97,1532239.67,870075.42,589184.75,923077.47,19,131,118,3,17,2056.697543624161,80644.19315789473,12985.081949152542,8.758446167166204,101.09106979648972,56.78455120536072,38.45251898484002,39.21052631578947,0.15838926174496645,-9.92366412213741,11.215922810171891
1454,Salvador,BA,residencial_padrao,Construtora Atlantica,1103.0,2777682.16,67655.6,3377686.72,1494937.7,2227751.86,1505540.4,79,170,171,5,14,3062.272638259293,42755.52810126582,19752.553918128655,2.4356854421385634,121.60090771508574,44.25921714847492,65.95495807260656,13.962025316455696,0.15503173164097914,0.588235294117645,5.040173494868109
1455,Uberlandia,MG,industrial,Engenharia Vale Verde,2525.0,15166782.35,787726.45,16135852.65,9032360.91,5519586.1,9561529.44,63,426,458,15,14,6390.436693069307,256124.64523809525,35231.11932314411,5.193761153960253,106.38942577032498,55.97696698104144,34.20696891403504,40.07936507936508,0.18138613861386138,7.511737089201875,0.9230698823867542
1456,Curitiba,PR,residencial_padrao,Construtora Atlantica,2258.0,7617963.87,575119.81,8118378.81,4358548.83,2717679.02,4361277.13,61,365,408,13,12,3595.384769707706,133088.17721311474,19897.987279411765,7.549521365739952,106.56888045860472,53.68742863576724,33.47563699112484,37.01639344262295,0.18069087688219662,11.780821917808225,1.5752240631196377
1457,Sao Paulo,SP,comercial,Construtora Serrana,2465.0,9582498.31,810219.34,9852112.67,6022646.88,3853476.75,6432321.5,80,330,337,11,13,3996.800271805274,123151.408375,29234.755697329376,8.45519940404769,102.81361239290423,61.130511614419035,39.113202204172524,30.8125,0.13671399594320488,2.1212121212121238,1.356639947061989
1458,Rio de Janeiro,RJ,residencial_padrao,Construtora Atlantica,8960.0,29674848.15,1630537.2,30730801.72,14631554.01,10498936.46,15865547.09,235,1489,1444,48,15,3429.7769776785713,130769.3690212766,21281.718642659278,5.494677484979818,103.55841271592152,47.61201527807066,34.16421268686641,38.12765957446808,0.1611607142857143,-3.0221625251846906,0.5054785764758833
1459,Rio de Janeiro,RJ,residencial_padrao,Engenharia Mineira,3697.0,12107788.96,1139759.42,13592189.37,5772926.42,4913377.62,6506721.13,134,636,667,22,13,3676.5456775764133,101434.24902985075,20378.09500749625,9.413439759855212,112.25988010613624,42.47238073905676,36.148537121212875,27.58955223880597,0.18041655396267245,4.874213836477992,1.073689014810843
1460,Goiania,GO,comercial,Construtora Atlantica,3217.0,16271878.08,410785.61,18274121.99,10161396.39,6503000.96,10148043.89,99,465,438,14,6,5680.485542430835,184587.0908080808,41721.73970319634,2.5245125853352017,112.30493431769861,55.605387747551106,35.58584627791467,32.494949494949495,0.13615169412496114,-5.8064516129032295,0.3687343262099958
1461,Uberlandia,MG,comercial,Engenharia Vale Verde,5916.0,26797509.14,775563.15,26035745.62,14790651.02,9629014.68,14739594.06,145,894,1019,33,17,4400.90358688303,179556.8663448276,25550.29010794897,2.894161341444737,97.15733460143528,56.809016480166385,36.983825316695494,40.8,0.1722447599729547,13.982102908277394,0.6343873197760947
1462,Sao Paulo,SP,residencial_popular,Alfa Construcoes,4602.0,6191119.19,304912.53,6352597.8,3460940.98,2297379.56,3667699.15,113,665,651,21,15,1380.3993481095176,56217.6796460177,9758.21474654378,4.924998544568482,102.60822970846407,54.480719368067035,36.16441072343664,40.72566371681416,0.14146023468057367,-2.1052631578947323,2.422825266266599
1463,Ribeirao Preto,SP,residencial_popular,Construtora Atlantica,2713.0,5101655.0,59487.36,5534485.57,3169358.29,1838162.61,3511081.96,81,444,448,14,21,2039.987309251751,68326.98234567902,12353.762433035716,1.166040431977466,108.48412074121046,57.26563471733832,33.212890100642184,33.49382716049383,0.16513085145595283,0.9009009009008917,4.11631127545865
1464,Goiania,GO,residencial_padrao,Engenharia Mineira,5442.0,18847348.02,251952.34,19735531.08,12858474.68,7095363.79,13546439.11,151,772,773,25,13,3626.5216979051816,130698.8813245033,25531.088072445018,1.336805261581836,104.71250946848065,65.15393291357022,35.952231339700035,36.03973509933775,0.14204336640940832,0.12953367875647714,0.6897522126829173
1465,Curitiba,PR,comercial,Construtora Atlantica,1649.0,6822803.46,6368.8,7191613.5,4109573.55,2320285.24,4225301.55,39,238,250,8,13,4361.196785930867,184400.34615384616,28766.454,0.09334579307960895,105.40554981778708,57.143971238165115,32.26376445285888,42.282051282051285,0.15160703456640387,5.042016806722693,1.9053751256671843
1466,Salvador,BA,residencial_popular,Construtora Planalto,3626.0,8586965.38,474568.39,8850687.43,5013159.89,2972943.59,5054150.12,94,525,538,17,13,2440.8955956977384,94156.24925531914,16451.09187732342,5.526613524089926,103.0711903254465,56.641474796720956,33.58997381291546,38.57446808510638,0.14837286265857694,2.4761904761904763,1.5139224888781373
1467,Goiania,GO,residencial_popular,Construtora Horizonte,2766.0,4589922.26,306344.71,5174203.88,2942361.29,1899822.03,3167457.78,71,487,521,17,13,1870.6449313087492,72876.1109859155,9931.293435700576,6.674289729691414,112.7296626588181,56.86597123420657,36.71718536920118,38.95774647887324,0.1883586406362979,6.981519507186862,2.8322919787316834
1468,Ribeirao Preto,SP,industrial,Engenharia Vale Verde,2462.0,11826539.89,17071.38,11771032.62,5584002.61,4299132.51,6024916.93,51,432,434,14,10,4781.085548334687,230804.56117647057,27122.194976958523,0.1443480524209351,99.53065503083505,47.4385110488293,36.522985270598966,48.27450980392157,0.17627944760357434,0.4629629629629539,0.8455558509091538
1469,Rio de Janeiro,RJ,residencial_popular,Estrutural Engenharia,3298.0,5267486.17,282045.19,5220111.34,3064492.83,1706348.02,3214531.35,118,595,611,20,14,1582.8112007277136,44238.23169491525,8543.553747954173,5.35445525431726,99.10061785696155,58.70550703617751,32.687962169021475,27.949152542372882,0.18526379624014555,2.6890756302520913,2.6578142871517025
1470,Ribeirao Preto,SP,residencial_popular,Beta Engenharia,4300.0,8774326.88,321308.36,9251090.89,5074516.73,3517943.39,5491592.67,112,889,873,29,13,2151.4164860465116,82599.02580357144,10596.896781214205,3.661914633387809,105.43362489818706,54.85317126745903,38.02733571456674,38.392857142857146,0.2030232558139535,-1.7997750281214864,1.481595132913489
1471,Salvador,BA,industrial,Engenharia Mineira,2949.0,20711363.04,1689904.44,23207155.63,13883022.3,7400534.1,14778186.6,92,630,647,21,20,7869.50004408274,252251.69163043477,35868.86496136012,8.159310600351487,112.05035412290276,59.82216227331777,31.889018275179293,32.05434782608695,0.21939640556120718,2.698412698412689,0.9656534898921844
1472,Curitiba,PR,residencial_padrao,Engenharia Vale Verde,3257.0,14010022.11,14202.76,14033682.93,7000343.42,5379347.59,7244909.14,102,463,529,17,19,4308.775845870433,137585.12676470587,26528.701190926276,0.101375714388505,100.16888495831218,49.882439662615354,38.331688244861894,31.931372549019606,0.16241940435984034,14.254859611231097,1.3561720210590018
1473,Ribeirao Preto,SP,industrial,Construtora Atlantica,2906.0,17279456.81,1449119.41,19601457.85,11069450.18,8021832.58,11920866.16,85,436,517,17,22,6745.167876806608,230605.38647058824,37913.844970986465,8.386371319041482,113.4379284345108,56.472586195929296,40.92467326352463,34.188235294117646,0.1779077770130764,18.57798165137614,1.273188170317259
1474,Salvador,BA,industrial,Construtora Serrana,2675.0,17436887.33,383788.63,18052577.73,10257136.63,6346238.12,10669096.76,78,437,518,17,14,6748.627188785047,231443.30423076922,34850.53615830116,2.2010157130492853,103.53096506473787,56.8181274907603,35.15419357233257,34.294871794871796,0.1936448598130841,18.535469107551485,0.8028955934074962
1475,Campinas,SP,industrial,Engenharia Mineira,1934.0,12851368.03,1091165.51,14622022.01,8161056.13,5369654.33,8531514.95,51,309,325,10,15,7560.507761116856,286706.3139215686,44990.836953846156,8.490656461263915,113.7779415846361,55.81345811419689,36.723062831718444,37.92156862745098,0.16804550155118925,5.177993527508096,1.16719091422674
1476,Campinas,SP,industrial,Beta Engenharia,2641.0,19904228.77,1731719.42,20854219.56,10419209.2,6700156.59,10907884.15,66,408,434,14,17,7896.334555092767,315973.0236363636,48051.19714285714,8.700258824446781,104.77280883865163,49.96211519698798,32.12854151996854,40.015151515151516,0.1643316925407043,6.372549019607843,0.854089861829899
1477,Uberlandia,MG,residencial_popular,Estrutural Engenharia,2638.0,4735147.65,169391.23,4733668.15,2391152.62,1765294.9,2528310.68,69,582,542,18,17,1794.4155231235786,68603.88623188407,8733.705073800738,3.577316749563237,99.96875493417824,50.51373573789705,37.29232476932292,38.231884057971016,0.20545868081880211,-6.872852233676974,3.5901731596479363
1478,Campinas,SP,comercial,Engenharia Vale Verde,1198.0,6098229.03,40464.28,6331860.26,4295068.21,1784347.8,4599422.39,46,188,194,6,15,5285.359148580968,137649.1360869565,32638.454948453607,0.6635414937834829,103.83113242960636,67.83264370398471,28.18046714126316,26.043478260869566,0.16193656093489148,3.1914893617021267,2.459730509662409
1479,Ribeirao Preto,SP,residencial_popular,Engenharia Mineira,4404.0,6332558.02,528870.86,6777187.62,3347201.28,2696291.25,3507799.06,98,631,622,20,14,1538.870940054496,69154.97571428571,10895.80003215434,8.351614913431145,107.02132690447897,49.389237360378694,39.78481047275477,44.93877551020408,0.14123524069028157,-1.4263074484944571,2.210796956898628
1480,Contagem,MG,residencial_padrao,Alfa Construcoes,3710.0,12166320.53,470478.14,12617632.3,7598132.29,4417573.89,7888001.66,115,667,625,20,11,3400.9790566037736,109718.54173913044,20188.21168,3.867053632525002,103.70951734246312,60.21836830670679,35.011116071277485,32.26086956521739,0.16846361185983827,-6.296851574212892,0.9041353113191405
1481,Contagem,MG,industrial,Beta Engenharia,2688.0,17832112.71,208004.31,18347689.1,9972811.03,6156691.83,10525591.97,82,624,701,23,15,6825.777194940477,223752.306097561,26173.593580599147,1.1664591480702904,102.89128045781626,54.354589156407705,33.55567993573643,32.78048780487805,0.26078869047619047,12.339743589743591,0.8411790708112903
1482,Uberlandia,MG,industrial,Engenharia Vale Verde,1429.0,8861948.41,84967.95,9001447.76,4452922.01,3211298.01,4668442.15,36,220,178,5,17,6299.123694891532,250040.21555555554,50569.93123595505,0.9587953581869249,101.57413859284699,49.46895353642534,35.67535018389086,39.69444444444444,0.1245626312106368,-19.090909090909093,1.9183140336065214
1483,Contagem,MG,residencial_padrao,Obras & Cia,1464.0,4560633.72,192694.56,4519359.77,2613017.25,1685270.01,2747350.6,47,280,316,10,8,3086.9943784153,96156.59085106383,14301.771424050632,4.225170707197245,99.09499528938271,57.818305755286225,37.29001663436943,31.148936170212767,0.21584699453551912,12.857142857142856,1.7541421853101593
1484,Ribeirao Preto,SP,residencial_popular,Beta Engenharia,2841.0,3900630.71,179508.78,3920584.9,2252546.26,1215019.44,2398869.58,80,517,578,19,6,1380.0017247448081,49007.31125,6783.018858131488,4.602044985694121,100.51156316717815,57.454342080438046,30.990769770092214,35.5125,0.20344948961633227,11.798839458413934,1.538212777902269
1485,Ribeirao Preto,SP,industrial,Obras & Cia,6699.0,48875561.18,2105544.15,50519704.75,26501015.32,17222785.01,28258409.41,216,1014,1237,41,14,7541.380019405881,233887.52199074073,40840.50505254648,4.3079692573670005,103.36393798926402,52.456789783594296,34.09122261348925,31.01388888888889,0.18465442603373639,21.992110453648905,0.28644172387996714
1486,Rio de Janeiro,RJ,comercial,Estrutural Engenharia,4395.0,19593690.88,381760.54,19655663.87,11463673.42,6786138.09,11784941.47,133,871,1053,35,14,4472.2784687144485,147786.94639097745,18666.34745489079,1.9483850303552406,100.31629053647701,58.3224941971904,34.525102458419276,33.045112781954884,0.23959044368600682,20.895522388059696,0.7145157125189882
1487,Campinas,SP,comercial,Delta Obras,4067.0,20136367.16,296334.6,19787889.94,10698219.39,7579469.78,11066003.27,132,664,723,24,21,4865.475765920826,149908.25712121214,27369.14237897649,1.4716388395452755,98.26941365723489,54.06447793291092,38.30357760722415,30.810606060606062,0.177772313744775,8.885542168674698,1.0428892080253467
1488,Uberlandia,MG,residencial_padrao,Construtora Planalto,4271.0,11451162.09,499681.7,14517988.61,5743128.21,9852496.93,6080258.47,341,1087,1320,44,11,3399.2012666822757,42574.7466568915,10998.47621969697,4.363589442475528,126.7817929385366,39.55870447538531,67.8640629543792,12.52492668621701,0.30906110981034884,21.43514259429622,0.9606011960660317
1489,Contagem,MG,comercial,Delta Obras,1444.0,5676824.91,278127.86,6019645.88,3045638.19,1913103.63,3072514.65,37,219,261,8,12,4168.729833795014,162693.13189189188,23063.777318007662,4.899355967630151,106.0389562023677,50.59497270626822,31.780999549428646,39.027027027027025,0.18074792243767313,19.17808219178083,2.1138576916229037
1490,Rio de Janeiro,RJ,industrial,Construtora Horizonte,2521.0,13948791.87,232998.12,25170333.21,14841502.42,4745551.95,16028140.45,72,439,436,14,12,9984.265454184848,349587.96125,57730.122041284405,1.6703820816275468,180.44812371266676,58.96426676665358,18.85375100284578,35.013888888888886,0.1729472431574772,-0.6833712984054663,0.8602895585393806
1491,Sao Paulo,SP,residencial_popular,Construtora Serrana,3476.0,6408537.7,417122.7,7326522.98,4412035.21,2405796.7,4596420.99,102,568,564,18,16,2107.7453912543156,71828.65666666668,12990.288971631206,6.508859267536181,114.32441101189121,60.220041922259824,32.83681367774813,34.07843137254902,0.1622554660529344,-0.7042253521126751,2.4966694040045985
1492,Goiania,GO,residencial_padrao,Alfa Construcoes,1696.0,5058453.39,14199.08,5376778.16,3172666.72,2034194.71,3306137.73,50,350,389,12,16,3170.270141509434,107535.5632,13822.051825192802,0.28070002637703456,106.29292681888289,59.00683691216303,37.83296705698566,33.92,0.22936320754716982,11.142857142857142,3.1630221268086056
1493,Uberlandia,MG,residencial_popular,Obras & Cia,3659.0,6393343.52,171610.91,6598444.66,3864550.03,2018421.54,4143113.3,104,710,627,20,14,1803.3464498496858,63446.583269230774,10523.835183413079,2.684212250806758,103.20804191669653,58.56759022966481,30.589353158263815,35.18269230769231,0.17135829461601532,-11.690140845070419,2.1897775328674975
1494,Curitiba,PR,comercial,Construtora Atlantica,3561.0,20915191.52,275404.45,21796628.08,11594732.97,7292324.24,11938803.5,144,506,505,16,11,6120.92897500702,151365.47277777776,43161.63976237623,1.3167675263056833,104.21433654651038,53.19507644688867,33.456203469798346,24.729166666666668,0.14181409716371807,-0.19762845849802257,0.5259335057716937
1495,Goiania,GO,industrial,Engenharia Vale Verde,2691.0,20417002.03,713362.75,20077523.09,10757980.19,6404112.82,11614854.73,73,490,517,17,13,7460.989628390933,275034.5628767123,38834.66748549323,3.49396424093905,98.33727332004383,53.58220803321213,31.896926684097267,36.863013698630134,0.1921218877740617,5.5102040816326525,0.6367242350712544
1496,Curitiba,PR,residencial_padrao,Construtora Atlantica,4167.0,8333529.69,315429.6,9189487.49,5541675.98,2707106.42,5766652.65,143,565,604,20,11,2205.3005735541155,64262.150279720285,15214.383261589404,3.785066013246543,110.27125158055327,60.30451628592402,29.458731218099736,29.13986013986014,0.1449484041276698,6.90265486725663,1.319968897836854
1497,Contagem,MG,residencial_padrao,Engenharia Mineira,809.0,2193819.84,83156.1,2334743.41,1102810.06,790463.2,1191355.31,29,130,137,4,21,2885.9621878862795,80508.39344827586,17041.922700729927,3.7904707799524693,106.42366193570389,47.234743453028955,33.8565341533612,27.896551724137932,0.16934487021013597,5.384615384615388,9.572344828461393
1498,Contagem,MG,residencial_padrao,Construtora Atlantica,4571.0,11898967.11,588818.68,12687217.95,6865874.14,4267069.81,7180555.32,116,709,701,23,15,2775.5891380441913,109372.56853448275,18098.741726105563,4.948485650533074,106.62453163130057,54.11646719602543,33.63282499612139,39.4051724137931,0.15335812732443665,-1.128349788434413,1.2606136197648503
1499,Goiania,GO,comercial,Delta Obras,1967.0,9051380.14,470718.18,9504100.12,4607337.73,3728675.98,4730673.59,49,357,356,11,19,4831.774336553126,193961.2269387755,26696.9104494382,5.200512769536602,105.00166795557875,48.47736947030395,39.2322885167586,40.142857142857146,0.1809862735129639,-0.2801120448179262,2.0991273934054435
1500,Curitiba,PR,residencial_padrao,Construtora Atlantica,4362.0,13391999.75,1172771.9,14275679.4,8367869.32,4699519.4,9159090.61,130,725,805,26,15,3272.737138927098,109812.91846153846,17733.763229813667,8.75725748128094,106.5985638179242,58.61625976274026,32.919760022069426,33.55384615384615,0.18454837230628152,11.03448275862069,1.120071705497157
1501,Ribeirao Preto,SP,residencial_padrao,Beta Engenharia,2937.0,10579715.03,213329.29,10752169.87,5918117.61,4042144.46,6196296.59,66,499,514,17,14,3660.9362853251614,162911.66469696967,20918.618424124514,2.016399207304547,101.63005184460059,55.041146871315206,37.5937555755897,44.5,0.17500851208716378,3.006012024048088,1.3232870602186722
1502,Ribeirao Preto,SP,residencial_popular,Engenharia Mineira,2286.0,4763926.76,1148.77,4695794.54,2813069.2,1862048.36,3059666.99,74,407,486,16,15,2054.1533420822398,63456.68297297297,9662.128683127572,0.024113930752369502,98.56983065793396,59.906138908709586,39.65353134892482,30.89189189189189,0.2125984251968504,19.41031941031941,3.1486630159696247
1503,Sao Paulo,SP,industrial,Estrutural Engenharia,4269.0,29484143.75,1575296.18,31263910.4,18353866.36,9854115.24,19278357.28,145,818,822,27,16,7323.473975169829,215613.1751724138,38033.95425790754,5.342858837472599,106.03635182724274,58.706240278887186,31.51913856559671,29.44137931034483,0.19255094869992972,0.4889975550122161,0.5426645635588451
1504,Curitiba,PR,residencial_padrao,Beta Engenharia,3059.0,8209948.46,324289.93,8823904.12,4825191.71,3034721.78,5120508.93,123,475,616,20,14,2884.5714677999345,71739.05788617885,14324.519675324675,3.9499630427643395,107.47819140389585,54.68318381954496,34.3920529816455,24.869918699186993,0.20137299771167047,29.68421052631578,1.7052482202793269
1505,Uberlandia,MG,residencial_popular,Engenharia Mineira,4323.0,9559593.28,549690.99,9455534.99,5413633.74,4039006.51,5785405.46,147,694,657,21,19,2187.2623155216284,64323.367278911566,14391.986286149164,5.750150387151199,98.91147785316659,57.25359533569871,42.71579042615335,29.408163265306122,0.15197779319916724,-5.331412103746402,1.9875322561840205
1506,Rio de Janeiro,RJ,residencial_popular,Construtora Serrana,1941.0,3228636.08,158471.65,3397620.35,1792692.88,1072435.63,1781665.95,67,318,358,11,12,1750.448402885111,50710.75149253732,9490.559636871509,4.908315650118114,105.23392125383175,52.7631899779503,31.564316183825536,28.970149253731343,0.18444100978876868,12.578616352201255,3.7167397324011815
1507,Uberlandia,MG,industrial,Obras & Cia,2082.0,12046013.63,669723.41,13093685.01,8300092.49,3890729.46,8628901.8,50,429,469,15,19,6288.993760806917,261873.7002,27918.304925373133,5.55970988055407,108.69724551357658,63.39004247972206,29.714549090103702,41.64,0.22526416906820365,9.32400932400932,1.5772852815541765
1508,Belo Horizonte,MG,residencial_popular,Construtora Atlantica,3925.0,8792885.47,305704.03,9081675.07,4801525.98,2927937.46,5182329.84,139,676,715,23,12,2313.8025656050954,65335.7918705036,12701.643454545456,3.4767202534710147,103.28435530049045,52.87048857166391,32.240059652343405,28.237410071942445,0.1821656050955414,5.769230769230771,1.3647397138222932
1509,Campinas,SP,industrial,Construtora Horizonte,10746.0,63299971.39,4208151.04,69564416.78,38927089.09,27351342.48,41065767.83,318,2349,2162,72,7,6473.517288293318,218756.02761006288,32175.955957446808,6.647950935195518,109.89644268779186,55.95833457945653,39.31800731759114,33.79245283018868,0.20119114088963336,-7.960834397616012,0.11058456814888616
1510,Salvador,BA,comercial,Construtora Horizonte,5585.0,25250748.95,1951871.27,26513968.15,15242624.43,8639975.97,15554163.25,136,888,915,30,17,4747.353294538943,194955.6481617647,28977.014371584697,7.729953966375322,105.00269992981733,57.48903500134891,32.58650655805363,41.06617647058823,0.1638316920322292,3.0405405405405483,0.6732473572828421
1511,Contagem,MG,residencial_padrao,Estrutural Engenharia,3610.0,10225030.58,748112.41,10782335.41,6601384.07,3712723.98,7091292.01,93,521,512,17,19,2986.796512465374,115939.09043010754,21059.24884765625,7.31648090582043,105.45039768477642,61.22406527882256,34.43339349800472,38.81720430107527,0.14182825484764544,-1.7274472168905985,1.8581851517553114
1512,Salvador,BA,residencial_popular,Alfa Construcoes,2619.0,4736923.8,39603.23,5692656.97,2923374.19,3219242.66,2986917.92,159,402,490,16,13,2173.5994539900726,35802.87402515723,11617.667285714286,0.8360537697482068,120.17624117153838,51.353422582917375,56.55079301221272,16.471698113207548,0.187094310805651,21.890547263681583,2.74439711274224
1513,Belo Horizonte,MG,residencial_padrao,Engenharia Mineira,2142.0,6992528.0,172492.98,7312252.39,4116351.78,2546662.71,4273963.06,70,325,310,10,17,3413.749948646125,104460.74842857143,23587.91093548387,2.4668185812055383,104.57237196619018,56.293896332536185,34.82733601321986,30.6,0.14472455648926238,-4.61538461538461,2.431166525182309
1514,Goiania,GO,residencial_padrao,Construtora Serrana,1404.0,4153688.89,66428.95,4211219.9,2080442.74,1522606.47,2183839.69,31,242,276,9,9,2999.4443732193736,135845.80322580648,15258.04311594203,1.599276011256587,101.38505823434456,49.402377206661654,36.155947828798965,45.29032258064516,0.19658119658119658,14.049586776859503,2.1667486993711753
1515,Ribeirao Preto,SP,residencial_popular,Vertice Engenharia,4276.0,8855308.2,509417.26,9371489.81,4636421.19,3229072.44,4984652.05,130,737,707,23,12,2191.648692703461,72088.38315384615,13255.289688826026,5.7526767955970195,105.829064311957,49.473683309697805,34.456340512202935,32.89230769230769,0.16534144059869035,-4.070556309362283,1.3551194073629194
1516,Rio de Janeiro,RJ,residencial_popular,Alfa Construcoes,3092.0,4790816.1,459853.84,4999042.98,2546680.52,1953676.95,2663128.83,69,521,545,18,17,1616.7668111254852,72449.89826086957,9172.555926605506,9.598653557167433,104.34637597548362,50.94336116310005,39.081019263411086,44.81159420289855,0.176261319534282,4.606525911708248,3.548455971833275
1517,Goiania,GO,residencial_padrao,Construtora Atlantica,3303.0,10496788.93,727401.45,11549022.74,5828241.26,4472522.57,6073788.35,108,536,554,18,21,3496.5252013321224,106935.39574074074,20846.611444043323,6.929752087527209,110.02433998641908,50.46523321678038,38.72641582485966,30.583333333333332,0.1677263094156827,3.3582089552238736,2.0006118194852567
1518,Contagem,MG,industrial,Construtora Serrana,4677.0,32662224.5,2828529.39,37002088.75,21252049.64,13136834.69,23104700.51,135,776,921,30,21,7911.500694889886,274089.5462962963,40175.99212812161,8.65994105820931,113.2871055674729,57.434729654282016,35.50295438389272,34.644444444444446,0.19692110327132778,18.685567010309278,0.6429445734781475
1519,Curitiba,PR,residencial_popular,Engenharia Vale Verde,2376.0,5145925.06,126016.99,5321853.83,2858501.23,1915606.06,2999564.68,75,389,416,13,13,2239.8374705387205,70958.05106666667,12792.917860576923,2.4488695138518013,103.41879774673595,53.71250923665447,35.99508970354415,31.68,0.1750841750841751,6.940874035989708,2.526270757623509
1520,Ribeirao Preto,SP,comercial,Construtora Serrana,4841.0,20848377.1,126056.74,21023489.73,10523731.64,7782514.98,11096053.73,100,675,747,24,15,4342.798952695724,210234.8973,28143.895220883536,0.6046357440455161,100.83993410690945,50.057016105099315,37.01818813122421,48.41,0.15430696137161742,10.666666666666668,0.7194804625823848
1521,Rio de Janeiro,RJ,residencial_popular,Construtora Horizonte,1805.0,2464282.01,83547.03,2544181.8,1185025.0,848918.02,1235473.42,53,329,336,11,21,1409.519002770083,48003.43018867924,7571.969642857142,3.3903193571583152,103.24231519265119,46.57784282554022,33.36703454132091,34.056603773584904,0.18614958448753463,2.127659574468077,8.521751940233496
1522,Rio de Janeiro,RJ,comercial,Engenharia Mineira,2881.0,12907400.5,774159.62,13365873.08,7891491.63,4509732.04,8026902.59,82,472,421,14,14,4639.317278722666,162998.45219512196,31747.917054631827,5.99779653540618,103.55201328106307,59.04209611124034,33.740646892331554,35.13414634146341,0.14612981603609856,-10.805084745762716,1.0846490739944112
1523,Curitiba,PR,comercial,Obras & Cia,3735.0,22637299.33,435278.99,24075497.63,15938062.19,8974013.85,16812935.99,93,672,711,23,12,6445.916366800535,258876.31860215054,33861.459395218,1.922839750690349,106.35322384986992,66.20034374757803,37.274468789453636,40.16129032258065,0.19036144578313252,5.803571428571419,0.5300985698456107
1524,Goiania,GO,industrial,Construtora Planalto,2114.0,13470674.29,1195806.69,13818382.42,6795572.64,4360832.83,6955342.28,57,342,1019,33,18,6536.604739829707,242427.76175438595,13560.72857703631,8.877110857677787,102.581222903282,49.17777228515868,31.55820050028692,37.08771929824562,0.48202459791863767,197.953216374269,1.3362360051539781
1525,Ribeirao Preto,SP,residencial_popular,Delta Obras,4041.0,7485628.52,612436.33,8321428.78,4701971.86,3229814.09,4606175.54,120,702,801,26,21,2059.2498836921554,69345.23983333334,10388.799975031212,8.181495092412092,111.1653985736391,56.50438145070563,38.81321555935974,33.675,0.19821826280623608,14.102564102564097,2.8053756533459397
1526,Salvador,BA,residencial_padrao,Construtora Horizonte,1660.0,4459512.21,74383.42,4490614.18,2189907.77,1659265.5,2344038.02,41,293,306,10,14,2705.189265060241,109527.17512195121,14675.209738562091,1.6679721121337618,100.69742986531705,48.76633088973144,36.94963391399615,40.48780487804878,0.18433734939759036,4.436860068259385,3.1393568042276985
1527,Sao Paulo,SP,residencial_popular,Construtora Atlantica,723.0,1128432.31,70551.26,1159936.14,625979.47,401590.46,644927.5,20,120,123,4,13,1604.3376763485476,57996.80699999999,9430.375121951218,6.252148168284901,102.7918227545257,53.9667183746857,34.62177322968832,36.15,0.17012448132780084,2.499999999999991,11.520407458024664
1528,Contagem,MG,residencial_padrao,Engenharia Vale Verde,1249.0,4256216.38,230979.77,4657018.81,2671462.23,1793427.22,2724009.59,37,249,247,8,20,3728.5979263410727,125865.37324324323,18854.3271659919,5.4268803410789,109.41687156422249,57.36421386711127,38.51019918899576,33.75675675675676,0.1977582065652522,-0.8032128514056214,4.699009217195861
1529,Contagem,MG,industrial,Construtora Planalto,1679.0,9381496.62,7938.17,9554389.97,4582357.94,2884565.85,4878785.1,66,297,315,10,16,5690.524103633115,144763.4843939394,30331.396730158733,0.0846151773169855,101.84291864084263,47.960758922215106,30.190999729520147,25.439393939393938,0.18761167361524717,6.060606060606055,1.7054848120810813
1530,Curitiba,PR,residencial_popular,Construtora Planalto,4547.0,8508807.84,679622.94,9198829.21,5200344.32,3693763.35,5583036.15,110,825,831,27,14,2023.0545876402025,83625.7200909091,11069.589903730446,7.987287441198107,108.10949527801301,56.532676075198054,40.15471171031775,41.336363636363636,0.18275786232680888,0.727272727272732,1.6453538807382446
1531,Goiania,GO,industrial,Construtora Planalto,1801.0,12857951.82,1054028.66,13784402.95,7935245.55,4916716.99,8503368.18,63,306,319,10,17,7653.749555802332,218800.0468253968,43211.29451410658,8.19748490860343,107.20527765984427,57.56684260307408,35.66869749697792,28.58730158730159,0.17712382009994448,4.2483660130719025,1.3221390341156216
1532,Ribeirao Preto,SP,residencial_popular,Alfa Construcoes,1736.0,3098305.17,119019.65,3379839.76,1937695.45,1191210.69,2032697.29,42,314,326,10,10,1946.9123041474654,80472.37523809524,10367.60662576687,3.841443740030295,109.08672885828092,57.33098571513343,35.244590708051796,41.333333333333336,0.18778801843317972,3.821656050955413,3.22757102716257
1533,Sao Paulo,SP,residencial_padrao,Construtora Serrana,9948.0,33590660.74,1954320.96,35422932.66,20204745.95,12131590.46,20891017.95,313,1586,1619,53,13,3560.809475271411,113172.30881789136,21879.513687461393,5.8180485794159456,105.45470639646607,57.03860305393472,34.2478432727258,31.782747603833865,0.16274628065942903,2.080706179066838,0.3870123335954361
1534,Campinas,SP,residencial_padrao,Construtora Atlantica,2723.0,8319468.2,4893213.34,13409196.26,5175873.76,3282311.19,5397297.08,84,527,528,17,15,4924.420220345208,159633.2888095238,25396.205037878786,58.81641978029316,161.1785265312992,38.599433251937505,24.478060626133306,32.416666666666664,0.1939037825927286,0.189753320683117,1.802999860015091
1535,Sao Paulo,SP,residencial_padrao,Alfa Construcoes,3128.0,8650623.18,106840.61,8972741.37,4764735.77,2915144.88,4846615.78,84,440,447,14,14,2868.5234558823527,106818.34964285714,20073.246912751674,1.2350625819306582,103.72364144521666,53.10234156453792,32.48889898628606,37.23809523809524,0.14290281329923274,1.5909090909090873,1.6183805153330004
1536,Goiania,GO,comercial,Obras & Cia,7970.0,49500635.59,3061131.37,52408018.7,27317266.71,17926521.63,28340255.95,204,1348,1317,43,14,6575.661066499373,256902.0524509804,39793.484206529996,6.1840243736555225,105.8734258163492,52.12421188133944,34.20568469229309,39.068627450980394,0.16524466750313677,-2.2997032640949544,0.2828246513026238
1537,Curitiba,PR,comercial,Obras & Cia,1649.0,5520252.45,1875348.88,7285601.29,3047886.69,1892334.53,3250396.3,37,255,236,7,9,4418.193626440267,196908.14297297297,30871.191906779663,33.97215792187185,131.97949470589882,41.8343877008949,25.973621869719416,44.567567567567565,0.14311704063068525,-7.4509803921568585,1.6303602202105811
1538,Campinas,SP,residencial_padrao,Beta Engenharia,1260.0,4496566.3,147522.55,4852139.6,3022035.32,1662112.04,3212934.81,43,193,194,6,10,3850.904444444444,112840.45581395348,25011.02886597938,3.2807822715746457,107.90766278704709,62.28253037072553,34.255239482392476,29.302325581395348,0.15396825396825398,0.5181347150259086,2.2239191713908455
1539,Contagem,MG,residencial_popular,Engenharia Mineira,2362.0,4059593.37,228749.48,4187312.8,2593625.4,1299106.31,2849001.3,78,393,397,13,13,1772.7827265029634,53683.497435897436,10547.387405541562,5.6347879984837,103.1461138680498,61.940091984530035,31.024821217082234,30.28205128205128,0.168077900084674,1.0178117048346147,3.2022911693739413
1540,Rio de Janeiro,RJ,comercial,Vertice Engenharia,5406.0,22794942.67,906725.2,23145571.37,11812064.31,7304996.3,12247608.2,149,1209,1264,42,21,4281.459742878284,155339.40516778524,18311.369754746836,3.97774722720985,101.53818636473895,51.033798739184036,31.561097296860552,36.281879194630875,0.23381428042915278,4.549214226633591,0.921256978094431
1541,Campinas,SP,residencial_popular,Beta Engenharia,2225.0,3227989.44,49846.43,3049951.39,1812909.91,1047940.05,2003154.88,84,330,343,11,13,1370.7646696629215,36308.94511904762,8891.986559766765,1.544194332928177,94.48455289866129,59.44061652733422,34.35923777132723,26.488095238095237,0.1541573033707865,3.9393939393939315,4.027274636933137
1542,Sao Paulo,SP,industrial,Construtora Horizonte,4180.0,31795650.79,2570517.52,33753871.1,17209259.18,10428098.38,18830315.13,134,581,634,21,16,8075.088779904307,251894.5604477612,53239.54432176657,8.084494124612947,106.15876782310076,50.984549680288374,30.894525694861706,31.19402985074627,0.15167464114832535,9.122203098106718,0.5032134773927047
1543,Belo Horizonte,MG,residencial_padrao,Beta Engenharia,4148.0,13244722.27,1047658.97,14590808.21,7940917.74,4757332.38,8480858.88,119,649,657,21,10,3517.552606075217,122611.833697479,22208.23167427702,7.910010860499531,110.16318736293141,54.42411157565342,32.60499563512527,34.857142857142854,0.15838958534233366,1.2326656394453073,0.7550177192201706
1544,Contagem,MG,comercial,Construtora Serrana,4637.0,19607705.3,1262653.76,21735849.16,11647085.19,7195072.93,12883621.75,133,625,586,19,17,4687.480948889368,163427.4372932331,37091.89276450512,6.439579444311619,110.8536099836221,53.58467987270482,33.10233189895765,34.86466165413534,0.12637481130040976,-6.240000000000001,0.8670060947927446
1545,Contagem,MG,comercial,Construtora Planalto,3026.0,13057785.68,944776.34,14457229.29,7506119.38,5018910.18,7603435.7,70,437,457,15,10,4777.669957038995,206531.84699999998,31635.075032822755,7.23534880379504,110.71731183445186,51.919487679371244,34.715574328419606,43.22857142857143,0.15102445472571052,4.576659038901609,0.7658266298026726
1546,Campinas,SP,residencial_popular,Beta Engenharia,1715.0,2331491.9,211961.54,2432459.31,1277253.17,905683.08,1326731.4,46,316,333,11,22,1418.3436209912536,52879.550217391305,7304.6826126126125,9.091240677267635,104.3305923559074,52.50871678507132,37.23322631859359,37.28260869565217,0.19416909620991255,5.379746835443044,9.436018199334082
1547,Goiania,GO,residencial_padrao,Engenharia Mineira,3613.0,9016287.56,224288.74,9108286.37,5392299.96,3154241.39,5760849.54,94,640,727,24,11,2520.9760226958206,96896.66351063829,12528.591980742778,2.487595238144778,101.0203624206502,59.2021346381976,34.630459143106634,38.43617021276596,0.20121782452255743,13.593750000000004,1.220014327049702
1548,Salvador,BA,residencial_popular,Engenharia Mineira,3550.0,5979981.21,376259.19,6151310.05,3444132.52,2161112.91,3560528.33,102,581,581,19,14,1732.7633943661972,60306.961274509806,10587.452753872632,6.291979469279971,102.86503977158819,55.990227967780626,35.13256350978439,34.80392156862745,0.1636619718309859,0.0,2.341144479950632
1549,Curitiba,PR,residencial_padrao,Estrutural Engenharia,9632.0,35413043.92,1386013.86,38093037.32,17935340.99,10409669.37,18617265.4,342,1657,1767,58,18,3954.841914451827,111383.15005847953,21558.029043576684,3.91385124399665,107.56781429479558,47.0829900995671,27.326960784338944,28.16374269005848,0.18345099667774087,6.638503319251665,0.5082872864773496
1550,Goiania,GO,industrial,Engenharia Vale Verde,3002.0,18950900.65,139501.17,19882539.99,10853076.4,8017146.47,11138385.77,77,504,515,17,17,6623.09793137908,258214.80506493503,38606.87376699029,0.736118945354716,104.91606893628034,54.585965402099525,40.32254668685316,38.98701298701299,0.1715522984676882,2.182539682539675,0.8970549903653261
1551,Belo Horizonte,MG,residencial_popular,Engenharia Mineira,788.0,815014.98,27488.25,873598.13,546430.07,305299.97,552561.54,23,131,126,4,21,1108.6270685279187,37982.52739130435,6933.318492063492,3.372729419034728,107.18798444661716,62.549363515693415,34.94741569558991,34.26086956521739,0.1598984771573604,-3.8167938931297662,25.766397569772277
1552,Uberlandia,MG,residencial_padrao,Engenharia Mineira,2965.0,7760190.31,573114.58,8352381.53,4497201.39,3043902.02,4643039.58,82,611,694,23,14,2816.992084317032,101858.31134146341,12035.13188760807,7.385316043879342,107.63114300479057,53.843342450856646,36.44352223455003,36.15853658536585,0.23406408094435077,13.58428805237315,1.8040794672212106
1553,Sao Paulo,SP,residencial_popular,Beta Engenharia,2696.0,4761001.4,466417.43,5346565.87,2753301.79,1793277.38,2891053.38,75,581,599,19,18,1983.1475778931751,71287.54493333334,8925.819482470784,9.796624508449,112.29918709958791,51.496640216274,33.54073294153579,35.946666666666665,0.22218100890207715,3.098106712564541,3.7807172247418364
1554,Campinas,SP,residencial_padrao,Delta Obras,3233.0,10162346.46,62832.73,10214029.82,6023856.12,3252808.16,6257374.18,115,478,1405,46,11,3159.303996288277,88817.65060869565,7269.772113879004,0.6182895874227063,100.508577031923,58.97629266956653,31.84647213023312,28.11304347826087,0.43458088462728117,193.93305439330547,1.0824271779452794
1555,Rio de Janeiro,RJ,residencial_popular,Beta Engenharia,2468.0,3699778.67,170860.49,3701089.66,1877669.49,1446090.22,1930256.35,66,462,513,17,10,1499.631142625608,56077.116060606066,7214.599727095517,4.618127332465539,100.0354342818026,50.73288308287025,39.072012646135136,37.39393939393939,0.20786061588330632,11.038961038961048,2.7028643851282057
1556,Rio de Janeiro,RJ,industrial,Obras & Cia,9546.0,62692235.82,1135477.94,65139467.03,41397888.68,19614204.67,42421473.78,282,1684,1723,57,9,6823.744712968783,230991.01783687944,37805.84273360418,1.8111938825409721,103.90356346043619,63.552697876594834,30.111091730251143,33.851063829787236,0.1804944479363084,2.315914489311166,0.14355844678821983
1557,Contagem,MG,industrial,Construtora Serrana,1464.0,8520199.6,289228.37,8801450.63,4495994.27,2724398.65,4689771.73,46,237,222,7,18,6011.919829234973,191335.8832608696,39646.17400900901,3.3946196518682497,103.30099109415232,51.0824233300278,30.953972981610644,31.82608695652174,0.15163934426229508,-6.329113924050633,2.1126265633495254
1558,Uberlandia,MG,residencial_padrao,Vertice Engenharia,6127.0,18399332.14,977646.22,19058558.24,10335435.88,6618485.59,10594638.98,246,1103,1189,39,15,3110.5856438713886,77473.81398373983,16029.064962153068,5.313487536184017,103.58288059036039,54.22989372988375,34.727105306996194,24.90650406504065,0.1940590827484903,7.796917497733458,0.8152469821113844
1559,Contagem,MG,industrial,Vertice Engenharia,7925.0,52965948.12,5284716.21,59590617.69,36850597.84,24165521.53,39744657.89,205,1357,1420,47,13,7519.320844164037,290685.9399512195,41965.22372535211,9.977573134397428,112.50741241333225,61.83959701794459,40.55256090096756,38.65853658536585,0.17917981072555206,4.642593957258656,0.24544071165396897
1560,Sao Paulo,SP,residencial_popular,Delta Obras,2709.0,3281161.2,233414.0,3491328.96,1983854.17,1374653.52,2100919.03,64,541,671,22,19,1288.7888372093023,54552.015,5203.172816691505,7.113762042535429,106.4052860310551,56.82232160672708,39.37335999412671,42.328125,0.24769287559985234,24.02957486136783,5.790632901547172
1561,Sao Paulo,SP,comercial,Estrutural Engenharia,6079.0,22382607.97,1250026.52,24656577.74,11719705.18,9044371.33,12492798.87,135,1284,1513,50,12,4056.0252903438063,182641.31659259257,16296.482313284863,5.584811750603163,110.15953892883199,47.53175928785647,36.681373325088224,45.02962962962963,0.24888962000329,17.834890965732097,0.5361305535120803
1562,Uberlandia,MG,residencial_popular,Vertice Engenharia,1730.0,3288523.42,262438.22,3629823.28,1900144.82,1138345.2,1965064.65,47,299,314,10,17,2098.16374566474,77230.28255319149,11559.946751592355,7.980427276385338,110.37851389241436,52.34813580235785,31.360898649589352,36.808510638297875,0.1815028901734104,5.0167224080267525,5.16949336489749
1563,Uberlandia,MG,comercial,Obras & Cia,2553.0,9622370.84,5514.49,9763826.14,4799613.66,3156466.81,4936039.77,75,473,523,17,8,3824.4520720720725,130184.34853333334,18668.88363288719,0.05730905710967174,101.47006701728823,49.15709877644339,32.3281750897707,34.04,0.20485703094398747,10.570824524312904,0.8313959348505009
1564,Belo Horizonte,MG,residencial_popular,Construtora Horizonte,2730.0,3921205.56,63898.89,3937158.4,2103498.07,1395944.88,2166924.08,64,427,420,14,15,1442.1825641025641,61518.1,9374.186666666666,1.6295725644130727,100.40683508568726,53.426808278782985,35.45564435507598,42.65625,0.15384615384615385,-1.6393442622950838,3.8253541597038843
1565,Campinas,SP,residencial_padrao,Construtora Atlantica,5472.0,16032018.31,600079.88,15883090.88,8762291.12,6269802.4,9539740.68,152,945,1030,34,14,2902.611637426901,104494.01894736843,15420.476582524272,3.7430089486967413,99.07106250055176,55.16741789240457,39.47469952397577,36.0,0.18823099415204678,8.994708994709,0.8732524956803145
1566,Rio de Janeiro,RJ,residencial_padrao,Engenharia Mineira,2434.0,7285383.6,438168.96,7852510.97,4061315.15,3007075.48,4106850.41,68,351,308,10,23,3226.17541906327,115478.1025,25495.165487012986,6.014356745745002,107.7844544795143,51.719955126659315,38.29444481501947,35.794117647058826,0.1265406737880033,-12.250712250712247,3.1570060360308276
1567,Uberlandia,MG,comercial,Engenharia Mineira,3199.0,15675146.25,164711.71,15970006.44,9420633.07,5838189.13,10389323.18,85,422,473,15,7,4992.187070959675,187882.42870588234,33763.227145877376,1.0507826043409323,101.88106819099056,58.989538328576906,36.557212120948904,37.63529411764706,0.14785870584557675,12.085308056872046,0.4465668063543586
1568,Rio de Janeiro,RJ,industrial,Construtora Planalto,6297.0,37933846.48,1828638.62,38941216.13,22392359.01,13333639.21,24572705.1,169,933,818,27,14,6184.090222328093,230421.39721893493,47605.39869193154,4.8205989892538845,102.65559584243881,57.50297816905905,34.24042835613413,37.260355029585796,0.12990312847387644,-12.325830653804925,0.36906354875931896
1569,Belo Horizonte,MG,industrial,Alfa Construcoes,3334.0,22888048.34,1224078.68,24147417.85,14422022.87,6800862.58,15398112.81,100,632,680,22,19,7242.776799640073,241474.1785,35510.90860294118,5.34811296191102,105.50230186205557,59.72490706703035,28.163932981347735,33.34,0.20395920815836832,7.594936708860756,0.8301275721615328
1570,Belo Horizonte,MG,residencial_padrao,Estrutural Engenharia,4619.0,16585122.53,37159.74,16276664.85,8538586.01,6105956.44,8954719.08,155,992,1107,36,12,3523.8503680450312,105010.74096774193,14703.400948509485,0.22405466063204296,98.14015434952593,52.45906387265816,37.51356003376822,29.8,0.23966226455942843,11.592741935483875,0.7235400268097989
1571,Sao Paulo,SP,industrial,Construtora Horizonte,5541.0,26718524.53,2022172.94,28593521.41,16160764.22,11070690.93,16324253.71,146,811,839,27,14,5160.3539812308245,195846.03705479452,34080.4784386174,7.568430426348846,107.01759140140663,56.51897151201567,38.71747998876505,37.95205479452055,0.15141671178487637,3.4525277435265123,0.5239810298761284
1572,Salvador,BA,residencial_popular,Alfa Construcoes,3989.0,7739937.0,444482.5,8427562.19,5028484.71,2996693.52,5054508.83,115,648,621,20,13,2112.700473802958,73283.14947826086,13570.953607085345,5.7427147016829725,108.88411869502296,59.66713263732083,35.55824866597633,34.68695652173913,0.15567811481574328,-4.1666666666666625,1.6796002344721928
1573,Belo Horizonte,MG,industrial,Construtora Horizonte,4039.0,24837264.17,10553621.21,35664718.15,14375124.87,9592147.24,14925031.28,130,750,755,25,15,8830.086197078484,274343.98576923076,47238.03728476821,42.49107767169995,143.5935854524512,40.306290405942825,26.89534009397464,31.06923076923077,0.18692745729140878,0.6666666666666599,0.6039312501301144
1574,Sao Paulo,SP,residencial_popular,Alfa Construcoes,2412.0,4129703.83,255219.46,4283536.17,2260341.16,1922517.96,2401907.23,85,361,352,11,18,1775.9271019900498,50394.543176470586,12169.136846590909,6.180091127745594,103.7250211233671,52.76811191254631,44.88156242182495,28.376470588235293,0.14593698175787728,-2.4930747922437657,4.358666078966733
1575,Campinas,SP,residencial_padrao,Construtora Serrana,2393.0,9390429.3,327978.98,10002085.54,5675151.2,3367368.77,6062994.62,58,391,466,15,18,4179.72651065608,172449.75068965516,21463.702875536477,3.492694205152047,106.51361317421345,56.739678713045684,33.666666382059354,41.258620689655174,0.19473464270789803,19.181585677749368,1.9168452713871131
1576,Sao Paulo,SP,comercial,Vertice Engenharia,3193.0,11571856.19,152913.94,11802570.95,6294979.06,4250463.54,6613751.92,82,488,518,17,9,3696.3892734105852,143933.7920731707,22784.886003861004,1.3214296608018943,101.99375758056321,53.33565954966786,36.01303104219001,38.9390243902439,0.16222987785781398,6.1475409836065475,0.7777490363021872
1577,Curitiba,PR,industrial,Delta Obras,2777.0,16459840.49,60661.32,16278437.64,9958534.81,6374332.26,10589226.77,80,427,450,15,14,5861.878876485416,203480.4705,36174.30586666667,0.368541360026266,98.89790639155824,61.17623220504594,39.15813299144106,34.7125,0.16204537270435723,5.386416861826704,0.8505550226021661
1578,Rio de Janeiro,RJ,residencial_padrao,Engenharia Mineira,3382.0,11133203.83,916677.49,11826065.51,6840260.79,3817579.96,7064778.67,104,657,743,24,11,3496.7668568894146,113712.16836538461,15916.642678331089,8.233725924696378,106.22338089358416,57.840545397080255,32.28106555618091,32.51923076923077,0.21969248965109403,13.089802130898033,0.9880354449596025
1579,Goiania,GO,residencial_padrao,Engenharia Mineira,5584.0,16435039.79,239776.09,16168553.96,9431409.34,6069708.91,10112058.85,148,921,928,30,11,2895.51467765043,109246.98621621622,17423.010732758623,1.4589322147299773,98.37855074642324,58.33180483135796,37.540208759645935,37.729729729729726,0.166189111747851,0.7600434310532034,0.6693016956790709
1580,Uberlandia,MG,comercial,Alfa Construcoes,2108.0,9544775.76,32891.43,9253498.39,5155179.98,3123381.62,5265624.04,76,443,451,15,14,4389.705118595825,121756.5577631579,20517.734789356986,0.3446013906145449,96.94830578188461,55.7106054675609,33.75352205578111,27.736842105263158,0.21394686907020874,1.8058690744920947,1.4667709700075762
1581,Rio de Janeiro,RJ,industrial,Beta Engenharia,4127.0,24518540.48,787794.08,25167470.51,13049718.39,8894776.2,13207877.91,109,786,883,29,13,6098.248245699056,230894.22486238534,28502.231608154023,3.2130545480168813,102.6466911051632,51.851529476571145,35.34235272657124,37.862385321100916,0.21395686939665617,12.34096692111959,0.5302110054472541
1582,Curitiba,PR,residencial_padrao,Obras & Cia,2124.0,7160897.62,598341.82,8147187.97,4494434.1,3300689.56,4680099.46,52,404,437,14,5,3835.7758804143123,156676.69173076923,18643.450732265446,8.355681811856428,113.77327818855201,55.16546465540797,40.513236863491684,40.84615384615385,0.20574387947269304,8.168316831683175,0.6982364872855144
1583,Uberlandia,MG,residencial_popular,Obras & Cia,3764.0,5540195.04,89486.3,5782773.45,3064564.55,1855873.64,3174197.51,124,635,671,22,13,1536.3372608926675,46635.26975806452,8618.142250372579,1.615219308235762,104.37851751154234,52.99471916887908,32.09314105154854,30.35483870967742,0.17826780021253985,5.6692913385826715,2.3464877871880843
1584,Belo Horizonte,MG,industrial,Delta Obras,5977.0,30260861.78,2663125.29,34092563.49,20293744.54,11502567.15,21646365.06,161,1073,1179,39,22,5703.959091517484,211755.05273291926,28916.508473282443,8.800559975327973,112.66223591997122,59.52542860542752,33.73922630773694,37.12422360248447,0.19725614856951648,9.87884436160298,0.7270116812912523
1585,Rio de Janeiro,RJ,residencial_padrao,Beta Engenharia,3957.0,13859272.76,1324695.91,15393609.78,7840421.37,5115348.74,8740958.47,117,731,834,27,11,3890.22233510235,131569.31435897434,18457.56568345324,9.558192070678317,111.07083356082241,50.93296167729673,33.23033916739963,33.82051282051282,0.21076573161485973,14.090287277701785,0.7936924390252061
1586,Salvador,BA,comercial,Engenharia Mineira,3045.0,10373955.9,186932.64,10435277.58,6382153.78,3462575.28,6902534.04,69,572,591,19,16,3427.020551724138,151235.90695652174,17656.984060913706,1.8019417260102293,100.59111182456444,61.159405977200656,33.18143914672943,44.130434782608695,0.19408866995073892,3.321678321678312,1.5423238882285975
1587,Belo Horizonte,MG,industrial,Delta Obras,3412.0,19781314.78,1796810.31,27126890.74,11946993.44,18390285.65,12329717.88,314,577,603,20,13,7950.436910902696,86391.37178343949,44986.55180762852,9.083371504793373,137.13391168228503,44.04114557214455,67.79356258062622,10.86624203821656,0.17672919109026963,4.506065857885622,0.6571858415166476
1588,Belo Horizonte,MG,residencial_popular,Alfa Construcoes,2069.0,3579407.33,266227.79,4033594.15,2221520.02,1433148.47,2300390.82,59,411,425,14,11,1949.5380135331077,68366.00254237288,9490.809764705882,7.437761770466062,112.68888332974385,55.07544729060062,35.53030911649849,35.067796610169495,0.2054132431126148,3.406326034063256,3.0731344565917285
1589,Salvador,BA,industrial,Engenharia Mineira,829.0,4132396.81,350541.12,4594616.58,2769458.32,1799397.22,2963845.55,25,160,182,6,15,5542.360168878166,183784.6632,25245.146043956043,8.482755556090945,111.18527070976032,60.27615736327665,39.163163860780735,33.16,0.2195416164053076,13.749999999999996,3.6298547041033067
1590,Goiania,GO,residencial_popular,Delta Obras,7994.0,14075851.61,83275.06,14879836.87,7575057.16,4991442.14,7719063.72,277,1223,1264,42,15,1861.37564048036,53717.82263537906,11772.022840189873,0.5916164954512475,105.711805454306,50.90820031281701,33.545005792795365,28.859205776173287,0.15811858894170627,3.3524121013900343,1.065654882958801
1591,Salvador,BA,comercial,Alfa Construcoes,1178.0,6362067.25,248934.49,6716592.92,3860889.12,2627020.0,4041788.29,48,194,206,6,10,5701.691782682513,139929.01916666667,32604.82,3.9127924968099004,105.57249170857162,57.48285129062132,39.112389738218646,24.541666666666668,0.17487266553480477,6.185567010309279,1.5718161419937835
1592,Sao Paulo,SP,comercial,Alfa Construcoes,1523.0,7569370.05,231127.65,7705398.9,4095395.21,2982485.28,4295137.93,43,269,292,9,20,5059.35581089954,179195.32325581397,26388.352397260274,3.053459514771642,101.79709604764271,53.14968456727139,38.70643582125254,35.41860465116279,0.1917268548916612,8.550185873605942,2.6422278033559743
1593,Rio de Janeiro,RJ,comercial,Obras & Cia,4202.0,20692165.53,665375.43,27541409.75,14921949.69,6825809.86,15191498.13,163,853,878,29,14,6554.35738933841,168965.70398773006,31368.348234624147,3.2155910846321167,133.10066416233622,54.180050423889426,24.78380708162552,25.779141104294478,0.20894811994288434,2.9308323563892236,0.6765845739877956
1594,Belo Horizonte,MG,industrial,Construtora Planalto,2400.0,16755638.95,1089335.36,18217754.51,10167848.92,5609936.5,10648587.41,83,405,401,13,16,7590.731045833334,219491.0181927711,45430.80925187033,6.501305997644454,108.72611044176266,55.81285506080738,30.793786890259284,28.91566265060241,0.16708333333333333,-0.987654320987652,0.95490240913791
1595,Goiania,GO,comercial,Construtora Serrana,3003.0,14716774.8,1163581.01,15516298.13,8544981.15,5516422.73,9368835.15,108,569,725,24,13,5166.932444222444,143669.42712962965,21401.790524137934,7.906494634952217,105.43273469129934,55.071003910905134,35.5524409481039,27.805555555555557,0.24142524142524144,27.416520210896312,0.8833457178402974
1596,Goiania,GO,industrial,Construtora Horizonte,747.0,4643970.99,138984.01,4652141.8,2471083.01,1757158.73,2464889.33,26,128,126,4,13,6227.766800535475,178928.53076923077,36921.760317460314,2.9927837684446863,100.17594446687102,53.11710425507666,37.77096239843764,28.73076923076923,0.1686746987951807,-1.5625,2.7993284256067237
1597,Belo Horizonte,MG,industrial,Vertice Engenharia,3318.0,19462360.16,627933.07,20211075.77,11283188.82,6196933.69,12014088.37,99,565,640,21,12,6091.342908378541,204152.2805050505,31579.805890625,3.226397337413162,103.8469928818746,55.826760279371314,30.66107791846649,33.515151515151516,0.19288728149487644,13.27433628318584,0.6165747577040009
1598,Rio de Janeiro,RJ,comercial,Alfa Construcoes,4343.0,16562314.67,1228740.35,18366863.36,10183606.62,6017793.97,11051319.87,141,767,837,27,10,4229.072843656459,130261.44226950355,21943.683823178017,7.418892675826694,110.8955102348626,55.445540266707795,32.764407574925194,30.80141843971631,0.19272392355514623,9.126466753585394,0.6037803410481876
1599,Campinas,SP,comercial,Engenharia Mineira,5139.0,23884928.68,1378099.45,26122174.98,14375281.92,7311538.23,14617172.36,132,1079,1104,36,16,5083.124144775248,197895.265,23661.390380434783,5.769744881649778,109.36676985714995,55.030953322248976,27.989775872789902,38.93181818181818,0.21482778750729714,2.3169601482854407,0.669878491761944
1600,Sao Paulo,SP,residencial_popular,Construtora Planalto,2161.0,3861466.17,24627.47,3868111.11,2289808.57,1261103.57,2412553.36,58,380,424,14,15,1789.9634937528922,66691.57086206897,9122.903561320754,0.637775107065097,100.17208334107974,59.19707332295323,32.60256838899336,37.258620689655174,0.1962054604349838,11.578947368421044,3.8845348734467873
1601,Contagem,MG,comercial,Estrutural Engenharia,3285.0,15648042.31,862261.47,16197876.81,9702137.18,5978074.48,9889495.59,91,801,804,26,18,4930.860520547945,177998.64626373627,20146.612947761194,5.5103472557008955,103.51375903200764,59.89758592317631,36.90653133199128,36.0989010989011,0.2447488584474886,0.3745318352059934,1.1503036382063565
1602,Rio de Janeiro,RJ,residencial_padrao,Construtora Planalto,660.0,1995500.68,186648.9,2212609.54,1302107.94,760456.79,1360742.28,23,120,113,3,7,3352.438696969697,96200.4147826087,19580.61539823009,9.353487165937723,110.87991911884491,58.849422659544345,34.36922675475764,28.695652173913043,0.1712121212121212,-5.833333333333335,3.507891563334371
1603,Rio de Janeiro,RJ,comercial,Obras & Cia,6338.0,27320628.17,65036.42,26963791.51,12898883.56,10194561.8,12703259.81,196,1064,1136,37,12,4254.3060129378355,137570.36484693878,23735.73196302817,0.23804877250741485,98.69389291571329,47.83779593910678,37.8083393658461,32.33673469387755,0.17923635216156517,6.766917293233088,0.43922855379939085
1604,Contagem,MG,residencial_padrao,Beta Engenharia,2050.0,5846821.25,65124.88,5696703.5,3201770.51,2020899.36,3454113.74,59,309,320,10,16,2778.879756097561,96554.29661016949,17802.1984375,1.1138510519711886,97.43248949161905,56.20391705483706,35.47489104883201,34.74576271186441,0.15609756097560976,3.5598705501618033,2.7365296997920026
1605,Rio de Janeiro,RJ,comercial,Delta Obras,797.0,3797133.39,165107.61,4018762.65,2125936.29,1586172.13,2202902.98,21,123,146,4,13,5042.3621706399,191369.65,27525.771575342464,4.348217274505597,105.8367520241368,52.90026993756399,39.46916670980805,37.95238095238095,0.18318695106649938,18.699186991869922,3.4236353229613563
1606,Campinas,SP,residencial_padrao,Delta Obras,6478.0,21958054.94,876615.45,24969737.81,14058007.07,7763849.51,14678287.01,215,1139,1159,38,12,3854.544274467428,116138.31539534884,21544.208636755822,3.992227236862902,113.71561770033534,56.30017894849494,31.09303577425109,30.130232558139536,0.1789132448286508,1.7559262510974616,0.5464964921888478
1607,Uberlandia,MG,residencial_popular,Construtora Serrana,6609.0,12389971.68,491477.9,13174233.79,7494066.6,4719942.25,8022772.57,185,1011,1122,37,15,1993.3777863519442,71212.07454054053,11741.741345811051,3.9667394945974572,106.32981358033258,56.884269092661974,35.82707218679167,35.72432432432432,0.16976849750340445,10.979228486646875,1.2106565202415378
1608,Curitiba,PR,residencial_popular,Obras & Cia,2347.0,4454203.26,128205.46,4498611.42,2328873.12,1526758.71,2410927.46,84,428,458,15,20,1916.7496463570515,53554.89785714286,9822.295676855894,2.878302863978417,100.99699446585203,51.76871044354393,33.938443832074746,27.94047619047619,0.19514273540690244,7.009345794392519,4.490140847321817
1609,Ribeirao Preto,SP,comercial,Construtora Horizonte,813.0,4023465.94,141401.74,4221478.24,2319426.16,1453114.59,2428283.62,23,120,125,4,19,5192.470159901599,183542.53217391306,33771.82592,3.514426171580814,104.92143596970527,54.94345885814633,34.42193723116289,35.34782608695652,0.15375153751537515,4.166666666666674,4.722296717143329
1610,Rio de Janeiro,RJ,industrial,Delta Obras,1220.0,8546062.66,814116.95,9561159.69,4886696.16,3006485.43,5420771.31,40,176,186,6,13,7837.016139344262,239028.99224999998,51404.084354838706,9.526222570429878,111.87794976920986,51.10986866071264,31.444777908525868,30.5,0.15245901639344261,5.681818181818188,1.5211683458450092
1611,Campinas,SP,residencial_popular,Engenharia Mineira,1555.0,2793652.98,269625.06,3026937.41,1776848.53,1082510.67,1786683.18,39,259,260,8,17,1946.5835434083601,77613.77974358975,11642.066961538461,9.65134402627201,108.35051567499985,58.70119825173392,35.762571978652176,39.87179487179487,0.16720257234726688,0.38610038610038533,6.085222510349156
1612,Rio de Janeiro,RJ,industrial,Engenharia Vale Verde,7509.0,44937169.73,1705595.25,46075908.22,27516469.25,15401040.26,27616920.99,237,1063,1186,39,13,6136.091119989346,194413.11485232066,38849.838296795955,3.7955110663352407,102.53406811519726,59.71986296746729,33.42536447998854,31.68354430379747,0.15794380077240644,11.571025399811852,0.2892928076714457
1613,Rio de Janeiro,RJ,comercial,Construtora Serrana,4333.0,18689907.8,248469.43,19125479.53,9882604.27,6696502.68,10468201.95,163,740,759,25,19,4413.911730902378,117334.23024539878,25198.260250329382,1.3294310098201767,102.3305183453072,51.67245220962049,35.0135151879248,26.58282208588957,0.17516732056312023,2.5675675675675746,1.0165914248116301
1614,Campinas,SP,comercial,Obras & Cia,2343.0,12118112.39,306665.96,13094260.69,7548691.17,4421844.24,7980399.01,70,350,330,11,11,5588.672936406317,187060.867,39679.57784848485,2.530641325402,108.05528343511261,57.64885356043725,33.76933104269822,33.47142857142857,0.14084507042253522,-5.714285714285716,0.907732132363892
1615,Sao Paulo,SP,comercial,Engenharia Vale Verde,5502.0,16278338.15,549469.19,16757062.33,7953655.88,4355967.6,7986412.36,157,925,1018,33,12,3045.6311032351873,106732.88108280255,16460.768497053046,3.37546243932769,102.94086641762014,47.46450018127968,25.994816479267698,35.044585987261144,0.18502362777171938,10.054054054054063,0.737175987464052
1616,Uberlandia,MG,comercial,Construtora Horizonte,3031.0,14129130.64,303771.14,14823216.53,7784325.14,4801365.52,8046876.84,75,514,511,17,18,4890.536631474761,197642.88706666665,29008.251526418786,2.1499634177067812,104.9124458375027,52.51441294300516,32.390847899190746,40.413333333333334,0.16859122401847576,-0.5836575875486361,1.2739637319964647
1617,Contagem,MG,residencial_padrao,Alfa Construcoes,3310.0,12429808.35,761790.0,12951917.66,7137353.26,4034828.81,7450338.56,103,582,576,19,13,3912.9660604229607,125746.77339805826,22485.968159722222,6.128734881097342,104.20046146568302,55.106536710332975,31.152366127688925,32.13592233009709,0.17401812688821752,-1.0309278350515427,1.0458729236963658
1618,Belo Horizonte,MG,industrial,Vertice Engenharia,1174.0,6255649.01,77383.62,6379401.87,3637105.58,2281889.38,3733044.67,32,208,199,6,17,5433.902785349233,199356.3084375,32057.29582914573,1.2370198499995446,101.9782577283696,57.0132694901066,35.76964465478956,36.6875,0.1695059625212947,-4.326923076923073,2.7175437708900487
1619,Belo Horizonte,MG,residencial_padrao,Construtora Horizonte,4791.0,14019630.84,307514.48,14114996.58,8132214.88,4723902.89,8484181.49,209,831,878,29,13,2946.1483155917344,67535.86880382775,16076.30589977221,2.193456329268082,100.68023003664197,57.61400531632294,33.467262023240245,22.923444976076556,0.18326027969108746,5.655836341756926,0.9272712062366972
1620,Ribeirao Preto,SP,residencial_padrao,Alfa Construcoes,2249.0,6281023.68,225471.55,6707821.76,4085876.92,2206713.86,4201547.17,76,319,363,12,14,2982.579706536238,88260.81263157894,18478.84782369146,3.589726157504313,106.79504013587797,60.91212715825055,32.89762219322894,29.592105263157894,0.16140506891951978,13.793103448275868,2.2289360322870175
1621,Uberlandia,MG,residencial_popular,Construtora Serrana,1551.0,2857961.57,117442.08,4060746.87,2181220.46,1112340.03,2276048.41,36,237,228,7,13,2618.1475628626695,112798.52416666667,17810.293289473684,4.109295283491163,142.085425942239,53.71476060511006,27.39249861196101,43.083333333333336,0.1470019342359768,-3.797468354430378,4.548696573271278
1622,Sao Paulo,SP,comercial,Construtora Atlantica,1835.0,10192944.26,197510.18,10726617.67,5712359.63,3746065.49,6094261.33,57,284,251,8,16,5845.56821253406,188186.2749122807,42735.528565737055,1.9377147069771183,105.23571400360036,53.25406205141644,34.923082049217854,32.19298245614035,0.13678474114441416,-11.61971830985915,1.5697132832157763
1623,Contagem,MG,industrial,Construtora Planalto,2661.0,18011826.53,412194.35,17706362.63,8910079.37,5831410.61,9405359.28,107,444,477,15,13,6654.025791055994,165480.02457943925,37120.257085953876,2.2884650222089387,98.30409259443384,50.32134242469199,32.93398385572317,24.869158878504674,0.17925591882750846,7.432432432432434,0.721748012526523
1624,Contagem,MG,industrial,Delta Obras,2274.0,9681394.86,858482.83,10238518.76,5394330.45,3730647.23,5893413.91,65,352,328,10,15,4502.42689533861,157515.67323076923,31214.996219512195,8.867346517875628,105.75458297132197,52.68662954522926,36.43737260681642,34.98461538461538,0.1442392260334213,-6.818181818181824,1.5493635180581822
1625,Contagem,MG,industrial,Beta Engenharia,5512.0,30390893.59,488590.46,38504456.3,17405905.19,22147009.73,19608605.05,510,926,997,33,16,6985.568994920173,75498.93392156862,38620.31725175526,1.6076870479411265,126.69734828945514,45.20491097026606,57.51804299597395,10.807843137254903,0.18087808417997098,7.6673866090712695,0.5264734961681
1626,Belo Horizonte,MG,comercial,Alfa Construcoes,2651.0,9858661.54,944807.6,10732169.19,6158947.63,3648512.68,6401345.89,81,556,576,19,13,4048.347487740475,132495.91592592592,18632.23817708333,9.583528110449768,108.86030671055981,57.38772396300622,33.99604139114397,32.72839506172839,0.2172764994341758,3.597122302158273,1.3186374181986573
1627,Goiania,GO,industrial,Vertice Engenharia,1639.0,8982650.2,770064.88,9935025.89,5107223.07,3907206.37,5229376.34,43,241,250,8,9,6061.6387370347775,231047.11372093024,39740.10356,8.572802712500149,110.60239092912691,51.40623815727168,39.32759122382116,38.116279069767444,0.1525320317266626,3.734439834024905,1.0019314789748799
1628,Contagem,MG,residencial_popular,Construtora Planalto,1587.0,3012136.56,83755.01,3130918.41,1781064.87,1008124.03,1817993.74,41,288,239,7,17,1972.8534404536863,76363.86365853659,13100.077029288703,2.780584755426892,103.94344172762206,56.8863393025946,32.19898758077186,38.707317073170735,0.15059861373660996,-17.013888888888886,5.643834421637244
1629,Ribeirao Preto,SP,industrial,Obras & Cia,3765.0,27309576.84,6168.08,28131747.48,15645525.01,11185826.45,15929284.56,107,575,594,19,19,7471.911681274901,262913.5278504673,47359.844242424246,0.02258577654328825,103.01055796220093,55.61519070624048,39.76228799136085,35.18691588785047,0.15776892430278885,3.3043478260869508,0.6957266350671145
1630,Campinas,SP,residencial_popular,Delta Obras,8614.0,16112642.04,1175464.02,17906158.33,8998061.3,5562369.02,9787124.4,236,1480,1555,51,5,2078.7274587880192,75873.55224576271,11515.214360128617,7.2952903507809825,111.1311123622529,50.2512104169471,31.063999979720947,36.5,0.18052008358486185,5.067567567567566,0.31031534043810977
1631,Curitiba,PR,residencial_popular,Delta Obras,2046.0,4152393.64,347601.24,4577846.62,2590229.6,1396607.6,2765638.12,53,292,356,11,8,2237.4616911045946,86374.46452830189,12859.119719101123,8.371105201866168,110.24596935853124,56.58183453948923,30.50795965724164,38.60377358490566,0.1739980449657869,21.91780821917808,1.9265996178531857
1632,Ribeirao Preto,SP,residencial_padrao,Delta Obras,3249.0,10416394.19,946719.04,11713416.77,5926326.28,3733843.18,6040545.8,97,647,676,22,14,3605.237540781779,120756.87391752577,17327.539600591714,9.088740525093359,112.45174247769131,50.59434319094923,31.876635599298325,33.49484536082474,0.20806401969836874,4.482225656877903,1.344035156949067
1633,Uberlandia,MG,comercial,Alfa Construcoes,4614.0,20570825.19,1932347.85,22371495.82,12282671.67,7452315.01,12894208.74,119,813,887,29,11,4848.612011270047,187995.76319327732,25221.528545659527,9.39363312921138,108.75351675670916,54.90322045886336,33.311652783349736,38.773109243697476,0.19224100563502383,9.102091020910219,0.5347379066420427
1634,Campinas,SP,residencial_padrao,Estrutural Engenharia,4563.0,14726806.18,357165.59,14561734.02,7149125.97,4827411.16,7209619.53,162,702,736,24,13,3191.263208415516,89887.24703703703,19784.964701086956,2.425275281242277,98.87910414530899,49.095292910727125,33.15134827603451,28.166666666666668,0.16129739206662283,4.843304843304841,0.8827440139502127
1635,Goiania,GO,industrial,Vertice Engenharia,2211.0,16550069.61,168881.87,16055810.71,9341945.41,5515609.81,10380426.06,68,331,376,12,12,7261.786843057441,236114.86338235295,42701.624228723405,1.0204299678471263,97.0135539508465,58.184202459372415,34.35273316074115,32.51470588235294,0.17005879692446857,13.595166163142004,0.725072479015392
1636,Campinas,SP,residencial_padrao,Alfa Construcoes,3974.0,10194205.96,763254.56,10123675.57,5809121.7,3463766.84,6071319.24,149,775,784,26,12,2547.4774962254655,67944.13134228188,12912.85149234694,7.4871408621216435,99.30813257769415,57.38154744127186,34.21451839354034,26.671140939597315,0.1972823351786613,1.1612903225806548,1.1771392541101846
1637,Rio de Janeiro,RJ,industrial,Beta Engenharia,3991.0,32098221.39,407217.67,33593138.66,17360970.64,10069597.42,18045530.22,147,663,654,21,7,8417.223417689802,228524.75278911562,51365.65544342507,1.2686611667737644,104.65732120118571,51.680108892808065,29.97516106463153,27.14965986394558,0.16386870458531697,-1.3574660633484115,0.2180806193261788
1638,Uberlandia,MG,industrial,Vertice Engenharia,1314.0,8946177.96,624903.38,9884103.37,5146299.04,3299047.52,5456852.2,34,198,206,6,17,7522.148683409436,290708.9226470588,47981.08432038835,6.985143631102102,110.4840906831234,52.06642269262306,33.37730693927375,38.64705882352941,0.1567732115677321,4.040404040404044,1.9002528315455058
1639,Sao Paulo,SP,industrial,Engenharia Mineira,3295.0,19346947.37,625802.98,20331765.03,11216769.4,6863831.55,12207580.19,118,450,471,15,16,6170.490145675266,172303.09347457628,43167.229363057326,3.2346342191967206,105.09029998979112,55.16869481547416,33.75915243891641,27.923728813559322,0.14294385432473444,4.666666666666663,0.8270038520293963
1640,Goiania,GO,residencial_popular,Construtora Atlantica,2780.0,5236647.71,300655.22,5504405.84,2544678.05,1671964.15,2828563.83,94,389,379,12,14,1980.0021007194243,58557.50893617021,14523.498258575197,5.741368078396093,105.11315912064667,46.22984067613735,30.375015916340935,29.574468085106382,0.13633093525179857,-2.570694087403602,2.673466075112393
1641,Ribeirao Preto,SP,residencial_popular,Engenharia Mineira,1978.0,4347750.38,165818.83,4575971.68,2467801.94,1692018.65,2708076.47,57,267,267,8,18,2313.4336097067744,80280.2049122807,17138.470711610487,3.813899499906432,105.24918130189434,53.929571959239055,36.97616087519143,34.70175438596491,0.13498483316481294,0.0,4.140072089419264
1642,Ribeirao Preto,SP,residencial_popular,Alfa Construcoes,3317.0,5976708.2,341668.93,6386236.96,3549799.92,2221276.21,3719986.83,96,581,1665,55,12,1925.3050829062406,66523.30166666667,3835.5777537537538,5.716674104986421,106.85207887512394,55.585158243172984,34.78223911691495,34.552083333333336,0.5019596020500452,186.57487091222032,2.0077941901195713
1643,Salvador,BA,residencial_popular,Construtora Serrana,3492.0,5055252.08,405266.82,5377670.47,3396642.81,1669207.19,3609876.13,96,557,639,21,19,1539.9972709049255,56017.400729166664,8415.75973395931,8.016747999636845,106.37788946817463,63.16197373841689,31.03959603534428,36.375,0.18298969072164947,14.721723518850993,3.758467372016788
1644,Contagem,MG,industrial,Beta Engenharia,1174.0,7148701.67,423995.44,7530354.58,3634037.11,2727089.06,3630777.16,32,233,228,7,19,6414.27136286201,235323.580625,33027.87096491228,5.931083147298271,105.33877237599145,48.258512549351956,36.21461686867871,36.6875,0.19420783645655879,-2.145922746781115,2.6578252775234357
1645,Curitiba,PR,residencial_popular,Obras & Cia,5295.0,11595688.79,72960.89,12193378.94,5991579.78,4540607.15,6202482.6,174,815,917,30,18,2302.8099981114256,70076.89045977012,13297.032649945473,0.6292070382478764,105.1544169632721,49.137977335755636,37.238300985665916,30.43103448275862,0.1731822474032106,12.515337423312879,1.5523010599873128
1646,Contagem,MG,residencial_popular,Construtora Serrana,3879.0,7276775.21,690830.15,8016366.98,4679244.42,2414399.6,4894778.82,138,623,735,24,13,2066.6065944831143,58089.615797101455,10906.6217414966,9.493630489652023,110.16372979315929,58.37113534939489,30.118376641484545,28.108695652173914,0.18948182521268367,17.97752808988764,1.786505646365844
1647,Sao Paulo,SP,residencial_popular,Engenharia Mineira,4351.0,5582634.38,33015.88,5677060.03,2464526.5,1820609.0,2669145.63,108,690,773,25,15,1304.7713238336016,52565.37064814815,7344.191500646831,0.5914032292403143,101.69141741286664,43.412021133762785,32.0695745752049,40.28703703703704,0.17766030797517812,12.028985507246382,2.6869035260016436
1648,Belo Horizonte,MG,residencial_popular,Engenharia Mineira,3159.0,5186785.49,432247.33,7187044.22,3555846.38,4371735.43,3631894.48,209,490,527,17,12,2275.1010509654952,34387.771387559806,13637.655066413661,8.333626498210938,138.56451618939033,49.47578268831077,60.82800239122502,15.114832535885167,0.16682494460272237,7.551020408163267,2.3135716761635345
1649,Salvador,BA,residencial_padrao,Construtora Planalto,1733.0,6040073.53,117544.91,6458919.12,3735457.5,1992830.73,3944343.92,37,326,340,11,20,3727.0162261973455,174565.38162162164,18996.82094117647,1.9460840901385514,106.93444521692767,57.83409624116798,30.853935356292244,46.83783783783784,0.19619157530294287,4.294478527607359,3.3112179679044402
1650,Campinas,SP,industrial,Construtora Atlantica,2066.0,10555648.09,498754.47,10657810.85,5777911.33,3709244.34,6246382.56,54,324,329,10,19,5158.6693368828655,197366.86759259258,32394.561854103344,4.725000926020829,100.96784924174183,54.212928070495835,34.803060330161514,38.25925925925926,0.15924491771539206,1.5432098765432167,1.7999842205804344
1651,Curitiba,PR,comercial,Alfa Construcoes,4998.0,24871618.18,1141914.73,26091317.7,12995706.53,8632979.26,13562172.39,154,834,994,33,19,5220.351680672269,169424.1409090909,26248.81056338028,4.591236170223325,104.90398136210051,49.8085481133059,33.08755563541354,32.45454545454545,0.19887955182072828,19.18465227817745,0.7639229527606073
1652,Sao Paulo,SP,residencial_popular,Vertice Engenharia,5818.0,10401050.56,124222.96,10750229.18,6353680.73,2980208.07,6514196.06,168,883,890,29,11,1847.7533826057063,63989.4594047619,12078.909191011235,1.1943308926670577,103.35714760721247,59.10274677511573,27.72227475433226,34.63095238095238,0.15297353042282572,0.7927519818799578,1.0575854752887577
1653,Salvador,BA,residencial_popular,Alfa Construcoes,2359.0,4565876.73,2306227.32,6670744.55,2762907.16,1702740.17,2977512.3,72,439,508,16,8,2827.7848876642643,92649.2298611111,13131.386909448818,50.5100653472964,146.09997037743065,41.41827256749024,25.52548905504109,32.763888888888886,0.21534548537515896,15.717539863325737,1.7521278985558595
1654,Rio de Janeiro,RJ,industrial,Construtora Horizonte,4583.0,24661000.33,472928.86,24975543.38,12442776.07,8020875.28,13305583.41,119,888,980,32,16,5449.605799694523,209878.5157983193,25485.248346938773,1.9177196937331213,101.27546752277263,49.81984127706294,32.114918013847834,38.51260504201681,0.21383373336242636,10.360360360360366,0.6487976880863211
1655,Campinas,SP,comercial,Obras & Cia,3962.0,20764868.69,1395064.82,22811388.43,11371826.46,7900671.15,11927118.62,117,623,685,22,16,5757.543773346794,194969.13188034188,33301.29697810219,6.718389799747874,109.8556835131135,49.85153137388403,34.634766639673586,33.863247863247864,0.1728924785461888,9.95184590690208,0.7705322021952068
1656,Goiania,GO,residencial_padrao,Obras & Cia,5159.0,17320722.22,1378932.32,18590997.84,8928661.59,6526576.49,9321956.65,160,709,678,22,17,3603.604931188215,116193.7365,27420.350796460178,7.96117103250906,107.333849038542,48.02680128760641,35.10611181911686,32.24375,0.13142081798798216,-4.372355430183362,0.9814833229280897
1657,Goiania,GO,industrial,Vertice Engenharia,5108.0,30503009.91,1019794.51,30234723.83,16131372.03,9959015.02,16589722.27,153,863,939,31,10,5919.092370790916,197612.57405228756,32198.853919062833,3.343258625981281,99.12046030607607,53.35379321042074,32.938997809261615,33.38562091503268,0.18382928739232576,8.806488991888761,0.32783649972593804
1658,Goiania,GO,residencial_popular,Delta Obras,2703.0,6106363.32,3290884.73,9084911.96,3479627.8,2249461.13,3640547.22,93,364,351,11,17,3361.0477099519057,97687.2253763441,25882.94005698006,53.89271089097266,148.77778284571514,38.30117248599071,24.760406483895082,29.06451612903226,0.12985571587125416,-3.57142857142857,2.7839810881085927
1659,Belo Horizonte,MG,residencial_padrao,Obras & Cia,4026.0,15975514.5,1120524.39,16809510.53,9988878.34,5565074.5,10537335.09,141,778,820,27,16,4175.238581718828,119216.38673758866,20499.403085365855,7.014011285833704,105.220464292402,59.42396908091291,33.10670165004501,28.5531914893617,0.20367610531544958,5.398457583547556,1.001532689291478
1660,Ribeirao Preto,SP,comercial,Engenharia Mineira,1979.0,10678251.81,201785.44,10513285.69,5814185.33,3390670.78,6326231.06,56,336,368,12,10,5312.423289540172,187737.2444642857,28568.711114130434,1.889686098346467,98.4551205296965,55.30321824632163,32.25129498026606,35.339285714285715,0.18595250126326426,9.523809523809534,0.936482879213915
1661,Contagem,MG,industrial,Estrutural Engenharia,3656.0,18317643.5,611650.94,19404470.48,11080002.4,6061667.72,11428201.65,119,492,552,18,13,5307.568512035011,163062.77714285714,35153.02623188406,3.339135517076746,105.93322487141974,57.10025641472697,31.238511384516787,30.722689075630253,0.15098468271334792,12.195121951219523,0.7096982753267362
1662,Contagem,MG,comercial,Engenharia Mineira,2130.0,9741351.13,24502.69,9737300.67,5452114.65,3430938.8,5697965.1,63,376,401,13,16,4571.502661971831,154560.3280952381,24282.5453117207,0.2515327665845056,99.9584199363523,55.99205400730427,35.235009334470924,33.80952380952381,0.18826291079812207,6.64893617021276,1.6424826275613371
1663,Curitiba,PR,industrial,Estrutural Engenharia,1654.0,8436996.0,348241.1,9173107.07,5101133.82,3097299.12,5390522.23,56,234,249,8,12,5546.0139480048365,163805.48339285716,36839.787429718876,4.1275484781550205,108.72480050956526,55.60966181985272,33.76499474348771,29.535714285714285,0.1505441354292624,6.41025641025641,1.4223071813711894
1664,Uberlandia,MG,comercial,Engenharia Mineira,5744.0,25034833.05,1641597.77,27135580.04,14120523.76,9655145.58,14942805.17,210,926,968,32,15,4724.160870473537,129217.0478095238,28032.62400826446,6.557254712749123,108.39129618242052,52.036933572767666,35.58112841430899,27.35238095238095,0.16852367688022285,4.535637149028071,0.5991651699870234
1665,Belo Horizonte,MG,residencial_popular,Engenharia Mineira,3393.0,7241801.39,324518.45,7488654.82,4318443.22,2729073.82,4593882.88,69,522,595,19,13,2207.0895431771296,108531.22927536232,12585.974487394958,4.4811840662755325,103.40872963377419,57.66647447104525,36.44277758285032,49.17391304347826,0.17536103743000295,13.984674329501923,1.7951334619520682
1666,Goiania,GO,industrial,Engenharia Vale Verde,4256.0,27094313.42,1491953.05,28402447.3,15196669.65,9787604.98,16286791.56,108,819,909,30,12,6673.507354323308,262985.6231481482,31245.81661166117,5.506517278635658,104.82807539619876,53.504789532696364,34.46042827443254,39.407407407407405,0.21358082706766918,10.989010989010994,0.44289736425437715
1667,Goiania,GO,residencial_popular,Construtora Serrana,2708.0,5934438.85,312595.35,6280508.03,3606667.94,2033510.64,3779118.2,80,484,491,16,19,2319.242256277696,78506.35037500001,12791.258716904278,5.267479502295318,105.8315400789748,57.426372560501285,32.37812339840285,33.85,0.181314623338257,1.446280991735538,3.2016506497493022
1668,Rio de Janeiro,RJ,residencial_padrao,Construtora Serrana,3489.0,8971471.37,848984.18,9404015.24,5408471.79,3148316.2,5680253.0,122,572,643,21,11,2695.332542275724,77082.09213114754,14625.218102643857,9.463154314229284,104.82132586909209,57.512367344908725,33.47842511578065,28.598360655737704,0.18429349383777588,12.412587412587417,1.2261088004787335
1669,Contagem,MG,residencial_padrao,Engenharia Vale Verde,3742.0,12782029.3,789288.94,14391869.87,8219803.35,5338053.34,8595397.29,145,572,574,19,17,3846.036843933725,99254.27496551724,25072.944024390243,6.174989287499129,112.59456172581297,57.114213957244466,37.09075601862706,25.806896551724137,0.1533939070016034,0.34965034965035446,1.3299922571762528
1670,Rio de Janeiro,RJ,comercial,Delta Obras,2023.0,10327561.18,763449.78,11838180.01,7570728.56,4723208.75,8238954.14,58,291,303,10,8,5851.794369747899,204106.5518965517,39069.90102310231,7.392353012427277,114.62706251428858,63.95179456305632,39.898098744994506,34.87931034482759,0.14977755808205634,4.123711340206193,0.7746262511126562
1671,Salvador,BA,residencial_popular,Vertice Engenharia,5242.0,9394530.1,700771.62,9917765.54,4732303.25,3752410.65,4741298.09,143,984,920,30,15,1891.9812170927125,69355.00377622378,10780.179934782607,7.4593578661268,105.56957542772682,47.71541766049856,37.835242574205886,36.65734265734266,0.17550553223960322,-6.504065040650408,1.5966737921250582
1672,Uberlandia,MG,industrial,Construtora Serrana,1582.0,8413735.41,735846.22,9619424.73,4450197.26,3885725.95,4950879.82,44,296,303,10,18,6080.546605562579,218623.28931818184,31747.276336633666,8.745773240330598,114.3300123101922,46.26261325296528,40.39457721293485,35.95454545454545,0.19152970922882429,2.3648648648648685,2.1393589318968136
1673,Goiania,GO,comercial,Obras & Cia,3357.0,15076524.56,1422763.33,16238833.72,9121886.1,5207686.08,9701599.11,102,550,638,21,14,4837.305248733989,159204.25215686276,25452.717429467084,9.436944995763666,107.70939718483767,56.1732834838092,32.06933558033871,32.911764705882355,0.19005064045278522,15.999999999999993,0.9285959734476099
1674,Ribeirao Preto,SP,residencial_padrao,Engenharia Vale Verde,2356.0,7568555.48,642132.41,7727911.24,4220611.13,3042483.8,4332243.71,69,376,400,13,21,3280.098149405773,111998.7136231884,19319.7781,8.484213555636115,102.10549767945942,54.6151605385157,39.370066574418885,34.14492753623188,0.1697792869269949,6.382978723404253,2.774637783325068
1675,Sao Paulo,SP,residencial_padrao,Delta Obras,5790.0,17589998.23,1161211.51,18624232.25,9379831.53,6788632.31,9740238.96,182,904,866,28,18,3216.6204231433508,102330.94642857143,21506.0418591224,6.601544211752886,105.8796709725422,50.36358763191433,36.4505350817884,31.813186813186814,0.14956822107081175,-4.2035398230088505,1.0233088010947458
1676,Campinas,SP,comercial,Vertice Engenharia,2449.0,12103782.74,187021.48,12565098.79,6966064.08,3770761.99,7525186.9,70,369,407,13,11,5130.705916700694,179501.41128571428,30872.4785995086,1.5451490167775435,103.81133782644216,55.43978759278821,30.009807746207144,34.98571428571429,0.1661902817476521,10.2981029810298,0.9088067950565345
1677,Goiania,GO,residencial_popular,Obras & Cia,4137.0,7132964.69,139898.85,8875235.18,4274823.58,5470841.89,4525496.03,323,668,765,25,14,2145.331201353638,27477.508297213622,11601.614614379085,1.9613001897532174,124.42561495422177,48.16574990185218,61.64165544963057,12.808049535603715,0.18491660623640319,14.520958083832337,1.9627182536915095
1678,Ribeirao Preto,SP,residencial_padrao,Construtora Serrana,3173.0,12614372.05,603911.06,13249770.57,7401032.51,4358431.01,7732679.09,86,474,526,17,10,4175.786501733375,154067.0996511628,25189.67788973384,4.7874841300562405,105.03709988480956,55.857816336513366,32.89438852524976,36.895348837209305,0.16577371572644184,10.970464135021096,0.7927465560998734
1679,Contagem,MG,residencial_popular,Beta Engenharia,2852.0,4429875.16,109747.41,4738904.6,2656392.4,1759383.77,2850371.41,67,433,408,13,23,1661.6075035063113,70729.91940298506,11614.96225490196,2.4774379872140684,106.97603044867748,56.0549878974141,37.126380851811206,42.56716417910448,0.14305750350631136,-5.773672055427248,5.192019903332897
1680,Uberlandia,MG,residencial_popular,Construtora Planalto,1781.0,3430568.18,93501.81,3558957.79,2063256.93,1185156.94,2097335.25,48,319,338,11,9,1998.2918528916339,74144.95395833334,10529.460917159764,2.7255488039884983,103.74251736923648,57.97362744220689,33.30067424036518,37.104166666666664,0.1897810218978102,5.956112852664575,2.623472126999091
1681,Contagem,MG,residencial_padrao,Construtora Atlantica,4262.0,14800517.96,1458582.35,15689252.48,8638981.68,5755303.92,9175939.78,131,683,799,26,15,3681.1948568747066,119765.28610687023,19636.11073842303,9.854941252339792,106.00475282285322,55.06305473133669,36.683098365180996,32.534351145038165,0.18747067104645707,16.98389458272327,1.0134780445210851
1682,Rio de Janeiro,RJ,residencial_padrao,Construtora Planalto,8283.0,21707043.85,276614.51,21834387.93,12092655.19,7769277.08,13110846.59,233,1179,1226,40,13,2636.0482832307134,93709.81944206008,17809.451818923328,1.2743076022302318,100.58664865137774,55.38353183413464,35.582756452381126,35.54935622317596,0.14801400458770977,3.98642917726888,0.5988839424581528
1683,Uberlandia,MG,industrial,Estrutural Engenharia,1202.0,7510340.33,269249.93,7886536.79,4554237.57,2662566.27,4748566.88,30,158,184,6,18,6561.178693843594,262884.55966666667,42861.61298913044,3.5850563112896907,105.00904677378315,57.74698947419733,33.76090597048999,40.06666666666667,0.15307820299500832,16.455696202531644,2.3966956501423953
1684,Uberlandia,MG,comercial,Engenharia Mineira,2045.0,7129448.19,512466.22,7653331.44,4119943.75,2341282.27,4321327.83,61,404,412,13,13,3742.460361858191,125464.44983606559,18576.04718446602,7.188020816517077,107.34815985807731,53.83203095670452,30.59167485891608,33.52459016393443,0.20146699266503668,1.980198019801982,1.823423027077219
1685,Salvador,BA,residencial_popular,Construtora Horizonte,4738.0,6274413.1,3528635.85,9803712.46,3728388.35,2437772.01,3854522.69,155,790,801,26,21,2069.1668341072186,63249.75780645162,12239.341398252185,56.238500617691244,156.24907547129789,38.0303723228537,24.86580486674126,30.56774193548387,0.16905867454622203,1.3924050632911467,3.3469265834600535
1686,Ribeirao Preto,SP,residencial_popular,Construtora Planalto,10277.0,17998212.29,493188.77,18849936.07,10918939.81,6761182.12,11528382.88,289,1855,1996,66,23,1834.1866371509195,65224.69228373702,9443.855746492985,2.7402097611328933,104.73226877356718,57.92560658801216,35.86846180746755,35.56055363321799,0.19422010314294055,7.6010781671159044,1.2779046957224218
1687,Goiania,GO,residencial_padrao,Engenharia Mineira,3470.0,12440378.23,1065634.45,13400458.27,7878316.94,5288022.05,8090038.95,106,448,473,15,22,3861.8035360230547,126419.41764150943,28330.778583509513,8.565932886431218,107.71745056500583,58.791399378015456,39.461501565498324,32.735849056603776,0.13631123919308358,5.58035714285714,1.7684349778808934
1688,Contagem,MG,residencial_popular,Delta Obras,2559.0,5209199.65,310228.32,5348049.36,2866030.23,2018633.83,2998193.03,78,375,426,14,13,2089.898147713951,68564.73538461539,12554.10647887324,5.955393166779468,102.6654710767325,53.590197791293384,37.745235582492825,32.80769230769231,0.16647127784290738,13.59999999999999,2.49558490237555
1689,Rio de Janeiro,RJ,residencial_popular,Construtora Horizonte,1629.0,2567515.4,174394.61,2744493.45,1403327.99,901623.14,1428656.19,43,368,356,11,7,1684.7719152854513,63825.429069767444,7709.251264044944,6.792349132550481,106.8929693664155,51.132495506593386,32.852078404486626,37.883720930232556,0.2185389809699202,-3.2608695652173947,2.726371183596406
1690,Uberlandia,MG,residencial_padrao,Engenharia Mineira,3029.0,11927553.21,275661.19,11542078.08,6485913.62,3697283.81,6578051.98,87,433,475,15,12,3810.5242918454937,132667.56413793104,24299.11174736842,2.311129408912526,96.76819609845194,56.19363839895285,32.033086107835445,34.81609195402299,0.15681743149554309,9.69976905311778,1.0060739020589118
1691,Ribeirao Preto,SP,industrial,Engenharia Mineira,971.0,5168000.67,310215.0,5491087.4,2975548.23,1898575.69,3108729.05,27,150,159,5,13,5655.084860968074,203373.60740740743,34535.140880503146,6.002611450899831,106.25167740158207,54.188688200446414,34.57558679543145,35.96296296296296,0.16374871266735325,6.000000000000005,2.5154795500442537
1692,Belo Horizonte,MG,industrial,Construtora Horizonte,2257.0,13421335.23,1104598.55,16368406.55,8738864.96,7743438.78,9085265.37,164,291,293,9,12,7252.284692069119,99807.35701219512,55864.86877133106,8.230168839915043,121.95810826193036,53.388611367305025,47.307224172043796,13.762195121951219,0.12981834293309702,0.6872852233676952,0.8940988205984927
1693,Curitiba,PR,industrial,Construtora Atlantica,3127.0,17837666.3,1141703.95,16969904.78,9372247.51,5948531.97,10132871.6,75,534,595,19,10,5426.896315957787,226265.3970666667,28520.848369747902,6.400523088606047,95.13522954513394,55.22863935598347,35.05341984600104,41.693333333333335,0.1902782219379597,11.423220973782765,0.5606114517345803
1694,Ribeirao Preto,SP,comercial,Engenharia Mineira,1649.0,7206274.99,58810.0,7304535.61,4454740.62,2392513.12,4817514.8,51,266,283,9,17,4429.675930867193,143226.18843137255,25811.079893992934,0.8160943078304592,101.36354247008828,60.985952534770384,32.75380185325704,32.333333333333336,0.1716191631291692,6.390977443609014,2.3590551323104587
1695,Sao Paulo,SP,residencial_popular,Estrutural Engenharia,2060.0,4161358.08,246134.9,4330299.7,2063780.64,1580471.0,2146465.16,59,319,323,10,13,2102.087233009709,73394.91016949153,13406.500619195047,5.914773380905495,104.05977127543899,47.659071726605895,36.49795879024262,34.91525423728814,0.15679611650485437,1.2539184952978122,3.123980140637164
1696,Goiania,GO,residencial_padrao,Construtora Horizonte,3026.0,8000583.29,171149.96,8205865.74,4142508.78,2487451.43,4428615.62,78,530,568,18,15,2711.7864309319234,105203.40692307692,14446.946725352112,2.1392185269031803,102.56584354613976,50.48228805166875,30.31308954855018,38.794871794871796,0.1877065432914739,7.169811320754715,1.8748633013731177
1697,Campinas,SP,industrial,Construtora Planalto,4033.0,14739769.16,1140856.4,16127364.83,8605267.33,5662093.29,9229329.92,113,559,637,21,14,3998.850689313166,142720.04274336284,25317.684191522763,7.739988242800947,109.41395794559376,53.35817364280461,35.10860794484799,35.690265486725664,0.15794693776345153,13.953488372093027,0.9498113469777026
1698,Belo Horizonte,MG,residencial_popular,Engenharia Vale Verde,4120.0,7079702.74,423727.74,7553229.89,4200463.14,2801309.22,4586486.18,118,526,562,18,9,1833.3082257281553,64010.42279661017,13439.910836298932,5.985106374678098,106.68851740518133,55.611482785147956,37.087567316185584,34.91525423728814,0.13640776699029125,6.844106463878319,1.271239814794823
1699,Ribeirao Preto,SP,residencial_padrao,Alfa Construcoes,2474.0,8576015.16,150114.47,8648124.34,4700760.53,2910581.39,5050226.64,64,356,364,12,19,3495.6040177849636,135126.9428125,23758.58335164835,1.7503988414124958,100.84082384014815,54.35583885233547,33.65563763390572,38.65625,0.1471301535974131,2.2471910112359605,2.215481158267915
1700,Campinas,SP,industrial,Obras & Cia,1625.0,9763472.1,605964.41,10182120.29,5406016.18,3497756.48,5769218.53,49,291,274,9,12,6265.920178461538,207798.37326530612,37161.022956204375,6.206443812135235,104.28790276360805,53.09322642072224,34.35194616032178,33.16326530612245,0.1686153846153846,-5.841924398625431,1.229070957246859
1701,Rio de Janeiro,RJ,residencial_popular,Obras & Cia,3120.0,5038913.48,221863.94,5168417.08,3136186.3,2026578.77,3298265.5,113,398,430,14,13,1656.5439358974359,45738.20424778761,12019.574604651163,4.403011500010911,102.57006992705895,60.67982230257625,39.21082100440702,27.61061946902655,0.13782051282051283,8.040201005025116,2.5799212571516508
1702,Salvador,BA,comercial,Construtora Planalto,5741.0,23172722.94,41268.8,22388128.29,12910189.76,7820433.79,13664535.73,167,989,969,32,18,3899.691393485455,134060.64844311378,23104.363560371516,0.17809214785355734,96.61414563997717,57.66533759665177,34.93116391285428,34.377245508982035,0.1687859257968995,-2.0222446916076886,0.776775351200915
1703,Salvador,BA,industrial,Obras & Cia,2257.0,14666406.83,432843.81,15102918.77,7384363.27,4696284.0,7580569.8,92,316,341,11,14,6691.590062029242,164162.16054347827,44290.08436950146,2.951260080380574,102.97627050074132,48.893617071344416,31.095207962904247,24.532608695652176,0.15108551174124946,7.911392405063289,0.954562365702493
1704,Rio de Janeiro,RJ,comercial,Construtora Serrana,2977.0,17502804.04,975582.18,18957234.02,10062573.82,6666447.41,10932387.89,89,546,635,21,15,6367.898562311051,213002.62943820225,29853.911842519683,5.57386220956628,108.30969698727199,53.08039036382588,35.1657177569621,33.449438202247194,0.21330198186093383,16.30036630036631,0.8570055384108616
1705,Salvador,BA,residencial_popular,Estrutural Engenharia,2116.0,4552930.66,35592.96,4648374.62,2581080.54,1556442.0,2710004.26,64,312,322,10,9,2196.7743950850663,72630.8534375,14435.946024844721,0.7817593251024824,102.09631920904326,55.52651735285483,33.48357495334574,33.0625,0.15217391304347827,3.205128205128216,1.9767487519785771
1706,Ribeirao Preto,SP,residencial_padrao,Vertice Engenharia,4060.0,10888201.62,34730.32,10967685.76,6003839.03,3982938.73,6332543.85,189,707,766,25,21,2701.400433497537,58030.08338624339,14318.127624020888,0.3189720507765542,100.73000246297792,54.74116565133974,36.315215599320744,21.48148148148148,0.18866995073891626,8.345120226308357,1.9286931609923663
1707,Contagem,MG,comercial,Delta Obras,1508.0,6416829.97,560611.95,7295589.22,4308149.38,2630188.58,4545023.69,35,216,246,8,16,4837.923885941645,208445.40628571427,29656.866747967477,8.736587265378327,113.69460082483688,59.05142477306309,36.05176361615382,43.08571428571429,0.16312997347480107,13.888888888888884,2.493443035705059
1708,Belo Horizonte,MG,comercial,Obras & Cia,4483.0,19575260.56,585750.72,20846473.53,12853198.54,6827597.96,13394301.49,121,701,706,23,22,4650.116781173322,172284.90520661158,29527.58290368272,2.9923010128249348,106.49397726330956,61.656464444708405,32.75181267553218,37.049586776859506,0.15748382779388803,0.7132667617689048,1.1238675435541687
1709,Rio de Janeiro,RJ,residencial_padrao,Construtora Atlantica,3888.0,15518943.59,813206.45,16288821.56,8142246.17,5616865.96,8185662.05,100,613,630,21,14,4189.511718106996,162888.2156,25855.27231746032,5.240088961493544,104.96089160666897,49.986711070582814,34.48294856267061,38.88,0.16203703703703703,2.7732463295269127,0.9021232610846807
1710,Campinas,SP,residencial_padrao,Engenharia Vale Verde,3301.0,11602286.84,418244.22,12267530.62,5925677.34,4250357.9,6015144.8,78,650,596,19,15,3716.3073674644043,157276.03358974357,20583.10506711409,3.6048429569769196,105.73372981700906,48.30375014788429,34.6472165561222,42.32051282051282,0.1805513480763405,-8.307692307692305,1.2928485743246803
1711,Belo Horizonte,MG,residencial_padrao,Construtora Serrana,1405.0,4828446.66,43067.53,4720072.31,2487436.9,1765621.74,2708480.62,34,239,204,6,16,3359.482071174377,138825.65617647057,23137.609362745097,0.891954142452927,97.75550280180582,52.699126975874655,37.40666718726604,41.3235294117647,0.14519572953736654,-14.644351464435147,3.313695092160343
1712,Goiania,GO,residencial_padrao,Vertice Engenharia,3757.0,10011367.15,788651.38,11426575.47,5637081.83,3605824.58,6078333.13,114,743,870,29,16,3041.409494277349,100233.11815789474,13133.99479310345,7.877559260225513,114.1360145801865,49.3330818564138,31.556476299193427,32.95614035087719,0.23156774021825924,17.09286675639301,1.598183321046217
1713,Rio de Janeiro,RJ,industrial,Construtora Planalto,1681.0,13183521.39,166819.81,20596678.18,12064408.3,4651122.89,12481978.79,39,234,210,7,17,12252.634253420583,528119.9533333334,98079.4199047619,1.2653660965463795,156.23047568780103,58.57453417762728,22.58190786568866,43.1025641025641,0.12492563950029745,-10.256410256410254,1.289488559019966
1714,Belo Horizonte,MG,industrial,Construtora Horizonte,3398.0,16260663.09,856347.51,16706986.1,8854842.13,5811619.43,9027803.76,79,531,633,21,14,4916.711624484991,211480.83670886076,26393.3429699842,5.26637508729049,102.74480202639755,53.000834962088106,34.78556452501029,43.0126582278481,0.1862860506180106,19.2090395480226,0.8609734992055603
1715,Uberlandia,MG,residencial_popular,Engenharia Mineira,7181.0,11888038.25,618410.32,12776605.65,6394575.73,4744449.93,6826212.23,173,1069,1233,41,14,1779.2237362484334,73853.21184971099,10362.210583941605,5.201954325811493,107.47446619293979,50.049096803735196,37.13388406880978,41.50867052023121,0.17170310541707284,15.341440598690358,1.1776543535263273
1716,Salvador,BA,comercial,Construtora Horizonte,1389.0,4863501.33,210912.45,5321789.33,2967334.12,2022168.78,2938034.42,42,308,342,11,8,3831.3818070554357,126709.26976190477,15560.787514619884,4.336638065646422,109.42300554485507,55.75820341614312,37.997911127383915,33.07142857142857,0.24622030237580994,11.038961038961048,1.644905482116934
1717,Salvador,BA,residencial_padrao,Construtora Serrana,3855.0,14177999.79,364654.16,14791408.59,8453460.5,5081399.01,8598512.04,101,593,665,22,16,3836.94126848249,146449.59,22242.719684210526,2.571971825371285,104.32648334804355,57.15115263407108,34.35371945194842,38.16831683168317,0.17250324254215305,12.141652613828002,1.1285089742549643
1718,Rio de Janeiro,RJ,residencial_padrao,Engenharia Vale Verde,2979.0,8885666.32,129570.94,8828552.29,5169591.91,2714396.3,5273994.0,89,408,462,15,8,2963.5959348774754,99197.21674157302,19109.42054112554,1.4582017299969914,99.35723413480598,58.555375107825306,30.745655808988815,33.47191011235955,0.15508559919436052,13.235294117647056,0.9003264034339745
1719,Belo Horizonte,MG,residencial_padrao,Construtora Serrana,5853.0,15637438.17,547505.74,16149876.82,9607512.89,6423417.43,9836894.01,133,1387,1415,47,13,2759.2477054501965,121427.6452631579,11413.340508833922,3.501249591191829,103.2769987284944,59.48969764340283,39.77378590309272,44.00751879699248,0.24175636425764566,2.0187454938716654,0.8313382191297899
1720,Sao Paulo,SP,residencial_popular,Construtora Atlantica,4804.0,7025189.39,345098.06,7482841.02,3615339.31,2154980.28,3908686.78,140,966,998,33,16,1557.6271898417983,53448.864428571425,7497.836693386773,4.9122954676671,106.51443832462999,48.31506242531397,28.798958500390537,34.31428571428572,0.2077435470441299,3.31262939958592,2.2775186705678268
1721,Campinas,SP,industrial,Construtora Atlantica,1372.0,10560285.66,523124.95,10971896.83,5905033.33,3958491.65,6000171.44,37,277,289,9,10,7997.009351311954,296537.75216216216,37965.04093425605,4.953700750553371,103.89772761128131,53.81962136076702,36.07846219603944,37.08108108108108,0.21064139941690962,4.332129963898912,0.9469440810562316
1722,Curitiba,PR,residencial_padrao,Estrutural Engenharia,3071.0,10113825.39,469348.28,10393628.47,5908242.35,3698303.37,5821858.56,85,487,561,18,12,3384.444308042983,122277.982,18526.966969696972,4.6406603031140525,102.76654054435876,56.84484842856807,35.58240878702488,36.129411764705885,0.18267665255617063,15.195071868583154,1.1864946780537606
1723,Curitiba,PR,comercial,Delta Obras,1811.0,6758750.65,3274771.57,9458049.83,3450636.16,2547278.64,3623914.6,45,386,355,11,20,5222.55650469354,210178.8851111111,26642.393887323942,48.45232114015035,139.9378423584838,36.48359040206072,26.9323876040522,40.24444444444445,0.19602429596907786,-8.03108808290155,2.9591267729339887
1724,Sao Paulo,SP,industrial,Obras & Cia,1704.0,10378558.86,772118.53,11547709.67,7611248.2,4209350.71,7846828.57,76,366,429,14,10,6776.82492370892,151943.5482894737,26917.738158508157,7.439554377591111,111.26505929937946,65.91132282943862,36.45182317785099,22.42105263157895,0.2517605633802817,17.21311475409837,0.9635249108179168
1725,Sao Paulo,SP,residencial_popular,Construtora Horizonte,4137.0,8979658.22,695986.17,9558182.01,5284382.78,3165391.41,5457633.51,111,672,820,27,16,2310.4138288614936,86109.74783783783,11656.319524390243,7.75069777655747,106.44260366960825,55.28648412921361,33.11708656194548,37.270270270270274,0.1982112642011119,22.023809523809533,1.7818050095006843
1726,Sao Paulo,SP,residencial_padrao,Alfa Construcoes,3876.0,11142175.94,329147.85,11708269.01,6462903.07,4943462.67,7062915.07,94,586,697,23,9,3020.7092389060886,124556.05329787233,16798.090401721664,2.95407155453695,105.08063302041164,55.199475383423916,42.2219771836281,41.234042553191486,0.17982456140350878,18.941979522184305,0.807741687841271
1727,Contagem,MG,comercial,Alfa Construcoes,1816.0,7454612.11,579924.54,8331787.23,4198028.77,2788013.08,4420213.48,53,271,359,11,16,4587.988562775331,157203.53264150943,23208.320974930364,7.779405976362733,111.76687810252812,50.38569341862561,33.46236531294618,34.264150943396224,0.19768722466960353,32.47232472324724,2.1463222718908175
1728,Curitiba,PR,comercial,Alfa Construcoes,2534.0,9735184.75,457298.84,10330700.28,5490491.08,4230924.36,5643876.63,73,389,436,14,20,4076.8351539068663,141516.4421917808,23694.266697247705,4.697382245365195,106.11714667253747,53.14732720132695,40.95486506554617,34.71232876712329,0.17205998421468036,12.082262210796912,2.0544037441097354
1729,Belo Horizonte,MG,industrial,Construtora Horizonte,5041.0,27228470.73,853638.71,28844310.53,17609897.71,8651762.11,18011130.54,128,1299,1415,47,19,5721.942180122992,225346.176015625,20384.671752650178,3.135096048782024,105.93437588185843,61.05154668781053,29.99469202427838,39.3828125,0.280698274151954,8.929946112394148,0.6977990129671892
1730,Ribeirao Preto,SP,residencial_popular,Vertice Engenharia,1742.0,2908466.23,251928.9,3095653.68,1611265.68,1058310.68,1678144.28,39,306,329,10,12,1777.068702640643,79375.73538461539,9409.28170212766,8.661915940485237,106.43595060754754,52.049287373773666,34.18698567082607,44.666666666666664,0.1888633754305396,7.516339869281041,4.125885965676143
1731,Contagem,MG,residencial_padrao,Estrutural Engenharia,1271.0,3168457.07,180597.28,3367510.67,1997091.92,998130.38,2064049.81,45,219,248,8,13,2649.4969866247047,74833.57044444444,13578.672056451613,5.699849359170898,106.2823511760568,59.3046946455555,29.640006456163658,28.244444444444444,0.1951219512195122,13.242009132420085,4.102943392570568
1732,Contagem,MG,residencial_popular,Construtora Atlantica,3748.0,6034193.93,535183.21,6406282.69,3631204.55,2341241.38,3663831.68,104,634,693,23,18,1709.253652614728,61598.872019230774,9244.275165945166,8.86917484271176,106.16633744815691,56.681928127651815,36.546020419214436,36.03846153846154,0.18489861259338314,9.305993690851743,2.9829999182674594
1733,Curitiba,PR,comercial,Engenharia Mineira,2562.0,13202834.06,67836.49,12744944.18,5380769.28,4433912.19,5517191.19,69,579,577,19,16,4974.6074082747855,184709.335942029,22088.291473136913,0.5138024888574567,96.53188188294173,42.21885324883392,34.7895771639229,37.130434782608695,0.22521467603434817,-0.3454231433506094,1.2118610237232657
1734,Ribeirao Preto,SP,residencial_popular,Construtora Planalto,2256.0,4042296.11,337986.65,4505488.37,2494687.54,1466895.51,2585142.0,59,435,450,15,13,1997.1136391843972,76364.20966101695,10012.196377777778,8.36125411901109,111.45864249910184,55.369969582231995,32.55796907095335,38.23728813559322,0.19946808510638298,3.4482758620689724,3.215993991098292
1735,Campinas,SP,residencial_padrao,Engenharia Mineira,1800.0,4259925.07,292258.82,4683851.0,2240346.83,1691187.71,2425165.33,47,317,308,10,15,2602.1394444444445,99656.40425531915,15207.308441558442,6.8606563542208026,109.95148794952866,47.83130014169964,36.10677858881506,38.297872340425535,0.1711111111111111,-2.8391167192429068,3.521188695462195
1736,Ribeirao Preto,SP,comercial,Construtora Horizonte,2724.0,10193599.69,832406.34,11181755.36,6239787.2,3950847.49,6866121.34,85,387,383,12,19,4104.902848751835,131550.06305882352,29195.1837075718,8.165970464943772,109.69388341754669,55.803288474020064,35.33298093904999,32.04705882352941,0.1406020558002937,-1.033591731266148,1.8639146697745201
1737,Ribeirao Preto,SP,industrial,Vertice Engenharia,2575.0,19299281.88,332067.67,19114688.29,10227003.09,7339712.85,11021558.81,86,437,465,15,12,7423.179918446602,222263.8173255814,41106.856537634405,1.7206218970464613,99.04352093954701,53.50337360902891,38.398286901910026,29.941860465116278,0.18058252427184465,6.407322654462244,0.6217847935801019
1738,Contagem,MG,residencial_popular,Vertice Engenharia,2890.0,6062389.88,335159.29,6590901.2,3185321.28,2217115.75,3444836.13,67,537,525,17,17,2280.588650519031,98371.65970149254,12554.097523809523,5.528501080171373,108.71787084732993,48.32907038570082,33.63903786025498,43.134328358208954,0.18166089965397925,-2.2346368715083775,2.8041746467153974
1739,Rio de Janeiro,RJ,residencial_popular,Construtora Planalto,2606.0,5261777.87,373376.0,5302889.57,2640608.98,1857595.15,2625022.27,77,533,629,20,23,2034.8770414428243,68868.69571428571,8430.667042925279,7.096004605758852,100.7813271676556,49.79566225438106,35.02986674489622,33.84415584415584,0.24136607828089024,18.011257035647276,4.371146135060999
1740,Salvador,BA,comercial,Delta Obras,1756.0,8217607.77,605494.1,8741228.18,5438256.98,2937046.93,5663503.47,57,253,199,6,13,4977.920375854214,153354.88035087718,43925.76974874372,7.36825262225919,106.3719323756432,62.213877363855765,33.599934351559284,30.80701754385965,0.1133257403189066,-21.34387351778656,1.5819689091829217
1741,Ribeirao Preto,SP,industrial,Engenharia Vale Verde,2142.0,14516743.03,1210498.32,15061016.76,9544760.72,4628284.12,10390988.9,59,382,388,12,14,7031.28700280112,255271.47050847457,38817.05350515464,8.338635722203042,103.74928266536934,63.37394660730729,30.730223554973325,36.30508474576271,0.1811391223155929,1.5706806282722585,0.9644036524630829
1742,Ribeirao Preto,SP,residencial_padrao,Engenharia Mineira,2652.0,7566679.05,533841.51,7901901.05,3982566.15,2666064.69,4233365.26,74,349,304,10,16,2979.6006975867267,106782.44662162162,25993.095559210527,7.055162594744917,104.4302394456654,50.40010150468791,33.739535247660434,35.83783783783784,0.11463046757164404,-12.893982808022919,2.114533984363986
1743,Sao Paulo,SP,residencial_popular,Beta Engenharia,4482.0,8870399.26,472463.31,9391254.29,4885680.13,3459835.74,4854576.51,115,749,757,25,14,2095.326704596162,81663.08078260868,12405.884134742402,5.326291366957027,105.87183298894709,52.0237231271905,36.84103989904847,38.97391304347826,0.16889781347612673,1.0680907877169465,1.57828295994875
1744,Uberlandia,MG,residencial_popular,Construtora Serrana,15014.0,31603985.14,1962213.36,34200379.95,19731333.5,11020907.54,19971582.63,432,2259,2080,69,12,2277.8992906620488,79167.54618055557,16442.490360576925,6.208752950957754,108.21540321101418,57.69331664983447,32.2245178448668,34.754629629629626,0.13853736512588252,-7.923860115095172,0.3796989508393371
1745,Curitiba,PR,industrial,Engenharia Mineira,3044.0,22144023.21,1592906.1,25411924.49,12413224.56,7347224.92,13011946.86,103,509,531,17,14,8348.201212220762,246717.7134951456,47856.731619585684,7.193390672028653,114.75748669972603,48.84803024219911,28.91250886130742,29.553398058252426,0.17444152431011828,4.3222003929273,0.6322247708662874
1746,Salvador,BA,residencial_popular,Estrutural Engenharia,2544.0,5281130.86,467281.09,5582056.23,2693295.12,1924897.94,2725409.6,90,396,359,11,20,2194.2044929245285,62022.847,15548.903147632313,8.848125569832973,105.69812371587399,48.24915781975202,34.4836716200546,28.266666666666666,0.14111635220125787,-9.343434343434343,3.787067681182208
1747,Curitiba,PR,industrial,Construtora Planalto,2916.0,14780360.27,856295.14,15635292.71,8170318.12,5566081.98,8166367.25,108,571,615,20,14,5361.897362825789,144771.22879629632,25423.24017886179,5.793465953181397,105.78424628616987,52.25561344799409,35.59947410795867,27.0,0.2109053497942387,7.705779334500873,0.9472028925043247
1748,Goiania,GO,residencial_popular,Delta Obras,3973.0,7038298.07,253792.26,7376381.28,4037532.56,2442514.76,4244496.37,115,676,687,22,9,1856.6275560030203,64142.44591304348,10737.090655021835,3.6058754186862676,104.80347957187325,54.73595258622531,33.112642463622755,34.54782608695652,0.17291719103951675,1.6272189349112454,1.2787182228558274
1749,Uberlandia,MG,residencial_popular,Engenharia Mineira,1995.0,3082110.98,80849.07,3232610.95,1801936.67,1079904.55,1861147.62,52,488,543,18,7,1620.3563659147871,62165.595192307694,5953.243001841621,2.623171927443054,104.88301592566276,55.742453944233525,33.406573407789764,38.36538461538461,0.2721804511278195,11.27049180327868,2.271170650707717
1750,Curitiba,PR,residencial_popular,Alfa Construcoes,8823.0,19581367.75,865914.79,20665992.22,9826863.67,7330284.17,10156293.1,285,1440,1457,48,18,2342.28632211266,72512.25340350877,14183.934262182565,4.422136395451743,105.53906388893594,47.55089213906614,35.4702745068584,30.957894736842107,0.16513657486115835,1.1805555555555625,0.9192412006051008
1751,Contagem,MG,residencial_popular,Engenharia Vale Verde,3095.0,4890798.52,71454.91,5007602.43,2530379.99,1777333.13,2640780.1,97,550,570,19,11,1617.9652439418417,51624.76731958763,8785.267421052631,1.4610070259038193,102.38823802539305,50.530768473966106,35.49269645194257,31.90721649484536,0.1841680129240711,3.6363636363636376,2.249121478837775
1752,Rio de Janeiro,RJ,residencial_padrao,Estrutural Engenharia,2196.0,8598282.1,697118.81,9188677.0,5107382.93,2932983.39,5295829.28,65,438,473,15,12,4184.279143897997,141364.26153846155,19426.37843551797,8.10765222508808,106.86642858577528,55.583441772956,31.91953955939468,33.784615384615385,0.21539162112932606,7.990867579908678,1.395627621940899
1753,Rio de Janeiro,RJ,comercial,Engenharia Vale Verde,2243.0,14739568.14,108458.64,13926553.66,6768342.98,5191527.84,7378127.23,71,319,353,11,14,6208.89596968346,196148.64309859156,39451.993371104814,0.7358332277434011,94.48413635814977,48.600272150891925,37.277907849600744,31.591549295774648,0.15737851092287117,10.658307210031337,0.9498243006188918
1754,Curitiba,PR,industrial,Vertice Engenharia,4623.0,29391023.5,2684137.01,31907528.94,20077829.76,11408103.47,21605346.29,122,743,786,26,18,6901.909785853342,261537.1224590164,40594.82053435114,9.132506086424652,108.56215653735231,62.92505382586986,35.753641378660774,37.89344262295082,0.1700194678780013,5.787348586810226,0.612431887579553
1755,Contagem,MG,residencial_popular,Obras & Cia,3401.0,5531928.41,522094.97,6041853.35,3248521.86,2600191.82,3260958.7,85,640,678,22,25,1776.4931931784768,71080.62764705882,8911.288126843658,9.437847551609945,109.21785139298285,53.766976320271,43.0363279174924,40.01176470588236,0.19935313143193178,5.937499999999996,4.51921972721263
1756,Belo Horizonte,MG,residencial_padrao,Engenharia Vale Verde,2955.0,8329413.25,603442.53,8789609.55,5064224.83,2725871.74,5042930.04,87,622,728,24,8,2974.4871573604064,101029.99482758621,12073.639491758242,7.244718347958064,105.52495459389053,57.61603858728856,31.012432628477793,33.96551724137931,0.24636209813874788,17.041800643086823,0.9604518061341235
1757,Contagem,MG,residencial_padrao,Vertice Engenharia,3666.0,10763875.39,1042690.82,12529115.37,6389030.03,4311422.28,6668385.41,95,575,565,18,13,3417.652855973813,131885.42494736842,22175.425433628316,9.686946217982925,116.3996694131183,50.993464752491946,34.41122659244857,38.589473684210525,0.1541189307146754,-1.7391304347826098,1.2077434501032438
1758,Goiania,GO,industrial,Vertice Engenharia,1662.0,12990689.77,556842.02,16314688.59,6820751.94,9235709.27,6982861.76,150,293,284,9,17,9816.298790613719,108764.5906,57446.086584507044,4.286470001661813,125.58754676503987,41.807429558788776,56.60977970281932,11.08,0.17087845968712395,-3.0716723549488067,1.3086295109024069
1759,Campinas,SP,residencial_popular,Construtora Horizonte,1907.0,3245252.09,117146.02,3384073.09,1847745.93,1038939.73,1876790.18,66,270,294,9,11,1774.5532721552174,51273.834696969694,11510.452687074829,3.609766414170925,104.27766460509389,54.60124178346278,30.700865565524772,28.893939393939394,0.15416885159937074,8.888888888888879,3.3895671876757043
1760,Contagem,MG,comercial,Alfa Construcoes,1914.0,9229711.32,371106.07,10200244.73,6120293.65,3970796.25,6549575.39,58,295,301,10,21,5329.281468129572,175866.28844827588,33887.85624584718,4.020776567473402,110.51531707061018,60.001439298800044,38.92844098457234,33.0,0.15726227795193312,2.033898305084736,2.2752607608100144
1761,Salvador,BA,industrial,Beta Engenharia,3399.0,20782727.98,1780854.38,21593066.05,13463957.15,7436984.17,13569185.12,108,726,800,26,10,6352.770241247426,199935.79675925928,26991.3325625,8.568915407610508,103.89909385707121,62.35315132563122,34.441538560476914,31.47222222222222,0.23536334215945867,10.192837465564741,0.4811687863895142
1762,Sao Paulo,SP,residencial_padrao,Construtora Atlantica,2130.0,6559022.61,144483.12,6625405.11,4326130.78,2473515.46,4508079.57,66,357,378,12,13,3110.5188309859154,100384.92590909092,17527.52674603175,2.2028147879795155,101.01207914573725,65.29609447534598,37.33379950256355,32.27272727272727,0.17746478873239438,5.882352941176472,1.9820026203568766
1763,Rio de Janeiro,RJ,residencial_padrao,Estrutural Engenharia,1851.0,5124910.99,207164.4,5145136.81,2979860.99,1798593.61,2965446.58,52,397,438,14,14,2779.6525175580764,98944.93865384614,11746.887694063926,4.042302401041311,100.39465700066724,57.91606909671272,34.957158116850934,35.59615384615385,0.2366288492706645,10.327455919395456,2.731754761656846
1764,Curitiba,PR,residencial_popular,Construtora Atlantica,1754.0,2271105.57,137591.06,2320447.39,1445707.23,811438.55,1558476.1,52,299,313,10,19,1322.9460604332953,44623.98826923077,7413.569936102237,6.058329556208169,102.17259033009198,62.3029522768021,34.96905611809626,33.73076923076923,0.17844925883694412,4.682274247491636,8.365969530865973
1765,Sao Paulo,SP,industrial,Alfa Construcoes,1757.0,13107681.61,31808.4,12959930.95,5661154.29,4782629.08,5961367.45,49,309,310,10,13,7376.17014797951,264488.38673469384,41806.22887096774,0.24266991636212012,98.87279334060663,43.6819787994318,36.90319877823115,35.857142857142854,0.17643710870802504,0.3236245954692629,0.9917848469924805
1766,Curitiba,PR,residencial_popular,Alfa Construcoes,2656.0,5410894.5,72098.01,5400052.42,3012887.01,1669795.61,3184565.98,97,512,454,15,14,2033.152266566265,55670.643505154636,11894.38859030837,1.3324600950914862,99.79962499730867,55.79366227707842,30.92184075501993,27.38144329896907,0.17093373493975902,-11.328125,2.5873725684357733
1767,Curitiba,PR,comercial,Alfa Construcoes,2811.0,13915882.95,1025140.89,15122134.08,7854308.18,5008041.63,8247178.68,88,506,571,19,19,5379.627918890074,171842.43272727274,26483.597338003503,7.366696699615456,108.66816093764284,51.93915183167057,33.11729418285914,31.943181818181817,0.20313055852009962,12.845849802371534,1.3653463505166952
1768,Curitiba,PR,comercial,Construtora Horizonte,2364.0,11629372.39,125184.25,12707369.69,6752354.02,4289094.84,7209198.71,74,401,407,13,4,5375.367889170897,171721.212027027,31222.03855036855,1.0764488899473619,109.26960857257404,53.137306812705155,33.752813875992615,31.945945945945947,0.172165820642978,1.4962593516209433,0.3439566526771098
1769,Uberlandia,MG,comercial,Engenharia Mineira,2721.0,14665813.78,550794.3,14643818.06,7902917.82,4206693.22,8010970.19,71,468,525,17,7,5381.778044836457,206250.9585915493,27892.986780952382,3.7556340770610825,99.85002046030344,53.96760453878515,28.72675147126213,38.32394366197183,0.19294377067254687,12.17948717948718,0.47730048294667493
1770,Belo Horizonte,MG,industrial,Engenharia Vale Verde,4807.0,31752573.56,154243.64,33382261.85,17868740.81,13020832.19,18202418.38,162,728,676,22,17,6944.510474308301,206063.34475308642,49382.04415680474,0.48576736530832565,105.13246048204732,53.5276515722376,39.005242510252494,29.67283950617284,0.1406282504680674,-7.14285714285714,0.5353896737811384
1771,Sao Paulo,SP,residencial_padrao,Estrutural Engenharia,5095.0,16167709.85,1017925.2,17448196.32,9134026.4,5737207.92,9720731.25,146,897,935,31,21,3424.5723886162905,119508.19397260275,18661.17253475936,6.296038272854086,107.9200238121542,52.3494018091149,32.88138105956387,34.897260273972606,0.18351324828263002,4.236343366778139,1.2988852592502456
1772,Salvador,BA,industrial,Obras & Cia,1269.0,7565628.71,35118.19,7791418.81,4319007.09,2950415.57,4629703.12,31,186,218,7,14,6139.809936958234,251336.09064516128,35740.45325688073,0.4641807223976235,102.98441951957751,55.43287038371898,37.86750066898278,40.935483870967744,0.17178881008668243,17.204301075268823,1.8504741028984488
1773,Ribeirao Preto,SP,comercial,Alfa Construcoes,4154.0,20962692.56,2023144.81,23869383.32,14985649.94,8798150.13,15837798.7,147,665,668,22,15,5746.120202214733,162376.75727891157,35732.60976047904,9.651168637851741,113.86601817338298,62.781889833926385,36.85956194196307,28.258503401360546,0.1608088589311507,0.4511278195488799,0.7155569332072483
1774,Sao Paulo,SP,residencial_padrao,Construtora Horizonte,2839.0,10279335.04,370458.24,10710495.05,6405942.71,4349547.63,6866906.92,65,462,485,16,17,3772.6294646002116,164776.84692307693,22083.49494845361,3.603912495880668,104.19443483768384,59.80995911108702,40.610145559985106,43.676923076923075,0.17083480098626277,4.978354978354971,1.6538034740426169
1775,Ribeirao Preto,SP,residencial_popular,Engenharia Mineira,2016.0,3369118.92,19550.17,3442383.94,1894879.77,1167627.08,1957409.83,53,304,291,9,9,1707.5317162698414,64950.64037735849,11829.498075601374,0.5802754507697816,102.17460474799745,55.04556734598292,33.919141512146375,38.0377358490566,0.14434523809523808,-4.276315789473683,2.6713215572693407
1776,Goiania,GO,residencial_popular,Obras & Cia,3920.0,8640571.01,205206.12,9041588.82,5229224.42,3775380.72,5124473.28,119,586,599,19,19,2306.527760204082,75979.73798319328,15094.472153589317,2.374913877364223,104.64110311154077,57.83523807710601,41.75572230899127,32.94117647058823,0.1528061224489796,2.2184300341296925,2.198928748807308
1777,Curitiba,PR,industrial,Engenharia Mineira,3184.0,18316892.28,996238.32,18996138.41,10653920.63,6207236.14,11491277.74,83,462,443,14,8,5966.123872487437,228869.13746987953,42880.67361173815,5.438904726691988,103.70830444169647,56.08466520959615,32.676305078575176,38.36144578313253,0.13913316582914573,-4.112554112554112,0.43675531185686484
1778,Ribeirao Preto,SP,industrial,Construtora Planalto,5614.0,30882604.58,2432602.53,34042398.37,16859990.4,13313599.91,17618306.84,162,932,1063,35,11,6063.840108656928,210138.26154320987,32024.83383819379,7.876934484908656,110.23162985432364,49.52644704039987,39.10887759815614,34.65432098765432,0.18934805842536515,14.055793991416298,0.3561875738655719
1779,Sao Paulo,SP,comercial,Engenharia Mineira,3503.0,10752246.01,958333.95,12127549.55,6951071.85,4623879.09,7427988.65,74,633,684,22,13,3462.0466885526694,163885.80472972975,17730.335599415204,8.912872241843358,112.7908488953928,57.31637559048356,38.127068217173345,47.33783783783784,0.1952612046817014,8.056872037914697,1.2090497174180634
1780,Curitiba,PR,residencial_popular,Delta Obras,7040.0,11737763.92,586127.36,12543184.89,6882465.08,4594233.35,7280532.62,191,1206,1198,39,13,1781.7023991477274,65671.12507853404,10470.104248747914,4.9935180499012795,106.86179220752294,54.87015570891421,36.62732703288725,36.8586387434555,0.17017045454545454,-0.6633499170812573,1.1075363321841285
1781,Goiania,GO,comercial,Alfa Construcoes,4541.0,16508284.28,509577.07,17348711.57,10124289.43,5148411.31,10602607.01,121,751,869,28,11,3820.4605967848493,143377.78157024793,19963.994902186423,3.0867960677013495,105.09094267911408,58.35758689715769,29.676044178997202,37.52892561983471,0.1913675401893856,15.712383488681759,0.666332116253089
1782,Campinas,SP,industrial,Beta Engenharia,2279.0,10067057.38,135229.32,10578921.86,5283852.99,4443992.21,5415228.34,64,453,477,15,14,4641.913935936814,165295.6540625,22178.03324947589,1.343285479515167,105.08454914558159,49.9469894940693,42.007987853688526,35.609375,0.20930232558139536,5.298013245033117,1.3906745011519939
1783,Belo Horizonte,MG,comercial,Construtora Serrana,12245.0,50856717.46,2711649.68,55125657.23,34319591.19,21156847.21,34798850.43,339,2724,3056,101,8,4501.891158023683,162612.55820058996,18038.50040248691,5.331940037484284,108.39405290630017,62.25701953413245,38.37931060255225,36.12094395280236,0.2495712535728869,12.187958883994131,0.15730468656952126
1784,Uberlandia,MG,residencial_popular,Estrutural Engenharia,3724.0,6460269.87,637015.75,7251276.76,4175205.32,2270505.08,4596821.88,120,503,609,20,17,1947.1742105263156,60427.306333333334,11906.858390804597,9.860512994327898,112.24417719255433,57.57889897447522,31.311797289612763,31.033333333333335,0.16353383458646617,21.073558648111334,2.6314690163245453
1785,Campinas,SP,residencial_popular,Construtora Serrana,638.0,1117297.11,39769.95,1189158.67,596019.49,405727.07,580468.77,17,141,160,5,19,1863.8850626959247,69950.51,7432.2416875,3.5594784631636607,106.43173237958163,50.12110705125667,34.11883378018848,37.529411764705884,0.2507836990595611,13.475177304964546,17.005324572977724
1786,Belo Horizonte,MG,residencial_padrao,Obras & Cia,2674.0,8847888.37,866514.51,9895817.2,4793064.7,2920276.39,5015185.63,78,430,429,14,22,3700.7543754674643,126869.45128205128,23067.17296037296,9.793461148741867,111.8438296933441,48.43525909108346,29.510209525697384,34.282051282051285,0.16043380703066568,-0.23255813953488857,2.4864689833332516
1787,Salvador,BA,residencial_padrao,Construtora Planalto,3349.0,11014041.31,798603.91,12016773.9,6821690.81,4471195.5,6789366.64,128,563,582,19,17,3588.1677814272916,93881.04609375,20647.377835051546,7.250780049961516,109.10412955405921,56.768071587000556,37.20795229408452,26.1640625,0.17378321887130488,3.374777975133214,1.5434843143874135
1788,Goiania,GO,industrial,Alfa Construcoes,1599.0,9578537.49,695400.82,10393174.95,4935392.42,3746212.67,4964659.39,48,238,254,8,8,6499.796716697936,216524.478125,40918.01161417323,7.259989541472264,108.50482091708136,47.486859826217014,36.04493033190017,33.3125,0.15884928080050031,6.72268907563025,0.8352005729843418
1789,Sao Paulo,SP,comercial,Construtora Planalto,1407.0,4662332.35,296669.15,5042357.11,2862164.11,1855984.78,3004249.59,41,273,277,9,9,3583.764825870647,122984.31975609757,18203.455270758124,6.363106010664385,108.15095817868927,56.76242375463168,36.807880511263505,34.31707317073171,0.1968727789623312,1.46520146520146,1.930364316477782
1790,Uberlandia,MG,residencial_padrao,Construtora Planalto,2810.0,12867348.6,1250355.95,14064721.35,6934620.93,4759029.46,7209143.19,71,498,515,17,13,5005.238914590747,198094.66690140843,27310.138543689318,9.717277341813837,109.30551263684578,49.30507158607874,33.83664234485527,39.57746478873239,0.18327402135231316,3.4136546184738936,1.0103091479156787
1791,Uberlandia,MG,residencial_popular,Alfa Construcoes,2152.0,3668118.05,1262608.32,4997815.25,2199224.18,1393022.97,2195651.77,57,395,438,14,20,2322.404855947955,87680.96929824562,11410.53710045662,34.42114737828572,136.25012013994478,44.00371102153086,27.87263834932674,37.75438596491228,0.20353159851301114,10.88607594936708,5.4523872261962785
1792,Ribeirao Preto,SP,residencial_padrao,Vertice Engenharia,2956.0,9923043.4,650765.63,10394888.0,5951502.57,3793378.91,6187249.39,110,464,458,15,15,3516.5385656292287,94498.98181818181,22696.262008733625,6.558125403341479,104.75503916469819,57.25412885641481,36.49273479425656,26.87272727272727,0.15493910690121787,-1.2931034482758674,1.5116330137183516
1793,Ribeirao Preto,SP,residencial_popular,Construtora Planalto,1159.0,2109693.42,7638.11,2157803.42,1196921.97,627239.83,1302625.06,31,230,227,7,15,1861.7803451251077,69606.56193548387,9505.741938325991,0.362048339706155,102.28042612940416,55.46946301531026,29.068441739702127,37.38709677419355,0.19585849870578084,-1.30434782608696,7.11003781772235
1794,Contagem,MG,residencial_popular,Estrutural Engenharia,4504.0,6088544.55,218877.36,5916797.47,3041848.03,2338568.73,3381726.08,124,820,846,28,16,1313.6761700710479,47716.10862903226,6993.8504373522455,3.5949044669468666,97.17917675415548,51.41037943960587,39.52423150965145,36.32258064516129,0.1878330373001776,3.170731707317076,2.6278858384964927
1795,Contagem,MG,residencial_padrao,Delta Obras,2239.0,8610526.52,193294.68,8605992.76,4737837.8,3085199.07,4885894.66,63,345,416,13,14,3843.6769807949977,136603.0596825397,20687.482596153844,2.244864812285602,99.94734630931723,55.0527746435148,35.849426742952545,35.53968253968254,0.18579723090665476,20.579710144927542,1.6259168318547845
1796,Goiania,GO,industrial,Estrutural Engenharia,2265.0,10890306.34,606549.36,11868034.57,6698815.81,4119270.54,6742680.99,65,324,308,10,14,5239.750362030905,182585.14723076925,38532.57977272727,5.569626244324731,108.97796810736915,56.44418855109553,34.70895299220552,34.84615384615385,0.13598233995584988,-4.938271604938271,1.2855469408218685
1797,Rio de Janeiro,RJ,residencial_popular,Engenharia Mineira,2103.0,3915745.52,21984.38,3988860.56,2038018.99,1199133.21,2155962.52,64,281,682,22,22,1896.7477698525915,62325.94625,5848.7691495601175,0.5614353611007898,101.86720612017707,51.09276093622084,30.06204884735304,32.859375,0.32429862101759394,142.70462633451956,5.618342634278235
1798,Campinas,SP,residencial_padrao,Construtora Horizonte,4608.0,16318123.34,239004.16,17192506.39,9456205.16,6083451.2,9492753.36,120,795,864,28,15,3731.0126714409726,143270.88658333334,19898.734247685185,1.464654697235546,105.35835544187032,55.00189992949597,35.3843183884953,38.4,0.1875,8.679245283018865,0.9192233498585629
1799,Uberlandia,MG,industrial,Engenharia Vale Verde,2914.0,19546936.46,1734567.66,20352440.42,11657027.63,6629397.04,11776770.3,97,467,486,16,6,6984.365277968429,209818.97340206188,41877.44942386832,8.873859407838887,104.12087061135308,57.27582240479051,32.57298340244938,30.04123711340206,0.16678105696636925,4.068522483940051,0.30695347131649703
1800,Rio de Janeiro,RJ,residencial_padrao,Construtora Atlantica,2379.0,7435649.08,66037.4,7680711.81,4538302.52,2049393.58,5001235.21,62,298,294,9,7,3228.546368221942,123882.4485483871,26124.870102040815,0.8881188352153917,103.29578127428252,59.08700433326114,26.68233922449435,38.37096774193548,0.1235813366960908,-1.342281879194629,0.941410753074431
1801,Curitiba,PR,residencial_popular,Construtora Horizonte,2598.0,5100954.76,348125.17,5434809.75,2936817.27,1987409.9,3061074.42,78,380,437,14,19,2091.920612009238,69677.04807692308,12436.635583524028,6.824706086983606,106.5449510083481,54.03716790638347,36.56815953861126,33.30769230769231,0.16820631254811394,14.999999999999991,3.724792885636179
1802,Ribeirao Preto,SP,residencial_popular,Delta Obras,2768.0,4457877.83,4138.87,4372184.14,2401074.14,1393947.32,2428874.92,67,529,555,18,18,1579.546293352601,65256.479701492535,7877.809261261261,0.0928439530609568,98.07770214286019,54.91704061668364,31.88217319684985,41.3134328358209,0.20050578034682082,4.914933837429114,4.037795715007291
1803,Belo Horizonte,MG,residencial_popular,Obras & Cia,4436.0,8320678.96,551671.2,9237825.72,5237855.53,2724086.35,5416696.89,115,806,950,31,14,2082.4674752028855,80328.91930434783,9724.02707368421,6.630122405299482,111.02249905817783,56.70009035416182,29.48839296786387,38.573913043478264,0.21415689810640218,17.866004962779147,1.6825550014971373
1804,Curitiba,PR,industrial,Delta Obras,2721.0,16757684.83,417830.84,16652326.18,9757679.3,5092812.25,10162047.83,69,449,524,17,8,6119.928768834987,241338.06057971015,31779.248435114503,2.4933685305501716,99.37128158770844,58.59649393439879,30.583188168128956,39.43478260869565,0.19257625872840867,16.70378619153674,0.4773929144244444
1805,Contagem,MG,residencial_padrao,Beta Engenharia,4380.0,15722506.02,611524.83,16530232.48,9584365.65,5381980.93,9860343.13,121,651,622,20,14,3774.025680365297,136613.49157024795,26575.93646302251,3.889487014488038,105.13739005074969,57.980827926020794,32.55841039447982,36.19834710743802,0.14200913242009133,-4.454685099846389,0.8904432907954454
1806,Goiania,GO,residencial_popular,Alfa Construcoes,2968.0,4937354.38,413128.33,5263924.08,2833655.32,1591047.75,2914672.99,78,474,520,17,17,1773.5593261455526,67486.20615384616,10122.930923076923,8.36740282758476,106.61426494567318,53.831614531948176,30.225507165749242,38.05128205128205,0.1752021563342318,9.704641350210963,3.4431395220206986
1807,Ribeirao Preto,SP,residencial_padrao,Alfa Construcoes,2051.0,5068552.86,305987.64,5261086.34,2688556.76,1856162.95,2924019.61,48,320,390,13,13,2565.1322964407605,109605.96541666666,13489.964974358974,6.036982319249207,103.79858877510057,51.10269222458721,35.28098248241256,42.729166666666664,0.1901511457825451,21.875,2.564834649864932
1808,Goiania,GO,residencial_popular,Estrutural Engenharia,1189.0,1915775.35,35467.92,1945250.13,1055029.54,611929.59,1107439.11,29,197,193,6,10,1636.0387973086627,67077.59068965518,10079.01621761658,1.8513611212295844,101.53853007869633,54.23618915270295,31.45763007865729,41.0,0.16232127838519764,-2.030456852791873,5.219818701602983
1809,Goiania,GO,residencial_padrao,Construtora Horizonte,3627.0,12167210.43,709467.13,12022660.47,6814450.09,3884146.23,7296040.05,116,696,739,24,24,3314.767154673284,103643.62474137932,16268.823369418133,5.830976081836369,98.81197123340951,56.68005103366276,32.30687783034432,31.267241379310345,0.2037496553625586,6.178160919540221,1.9725145823749841
1810,Curitiba,PR,residencial_popular,Alfa Construcoes,3567.0,4859042.43,278153.59,4750222.01,2941313.51,1880240.39,3123041.26,99,749,1981,66,22,1331.7134875245304,47982.0405050505,2397.890969207471,5.724452790999811,97.76045544842053,61.91949563216309,39.58215818211831,36.03030303030303,0.5553686571348472,164.48598130841123,4.5276410562235
1811,Curitiba,PR,residencial_popular,Engenharia Mineira,2248.0,3058364.29,66691.31,3118485.13,1496032.89,1005000.53,1513497.37,65,364,367,12,18,1387.226481316726,47976.694307692305,8497.2346866485,2.1806202164360218,101.96578413489125,47.97306472966892,32.22720289193747,34.58461538461538,0.1632562277580071,0.8241758241758212,5.885499009668335
1812,Belo Horizonte,MG,comercial,Delta Obras,2493.0,16532897.69,1536810.31,17580020.72,8947316.0,6041756.98,8933124.82,68,557,592,19,9,7051.753196951464,258529.71647058823,29695.980945945943,9.29546857916835,106.33357230918665,50.89479780772409,34.36717781069829,36.661764705882355,0.23746490172482954,6.283662477558338,0.544369182508381
1813,Campinas,SP,residencial_popular,Engenharia Mineira,4033.0,9582445.99,793879.39,10329533.1,5382199.64,3345775.96,5535865.75,103,718,883,29,16,2561.2529382593602,100286.72912621358,11698.225481313702,8.284725954401127,107.79641347083657,52.10496532510264,32.390389068020895,39.15533980582524,0.2189437143565584,22.980501392757667,1.669719820669712
1814,Rio de Janeiro,RJ,residencial_popular,Construtora Atlantica,4985.0,8515993.67,164595.56,8888941.25,4306237.04,2753540.3,4445128.76,129,713,827,27,17,1783.137662988967,68906.52131782945,10748.417472793228,1.9327816151371093,104.37937831393434,48.44488132937092,30.97714590024993,38.64341085271318,0.1658976930792377,15.988779803646569,1.9962438511300584
1815,Goiania,GO,comercial,Construtora Horizonte,4435.0,16404397.83,1190828.09,17825708.02,9087062.22,6204073.64,9574027.08,122,657,733,24,15,4019.3253709131905,146112.36081967212,24318.837680763983,7.259200260446256,108.66420215316126,50.9772863428737,34.80407977646208,36.35245901639344,0.16527621195039457,11.56773211567732,0.9143889434678505
1816,Goiania,GO,industrial,Delta Obras,2213.0,12886772.52,775130.3,13736574.56,7802508.98,4517074.47,8431408.39,57,334,356,11,19,6207.218508811568,240992.5361403509,38585.88359550562,6.014929640427921,106.59437449276865,56.8009800836403,32.883558053500636,38.824561403508774,0.16086760054225033,6.586826347305386,1.4743800257599333
1817,Uberlandia,MG,industrial,Construtora Horizonte,3434.0,20249779.04,1629999.48,21286316.68,11096164.98,7416173.8,11071301.67,87,656,664,22,14,6198.694432149097,244670.30666666667,32057.705843373493,8.049467980762717,105.11876024895135,52.1281588863405,34.840098977612314,39.47126436781609,0.19336051252184042,1.2195121951219523,0.6913655685993105
1818,Ribeirao Preto,SP,industrial,Estrutural Engenharia,2882.0,17137337.85,530695.84,17258208.92,10238587.02,4950824.92,10687329.39,88,454,423,14,13,5988.275128383068,196116.01045454547,40799.54827423168,3.096722750319122,100.70530832185234,59.32589567932985,28.68678286923878,32.75,0.14677307425399028,-6.8281938325991165,0.7585775640176224
1819,Ribeirao Preto,SP,residencial_popular,Beta Engenharia,5090.0,9584705.37,106822.12,9549795.67,5590851.99,2998413.85,5857203.94,145,894,1131,37,13,1876.1877544204322,65860.65979310345,8443.67433244916,1.1145060372366982,99.6357770150216,58.54420537565282,31.39767544366737,35.10344827586207,0.22220039292730845,26.51006711409396,1.3563275550117406
1820,Salvador,BA,comercial,Alfa Construcoes,2032.0,9894668.74,416566.2,10129355.88,5548981.97,3273216.34,5635922.78,50,365,312,10,22,4984.919232283465,202587.11760000003,32465.884230769232,4.210006529233237,102.37185444168797,54.78119276030412,32.31416073022799,40.64,0.15354330708661418,-14.520547945205475,2.22341955835906
1821,Contagem,MG,residencial_popular,Construtora Horizonte,2635.0,5823947.16,521411.56,6314265.84,3162645.77,1900309.81,3304991.43,71,421,425,14,15,2396.3058216318786,88933.32169014085,14857.096094117647,8.952889606917381,108.41900976313114,50.08730785398798,30.095498956692644,37.11267605633803,0.16129032258064516,0.9501187648456089,2.575572818212176
1822,Salvador,BA,industrial,Obras & Cia,3232.0,25132984.81,630498.14,25034889.58,13718395.35,8516018.4,14583219.95,91,647,594,19,16,7745.9435581683165,275108.67670329666,42146.27875420875,2.508648076487657,99.60969526404611,54.797107477395954,34.01660060367641,35.51648351648352,0.18378712871287128,-8.191653786707887,0.6366136024414364
1823,Rio de Janeiro,RJ,comercial,Construtora Atlantica,3102.0,15724993.87,761050.39,16617994.53,8598488.39,5913666.95,9339782.88,82,470,476,15,14,5357.187147001934,202658.46987804878,34911.753214285716,4.839749994764228,105.67886173681542,51.742034061194275,35.58592427819267,37.829268292682926,0.15344938749194068,1.2765957446808418,0.8903024138348997
1824,Rio de Janeiro,RJ,industrial,Engenharia Vale Verde,5345.0,20778920.78,1322307.89,22048519.64,10917103.01,8161326.05,11225674.86,160,714,807,26,17,4125.073833489242,137803.24775,27321.585675340768,6.363698596284845,106.11003272711837,49.513995443913615,37.01530163137973,33.40625,0.1509822263797942,13.025210084033612,0.8181368118195406
1825,Goiania,GO,residencial_popular,Construtora Planalto,2745.0,6313072.65,32977.28,6203349.49,3064429.27,2276661.15,3212514.52,98,432,444,14,17,2259.872309653916,63299.484591836735,13971.507860360362,0.5223649691406608,98.26196899539877,49.399590897465295,36.700514031493,28.010204081632654,0.16174863387978142,2.777777777777768,2.6928250223763857
1826,Ribeirao Preto,SP,residencial_popular,Construtora Serrana,4090.0,6852892.05,629896.79,7363302.6,4382924.71,2515177.73,4782530.4,93,756,617,20,19,1800.3184841075795,79175.29677419354,11934.039870340355,9.191692870749366,107.44810433720463,59.52389774121194,34.158282860736975,43.97849462365591,0.1508557457212714,-18.386243386243383,2.7725520643507
1827,Sao Paulo,SP,industrial,Construtora Atlantica,1933.0,10573807.11,689928.2,11702072.5,6510991.59,4546348.3,6933077.06,57,339,371,12,18,6053.839886187274,205299.51754385966,31541.974393530996,6.524879760171832,110.67037991390029,55.63964494323548,38.85079587397873,33.91228070175438,0.19192964304190377,9.43952802359882,1.702319686064332
1828,Rio de Janeiro,RJ,residencial_popular,Alfa Construcoes,3254.0,6332316.87,585948.82,6682711.19,3459968.09,2290625.81,3701702.96,78,662,663,22,13,2053.691207744315,85675.7844871795,10079.504057315235,9.253308576138894,105.53342997821271,51.77491577336891,34.27689368691691,41.717948717948715,0.20374923171481255,0.15105740181269312,2.052961067313108
1829,Ribeirao Preto,SP,industrial,Engenharia Mineira,2289.0,12848708.42,1192563.73,14244901.76,7742731.41,4706211.4,8069587.74,56,440,432,14,20,6223.19867190913,254373.2457142857,32974.30962962963,9.281584506530502,110.86641002629274,54.354403704922426,33.03786490978229,40.875,0.18872870249017037,-1.8181818181818188,1.5565766881960266
1830,Ribeirao Preto,SP,industrial,Alfa Construcoes,3644.0,21748116.8,936540.59,23250565.66,13868810.42,8893937.75,14069018.5,87,637,630,21,14,6380.506492864984,267247.8811494253,36905.65977777778,4.3063066039814535,106.90840900762497,59.64934626885117,38.252565034583334,41.88505747126437,0.17288693743139408,-1.098901098901095,0.6437338979161634
1831,Rio de Janeiro,RJ,industrial,Estrutural Engenharia,3906.0,22538214.61,949048.52,23585811.4,12431636.39,7754046.39,13206214.92,112,797,890,29,13,6038.354173067076,210587.60178571427,26500.911685393257,4.210841614663283,104.64809128907304,52.708114124918346,32.875894148801684,34.875,0.22785458269329237,11.668757841907151,0.5767981281992061
1832,Rio de Janeiro,RJ,residencial_popular,Engenharia Vale Verde,2723.0,4424890.19,27983.08,4387844.75,2724073.64,1554618.24,2795577.19,105,589,593,19,12,1611.400936467132,41788.997619047615,7399.400927487352,0.6324016822663796,99.16279413930495,62.082270344683465,35.43011042038349,25.933333333333334,0.21777451340433346,0.679117147707986,2.711931705586574
1833,Contagem,MG,industrial,Construtora Atlantica,957.0,5663034.64,495228.59,6081295.29,3594709.54,2424522.66,3570145.51,30,180,191,6,10,6354.540532915361,202709.843,31839.242356020943,8.744933087677529,107.38580419490424,59.11091911473353,39.86852379931053,31.9,0.19958202716823406,6.111111111111112,1.7658376887484484
1834,Uberlandia,MG,industrial,Alfa Construcoes,2803.0,20835938.94,788122.9,21883747.41,11378849.88,6759559.96,11739435.97,61,430,460,15,11,7807.259154477346,358749.9575409836,47573.36393478261,3.7825168439469428,105.02885170194303,51.99680688509647,30.888493791109795,45.950819672131146,0.1641098822689975,6.976744186046502,0.5279339717627335
1835,Salvador,BA,industrial,Delta Obras,1512.0,6939549.58,44229.56,7393271.13,4627564.99,2487561.39,4765346.25,56,249,264,8,18,4889.729583333333,132022.69875,28004.814886363634,0.6373549102879958,106.53819883797127,62.59157697088271,33.646289257621206,27.0,0.1746031746031746,6.024096385542177,2.5938282870514486
1836,Salvador,BA,comercial,Construtora Horizonte,3936.0,15781599.79,1101642.82,16626330.94,9450046.39,6008008.48,9942054.63,100,829,799,26,13,4224.169446138211,166263.3094,20808.9248310388,6.980552254899123,105.35263320094623,56.837834060339,36.13550398871106,39.36,0.2029979674796748,-3.6188178528347437,0.8237441180226508
1837,Belo Horizonte,MG,industrial,Alfa Construcoes,2432.0,13772009.21,1124581.5,14960288.7,8844181.33,5371495.27,9144264.24,68,369,422,14,14,6151.434498355263,220004.2455882353,35450.92109004739,8.165703949598214,108.62822172045293,59.11771829643902,35.90502414569045,35.76470588235294,0.17351973684210525,14.363143631436316,1.0165546498352944
1838,Curitiba,PR,residencial_padrao,Engenharia Mineira,2532.0,5438595.03,338891.22,5880949.46,3084989.18,1862558.87,3334390.73,86,488,482,16,15,2322.6498657187994,68383.13325581395,12201.139958506225,6.231227332254594,108.13361589822215,52.457331949252975,31.671057244555882,29.441860465116278,0.19036334913112166,-1.2295081967213073,2.7580652571588877
1839,Campinas,SP,industrial,Vertice Engenharia,5412.0,37561846.2,2817616.16,41615706.22,21771673.51,12292198.42,22421907.79,174,985,958,31,13,7689.524430894308,239170.72540229885,43440.19438413361,7.501271755912786,110.79249406010292,52.316001547360024,29.53740194872031,31.103448275862068,0.1770140428677014,-2.741116751269035,0.34609587427574307
1840,Goiania,GO,residencial_popular,Obras & Cia,1258.0,1859407.46,162664.33,2034321.93,1054474.8,758745.64,1100715.18,40,191,215,7,14,1617.1080524642289,50858.04825,9461.96246511628,8.748180993099812,109.40700055059476,51.83421485310341,37.297225616596485,31.45,0.17090620031796502,12.565445026178,7.5292803224528315
1841,Uberlandia,MG,industrial,Construtora Atlantica,3412.0,19755679.99,281023.07,34331998.61,20152860.17,7052938.91,21786673.24,81,535,540,18,19,10062.133238569753,423851.83469135803,63577.775203703706,1.4224925193273494,173.78292535300378,58.69993296612219,20.543339145847646,42.123456790123456,0.15826494724501758,0.9345794392523255,0.9617487228795714
1842,Campinas,SP,industrial,Delta Obras,3481.0,23071786.86,682366.57,23683533.34,12780779.41,8498298.69,13619649.35,85,557,564,18,13,6803.657954610744,278629.804,41992.08039007092,2.9575800701549992,102.65149155421767,53.964833821539905,35.882731550224,40.95294117647059,0.16202240735420856,1.2567324955116588,0.5634587420074667
1843,Campinas,SP,residencial_padrao,Vertice Engenharia,6840.0,20222267.62,1237313.31,21637620.9,12163572.86,7496928.54,12484278.03,226,926,980,32,19,3163.3948684210523,95741.68539823008,22079.204999999998,6.118568566347555,106.99898402392915,56.21492730746568,34.647656388138316,30.265486725663717,0.14327485380116958,5.831533477321815,0.9395583303036121
1844,Sao Paulo,SP,residencial_padrao,Construtora Atlantica,3684.0,11863418.86,1116447.52,12907641.22,7402535.64,4324435.71,7700522.52,107,479,432,14,17,3503.70282844734,120632.16093457944,29878.79912037037,9.410841285932646,108.80203567220252,57.35002634354288,33.502912238522846,34.429906542056074,0.11726384364820847,-9.812108559498956,1.4329764632452673
1845,Sao Paulo,SP,residencial_padrao,Engenharia Vale Verde,2164.0,6654204.64,453190.62,7261879.53,4048067.1,2779718.51,4404560.09,55,388,422,14,16,3355.7668807763403,132034.1732727273,17208.245331753555,6.810590363809431,109.1321941971415,55.74406850563658,38.278223957262476,39.345454545454544,0.19500924214417745,8.762886597938135,2.404494731619796
1846,Rio de Janeiro,RJ,industrial,Construtora Serrana,1084.0,6572151.02,193298.59,6525591.1,3862114.28,2313756.29,4211572.2,29,210,228,7,17,6019.917988929889,225020.3827586207,28621.013596491226,2.941176936010214,99.2915573629043,59.18412938867714,35.45665449372088,37.37931034482759,0.21033210332103322,8.571428571428562,2.586672148626311
1847,Curitiba,PR,residencial_popular,Engenharia Vale Verde,1449.0,2644532.25,126024.53,2863721.27,1528405.08,1150465.75,1507428.09,40,202,197,6,14,1976.3431815044858,71593.03175,14536.6561928934,4.765475255595768,108.28838521443632,53.371293359147344,40.17380329755347,36.225,0.13595583160800553,-2.4752475247524774,5.293941868169692
1848,Belo Horizonte,MG,residencial_popular,Construtora Atlantica,3369.0,4973131.16,260132.56,5314273.74,2877127.88,1700535.04,3109903.53,87,652,617,20,11,1577.4039002671416,61083.606206896555,8613.085478119936,5.230760091193734,106.8597141121852,54.139625107080015,31.999387370662618,38.724137931034484,0.18314039774413773,-5.368098159509205,2.2118861630828173
1849,Goiania,GO,residencial_popular,Alfa Construcoes,1536.0,2974184.9,163605.35,3212163.66,1724784.1,1035145.35,1858567.66,47,249,230,7,12,2091.2523828125,68343.90765957447,13965.92895652174,5.500846635325194,108.00147832100151,53.695399193950166,32.22579729950621,32.680851063829785,0.14973958333333334,-7.630522088353409,4.0347188905437585
1850,Curitiba,PR,residencial_popular,Construtora Planalto,4479.0,5452040.7,396182.33,8318647.07,5155079.0,1832301.97,5516603.65,111,825,841,28,15,1857.2554297834338,74942.7663963964,9891.375826397147,7.266679612278022,152.57859447014033,61.970161212765575,22.026441975257402,40.351351351351354,0.18776512614422863,1.9393939393939297,2.751263393906799
1851,Rio de Janeiro,RJ,residencial_popular,Obras & Cia,2374.0,5030572.5,218035.49,5223926.21,2896786.68,1919412.38,3108751.24,73,328,378,12,17,2200.474393428812,71560.63301369864,13819.910608465609,4.33420828345084,103.84357267487945,55.45228939977696,36.74271616482117,32.52054794520548,0.15922493681550126,15.243902439024382,3.379337043646623
1852,Uberlandia,MG,industrial,Vertice Engenharia,2532.0,15330471.5,374422.31,15937966.9,9586663.03,5853923.19,9871563.47,81,405,420,14,16,6294.615679304898,196765.02345679014,37947.54023809524,2.442340472046147,103.96266611891227,60.14984903752059,36.72942243342217,31.25925925925926,0.16587677725118483,3.703703703703698,1.0436730533695588
1853,Contagem,MG,comercial,Delta Obras,5146.0,19078864.98,1709421.69,20561605.99,11227759.5,7729771.12,12116928.17,122,811,844,28,13,3995.648268558103,168537.75401639342,24362.09240521327,8.959766169486251,107.77164161261337,54.60545983353901,37.59322653959678,42.18032786885246,0.16401088223863194,4.069050554870524,0.6813822527507609
1854,Contagem,MG,residencial_padrao,Construtora Serrana,2538.0,8699385.03,44867.72,8417572.14,4318771.28,3336814.8,4572339.58,79,430,488,16,18,3316.616288416076,106551.54607594937,17249.12323770492,0.5157573764728517,96.76054239433981,51.30661440342583,39.6410597319811,32.12658227848101,0.19227738376674547,13.488372093023248,2.069111774904392
1855,Belo Horizonte,MG,comercial,Alfa Construcoes,6749.0,34934873.14,2723075.49,36311613.95,21502297.87,13228060.43,21637032.31,199,793,833,27,12,5380.295443769448,182470.4218592965,43591.37328931573,7.79471984651953,103.94087822927757,59.216034571220156,36.42928251058915,33.914572864321606,0.12342569269521411,5.044136191677184,0.34349630960188454
1856,Contagem,MG,comercial,Construtora Horizonte,4555.0,24985119.61,1707843.45,27697167.73,14293599.37,9829108.0,15131370.18,108,728,727,24,15,6080.607624588364,256455.25675925927,38097.89233837689,6.835442361926719,110.85465333899998,51.60671845344672,35.48777295865406,42.175925925925924,0.15960482985729968,-0.13736263736263687,0.600357342055566
1857,Sao Paulo,SP,residencial_popular,Delta Obras,934.0,1875318.21,127057.14,1986671.68,1158702.15,778597.12,1235216.63,20,145,155,5,15,2127.057473233405,99333.584,12817.23664516129,6.775230962002976,105.93784400995072,58.323786545344014,39.19103130316933,46.7,0.16595289079229122,6.896551724137923,7.998642534378206
1858,Salvador,BA,residencial_popular,Estrutural Engenharia,878.0,1451717.5,150.71,1417469.29,753994.1,574332.0,816666.63,27,156,147,4,17,1614.429715261959,52498.862592592595,9642.648231292516,0.010381496399953848,97.64084885661295,53.19297605382336,40.518126498528936,32.51851851851852,0.1674259681093394,-5.769230769230771,11.710267321293571
1859,Contagem,MG,residencial_padrao,Construtora Atlantica,1115.0,3618568.17,285430.42,4016801.62,2197454.82,1360972.18,2438269.37,31,169,170,5,17,3602.51266367713,129574.24580645161,23628.244823529414,7.8879381730702605,111.00527698501257,54.70658070487434,33.88198643476946,35.96774193548387,0.15246636771300448,0.591715976331364,4.6979908077840635
1860,Campinas,SP,industrial,Engenharia Mineira,1629.0,8887048.61,853838.59,9561949.28,5533789.25,3781922.63,5805900.5,40,253,268,8,18,5869.827673419275,239048.732,35678.91522388059,9.607673227298799,107.59420477615684,57.87302450531301,39.55179555187935,40.725,0.16451810926949048,5.928853754940722,2.0254193253478787
1861,Goiania,GO,residencial_padrao,Vertice Engenharia,2168.0,6001803.6,295216.76,6484878.36,3859635.56,2165228.85,3805290.32,68,336,351,11,15,2991.1800553505536,95365.85823529412,18475.436923076923,4.918800741830339,108.04882652274728,59.51747042484232,33.388889194214585,31.88235294117647,0.16190036900369004,4.464285714285721,2.4992487258330147
1862,Salvador,BA,comercial,Estrutural Engenharia,3539.0,17378345.96,1539973.59,19215924.48,10921233.62,6190559.21,11589524.58,90,511,553,18,11,5429.761085052275,213510.272,34748.507197106694,8.861450874234984,110.57395522122519,56.83428674673892,32.21577612070215,39.32222222222222,0.1562588301780164,8.219178082191792,0.6329716317835348
1863,Belo Horizonte,MG,comercial,Construtora Serrana,2398.0,11109034.12,155019.53,10884320.3,5494526.78,3124282.61,5255051.96,69,305,364,12,11,4538.915888240201,157743.77246376814,29901.97884615385,1.3954366178506257,97.97719749914677,50.481119891335794,28.7044346719565,34.7536231884058,0.1517931609674729,19.344262295081972,0.9901850945075683
1864,Uberlandia,MG,comercial,Construtora Serrana,1547.0,5664756.92,432702.85,6064083.57,3396542.2,2243083.24,3532042.4,43,301,283,9,9,3919.8988817065288,141025.19930232558,21427.857137809187,7.638506931732563,107.04931660156744,56.01080791173859,36.98964920432322,35.97674418604651,0.18293471234647704,-5.980066445182719,1.5887707322841311
1865,Campinas,SP,industrial,Estrutural Engenharia,2518.0,10867667.26,960734.99,11385255.42,7018043.96,3787138.4,7512431.33,62,480,506,16,17,4521.547029388404,183633.15193548388,22500.504782608696,8.840305532136803,104.76264268694587,61.64151528539006,33.26353481141312,40.61290322580645,0.20095313741064336,5.41666666666667,1.564273140986836
1866,Uberlandia,MG,residencial_popular,Construtora Atlantica,1533.0,2971734.38,286801.24,3292696.6,1932152.9,1218509.31,2048973.94,40,234,273,9,14,2147.8777560339204,82317.41500000001,12061.159706959706,9.650971564962008,110.80050162491307,58.67995551123659,37.00642537183656,38.325,0.1780821917808219,16.666666666666675,4.711053617113653
1867,Campinas,SP,comercial,Beta Engenharia,4751.0,19748617.93,1704666.22,21770726.36,11794488.09,6831091.76,12561321.57,112,1011,1144,38,4,4582.346108187749,194381.48535714284,19030.35520979021,8.631825406933679,110.23924022008764,54.17590527282711,31.377417762923,42.419642857142854,0.24079141233424542,13.155291790306634,0.20254581936711763
1868,Contagem,MG,residencial_popular,Construtora Atlantica,2530.0,4610886.04,206897.92,4569696.0,2526510.85,1608196.63,2793991.62,87,444,433,14,10,1806.20395256917,52525.24137931035,10553.570438799075,4.4871618644472075,99.10667842053195,55.288379139443855,35.1926392915415,29.080459770114942,0.17114624505928855,-2.4774774774774744,2.1687805582807247
1869,Uberlandia,MG,comercial,Alfa Construcoes,3021.0,12419642.05,101331.48,12309408.99,6536885.46,3841355.9,6812991.17,90,560,594,19,15,4074.614031777557,136771.211,20722.91075757576,0.8158969444695066,99.11242965331678,53.104787283536346,31.20666396835678,33.56666666666667,0.19662363455809334,6.071428571428572,1.207764276910058
1870,Campinas,SP,residencial_padrao,Construtora Planalto,8772.0,36440598.25,3177166.19,38530913.39,19559211.33,14707697.3,20303324.33,242,1154,1210,40,17,4392.488986548107,159218.65037190082,31843.730074380164,8.718754198828226,105.7362261883283,50.76238689705248,38.17116181786938,36.247933884297524,0.1379388964888281,4.8526863084922045,0.466512648430518
1871,Salvador,BA,residencial_padrao,Obras & Cia,2221.0,8165779.19,254226.04,8758459.07,4611345.88,2939872.85,4691331.36,73,392,335,11,14,3943.4754930211616,119978.89136986302,26144.653940298507,3.113310243697638,107.25809339451413,52.650196149172615,33.566096804286374,30.424657534246574,0.15083295812696984,-14.540816326530614,1.7144720270105662
1872,Sao Paulo,SP,industrial,Delta Obras,4425.0,28234520.79,1898207.18,29718206.41,16066116.43,11726171.15,16473084.97,140,868,808,26,16,6715.978849717514,212272.90292857142,36779.95842821782,6.723001230013084,105.25486382798992,54.06152783363753,39.45786965815748,31.607142857142858,0.18259887005649716,-6.912442396313367,0.5666821873480078
1873,Uberlandia,MG,residencial_popular,Estrutural Engenharia,5661.0,11663654.1,421972.75,12058842.89,6506696.19,3750218.25,6968003.67,159,868,832,27,16,2130.161259494789,75841.77918238995,14493.80155048077,3.6178434852590495,103.38820738862617,53.957881774840835,31.099320923319535,35.60377358490566,0.14697049991167638,-4.147465437788023,1.3717827931814266
1874,Rio de Janeiro,RJ,industrial,Construtora Planalto,2118.0,14975090.65,115592.16,14588007.32,8443797.71,3846339.59,9035355.81,82,379,358,11,14,6887.633295561851,177902.52829268292,40748.62379888268,0.7718962288886044,97.41515200777766,57.881775932643286,26.366449547408095,25.829268292682926,0.16902738432483475,-5.54089709762533,0.9348858265509064
1875,Ribeirao Preto,SP,industrial,Alfa Construcoes,1178.0,6686879.63,621812.7,7655354.28,4342656.19,2409013.58,4498388.92,27,179,174,5,13,6498.602954159593,283531.64,43996.28896551724,9.298996458831127,114.48320746877269,56.72704398992231,31.468348712399504,43.629629629629626,0.14770797962648557,-2.7932960893854775,1.944105579779967
1876,Uberlandia,MG,comercial,Delta Obras,1268.0,5104542.97,55749.35,5101287.81,2784639.24,1806956.59,3109172.91,36,184,184,6,13,4023.0976419558356,141702.43916666665,27724.39027173913,1.092151644675057,99.93623013815083,54.58698555571206,35.42157700763016,35.22222222222222,0.14511041009463724,0.0,2.546751016967147
1877,Contagem,MG,comercial,Construtora Atlantica,2024.0,8819372.65,166295.95,8769914.28,4823484.09,3255935.97,4945354.33,50,334,346,11,6,4332.961600790513,175398.28559999997,25346.57306358381,1.8855757274300005,99.43920761756222,55.00035617223844,37.126200622339496,40.48,0.17094861660079053,3.592814371257491,0.6803204987601924
1878,Curitiba,PR,residencial_padrao,Construtora Planalto,7134.0,24651894.55,2358287.39,26030437.9,14184691.04,10063950.2,14516158.81,179,1083,1160,38,13,3648.7858003924866,145421.4407821229,22440.032672413792,9.566353552327685,105.59203815838161,54.49271001314965,38.662239331747855,39.85474860335196,0.16260162601626016,7.109879963065557,0.5273428366178047
1879,Campinas,SP,residencial_popular,Construtora Planalto,7242.0,14179587.09,563739.56,14560723.29,8030455.34,5168205.23,8528313.62,187,1347,3087,102,15,2010.5942129246064,77864.83042780748,4716.7875898931,3.975712102347263,102.68792171154824,55.151486502838424,35.494151815586086,38.72727272727273,0.4262634631317316,129.1759465478842,1.0578587306381149
1880,Rio de Janeiro,RJ,residencial_popular,Construtora Horizonte,2311.0,4443907.52,43528.73,4225649.46,2708503.55,1449430.49,2872189.96,82,339,357,11,14,1828.4939247079187,51532.310487804876,11836.553109243698,0.979514758218911,95.0886003136267,64.09674005472286,34.30077444237412,28.182926829268293,0.15447858070099524,5.3097345132743445,3.1503805911784593
1881,Curitiba,PR,residencial_popular,Estrutural Engenharia,3093.0,6221436.75,481439.41,6938991.54,4130891.35,2295190.38,4535113.18,87,512,541,18,15,2243.450223084384,79758.52344827587,12826.232051756007,7.738395958136198,111.5335865144012,59.53158072303977,33.07671391108224,35.55172413793103,0.17491108955706433,5.6640625,2.4110186445277293
1882,Sao Paulo,SP,comercial,Construtora Serrana,1507.0,8497121.53,82013.34,8798401.69,4755195.64,2813372.98,4899147.63,33,276,237,7,19,5838.355467816854,266618.23303030303,37124.05776371308,0.9651896787687818,103.5456731898714,54.04613028073738,31.97595516919392,45.666666666666664,0.15726609157266092,-14.130434782608692,2.236051341965448
1883,Salvador,BA,comercial,Estrutural Engenharia,6834.0,35720249.18,1567608.73,37347071.86,17439147.05,13102713.41,18636295.37,199,1167,1135,37,10,5464.891990049751,187673.7279396985,32904.9091277533,4.388571653295505,104.55434303328116,46.69481750904795,35.08364312767839,34.34170854271357,0.16608135791630085,-2.7420736932305068,0.27995325423426964
1884,Contagem,MG,industrial,Construtora Atlantica,2977.0,18616286.2,861018.47,19852773.45,12316382.05,6037686.54,13103602.07,78,463,546,18,23,6668.717987907289,254522.73653846153,36360.39093406593,4.6250818275451735,106.64196519496998,62.0385966777856,30.412307656691667,38.166666666666664,0.18340611353711792,17.926565874730027,1.2354773531575811
1885,Belo Horizonte,MG,residencial_padrao,Beta Engenharia,4174.0,13515016.17,734848.54,14365636.66,8286960.89,5121462.39,8482239.51,127,740,727,24,16,3441.695414470532,113115.24929133858,19760.160467675378,5.437274589661109,106.29389176676065,57.68599809484532,35.65078604737592,32.86614173228347,0.17417345471969334,-1.756756756756761,1.1838683578874327
1886,Sao Paulo,SP,industrial,Engenharia Vale Verde,1941.0,10637202.48,375509.02,10958365.14,6040308.3,3777862.28,6547639.38,47,281,295,9,11,5645.731653786708,233156.705106383,37147.00047457627,3.530148276353953,103.019239885711,55.12052411861866,34.47468880380819,41.297872340425535,0.1519835136527563,4.982206405693956,1.0341064787177012
1887,Rio de Janeiro,RJ,industrial,Construtora Atlantica,4574.0,25564117.64,2381396.32,27496477.97,16674637.89,10843195.88,17047408.04,120,690,868,28,12,6011.473102317446,229137.31641666667,31677.970011520734,9.3153863299152,107.5588774751077,60.642813629414086,39.43485377229206,38.11666666666667,0.18976825535636205,25.79710144927536,0.46940794785045437
1888,Curitiba,PR,industrial,Obras & Cia,1602.0,9439002.5,472117.34,9596276.21,5397780.09,3634438.74,5706241.74,49,272,285,9,15,5990.184900124845,195842.37163265308,33671.144596491235,5.001771532532172,101.66621112771186,56.24869451313968,37.87342778037857,32.69387755102041,0.17790262172284643,4.779411764705888,1.5891509722558077
1889,Uberlandia,MG,industrial,Alfa Construcoes,3415.0,16178811.91,907436.1,17171348.32,10216350.9,6678545.11,11271092.69,95,516,481,16,16,5028.213270863836,180751.03494736843,35699.26885654886,5.608793186099906,106.13479169868165,59.49649794303398,38.893539316428004,35.94736842105263,0.14084919472913615,-6.78294573643411,0.9889477724943772
1890,Sao Paulo,SP,residencial_padrao,Construtora Atlantica,13561.0,45247624.55,1541709.25,47361739.08,25069373.29,15211533.32,27904573.66,336,2160,2200,73,13,3492.4960607624807,140957.5567857143,21528.06321818182,3.407271133750601,104.6723215882059,52.93169925127673,32.11776766538447,40.36011904761905,0.1622299240468992,1.85185185185186,0.28730790023318475
1891,Uberlandia,MG,comercial,Engenharia Vale Verde,3475.0,8138576.49,389128.66,8574538.2,4833765.24,3280625.56,5142942.94,89,613,583,19,16,2467.4930071942445,96343.12584269662,14707.612692967408,4.781286512182181,105.35673173970498,56.3734760666178,38.26008449061432,39.04494382022472,0.16776978417266186,-4.893964110929849,1.96594576700968
1892,Curitiba,PR,residencial_popular,Engenharia Vale Verde,2071.0,4359982.72,23378.02,4329371.77,2316535.26,1506840.31,2323000.38,64,334,356,11,19,2090.4740560115883,67646.43390625,12161.156657303369,0.5361952443701429,99.29791120823525,53.50742285641134,34.805056947096055,32.359375,0.17189763399323998,6.586826347305386,4.3578154364795285
1893,Curitiba,PR,residencial_popular,Engenharia Vale Verde,6350.0,12882010.66,1136980.56,13756947.23,7576159.08,5056604.82,8141780.98,166,1075,1196,39,20,2166.4483826771652,82873.17608433735,11502.464239130435,8.826111000904884,106.79192552383745,55.071513711112786,36.756736327177144,38.25301204819277,0.1883464566929134,11.255813953488381,1.5525526664949987
1894,Campinas,SP,comercial,Estrutural Engenharia,1965.0,7662916.0,50179.38,7772580.75,4436528.08,2390566.26,4591274.83,54,372,403,13,13,3955.5118320610686,143936.68055555556,19286.800868486353,0.6548340083592199,101.4311099064638,57.07921503420855,30.756403013246274,36.388888888888886,0.20508905852417303,8.333333333333325,1.6964821224713933
1895,Sao Paulo,SP,residencial_popular,Construtora Serrana,3061.0,5809992.52,410269.33,6174988.47,3511760.0,2020069.02,3512698.68,112,540,510,17,13,2017.3108363279973,55133.825625,12107.820529411763,7.061443342443409,106.28221032546183,56.870713476814,32.71372942336846,27.330357142857142,0.1666122182293368,-5.555555555555558,2.237524395298189
1896,Goiania,GO,industrial,Beta Engenharia,2588.0,20494563.77,1612074.24,21862764.24,11887324.81,7933579.02,13086436.8,80,479,450,15,15,8447.745069551776,273284.55299999996,48583.92053333333,7.865862665297413,106.67591896736428,54.37246946226046,36.28808751221296,32.35,0.17387944358578053,-6.054279749478075,0.7319014041156144
1897,Belo Horizonte,MG,comercial,Alfa Construcoes,2364.0,9134310.64,748684.0,9732260.28,5507264.32,2937947.87,5804354.84,81,417,511,17,18,4116.861370558376,120151.36148148148,19045.519138943248,8.196393023042623,106.54619339725015,56.587721264684475,30.187723976490282,29.185185185185187,0.2161590524534687,22.541966426858508,1.970592057727522
1898,Rio de Janeiro,RJ,comercial,Vertice Engenharia,1886.0,10025318.67,836899.0,10782731.41,5349188.08,3857180.11,5625629.35,56,274,275,9,16,5717.248891834571,192548.77517857144,39209.9324,8.34785434306798,107.55499914697475,49.60884099402787,35.77182778032306,33.67857142857143,0.14581124072110285,0.36496350364962904,1.5959592434581433
1899,Rio de Janeiro,RJ,residencial_popular,Engenharia Mineira,1420.0,2290312.91,172971.78,2509852.11,1523102.52,862193.45,1584797.11,46,226,231,7,13,1767.5014859154928,54562.00239130435,10865.16064935065,7.552320874792606,109.58555484018993,60.68495087545218,34.352360705428175,30.869565217391305,0.16267605633802817,2.212389380530966,5.676080304677669
1900,Contagem,MG,industrial,Delta Obras,2249.0,11931074.81,1145835.04,11889895.9,6252335.92,3750795.06,6790647.95,68,405,423,14,12,5286.747843485994,174851.41029411764,28108.500945626478,9.603787238343534,99.65486001340393,52.58528731105206,31.54607148410778,33.0735294117647,0.18808359270787017,4.444444444444451,1.0057769472656588
1901,Rio de Janeiro,RJ,comercial,Delta Obras,3129.0,13156104.84,1149442.83,14778395.72,7874391.83,4724583.21,7995551.06,88,501,468,15,18,4723.0411377436885,167936.315,31577.768632478634,8.736954014726445,112.3310881125511,53.2831301799787,31.969527000864474,35.55681818181818,0.14956855225311602,-6.586826347305386,1.3681861173128202
1902,Belo Horizonte,MG,residencial_popular,Beta Engenharia,3463.0,6784953.83,581566.77,7299885.65,3709599.97,2219006.13,4090465.41,78,658,652,21,13,2107.965824429685,93588.27756410257,11196.143634969325,8.571418237638914,107.58931943977576,50.81723396584986,30.397820409693676,44.3974358974359,0.18827606121859658,-0.911854103343468,1.9160041948288393
1903,Belo Horizonte,MG,residencial_popular,Vertice Engenharia,1566.0,2048868.46,150930.02,2220413.23,1261586.69,763482.03,1342294.87,57,293,310,10,5,1417.8883971902937,38954.618070175435,7162.623322580645,7.366506095759802,108.37265902370325,56.81765326177596,34.38468208010092,27.473684210526315,0.1979565772669221,5.802047781569963,2.4403714038333137
1904,Ribeirao Preto,SP,residencial_padrao,Delta Obras,2562.0,7563057.78,355642.64,7485856.69,4160563.41,2552649.29,4196933.2,72,444,449,14,6,2921.880050741608,103970.23180555557,16672.286614699333,4.702365767196347,98.97923442811513,55.578988248037106,34.09962808144541,35.583333333333336,0.1752537080405933,1.1261261261261257,0.7933299168844906
1905,Salvador,BA,residencial_padrao,Construtora Planalto,1609.0,5194610.83,183487.47,5315380.02,3168453.91,1945155.59,3434290.99,43,254,230,7,13,3303.5301553760096,123613.4888372093,23110.347913043475,3.5322659580255795,102.32489389392813,59.609169957334494,36.594854604581975,37.41860465116279,0.14294592914853946,-9.4488188976378,2.502593635103941
1906,Goiania,GO,comercial,Construtora Horizonte,2314.0,10842019.43,835856.47,12083451.51,6581254.73,4529283.73,6573712.91,85,554,616,20,17,5221.889157303371,142158.25305882352,19615.99271103896,7.709416824020578,111.45019235590874,54.465023710762594,37.48336082825064,27.223529411764705,0.2662057044079516,11.191335740072205,1.5679735781473323
1907,Rio de Janeiro,RJ,industrial,Estrutural Engenharia,2125.0,11672215.1,499422.76,12698803.41,7844725.49,4746993.73,8314864.53,50,366,372,12,14,5975.907487058824,253976.0682,34136.56830645161,4.2787316350946965,108.79514557609549,61.77531249773084,37.38142545195918,42.5,0.17505882352941177,1.6393442622950838,1.1994295752825872
1908,Goiania,GO,residencial_popular,Delta Obras,1705.0,3505909.58,151144.16,3813893.34,1849084.9,1552448.75,1854309.93,58,309,356,11,15,2236.887589442815,65756.78172413792,10713.183539325843,4.311125445511347,108.78470345490199,48.48286868976782,40.70509087703014,29.396551724137932,0.20879765395894428,15.210355987055024,4.27849026271807
1909,Campinas,SP,comercial,Engenharia Vale Verde,2006.0,7094911.86,520278.76,7797644.33,4710541.46,2822002.91,4572696.54,69,314,320,10,12,3887.1606829511466,113009.33811594202,24367.63853125,7.333125065770725,109.90473854878869,60.40980148167389,36.19045432917303,29.07246376811594,0.15952143569292124,1.9108280254777066,1.6913529352850902
1910,Sao Paulo,SP,comercial,Construtora Atlantica,3745.0,18166372.79,898964.87,19166167.23,9515798.92,6633509.39,9269930.78,137,652,808,26,7,5117.801663551402,139899.0308759124,23720.503997524753,4.9485105276208525,105.50354466220332,49.648940269629485,34.61051607447547,27.335766423357665,0.2157543391188251,23.926380368098155,0.3853273342410585
1911,Goiania,GO,residencial_popular,Alfa Construcoes,3322.0,7449105.72,671195.08,8291348.89,4448274.27,2774959.86,4681655.34,104,504,464,15,18,2495.890695364238,79724.5085576923,17869.286400862067,9.010411520914754,111.30663467077227,53.6495849953312,33.46813524331142,31.942307692307693,0.13967489464178207,-7.936507936507942,2.416397441060885
1912,Uberlandia,MG,industrial,Construtora Atlantica,1311.0,6709947.35,67865.88,6735397.88,3779473.81,2179669.32,3965153.16,46,215,232,7,16,5137.603264683447,146421.69304347827,29031.8874137931,1.0114219450619089,100.37929552457665,56.11359384161578,32.3614040155264,28.5,0.17696414950419528,7.906976744186056,2.3845194552830584
1913,Belo Horizonte,MG,residencial_padrao,Construtora Atlantica,2512.0,8645644.26,126722.77,8696756.58,5445375.9,2795749.18,5894143.24,85,385,426,14,12,3462.0846257961784,102314.78329411765,20414.921549295774,1.4657412008761046,100.59119156956847,62.61387046893751,32.14703268146434,29.55294117647059,0.1695859872611465,10.649350649350641,1.3879821606261649
1914,Contagem,MG,residencial_padrao,Vertice Engenharia,2192.0,7533462.07,510648.98,8067507.0,3960684.54,2767020.61,4022426.4,63,391,373,12,12,3680.4320255474454,128055.66666666667,21628.70509383378,6.778410447349607,107.08897084816675,49.094280798268905,34.29833540894355,34.79365079365079,0.17016423357664234,-4.6035805626598485,1.5928931331302234
1915,Contagem,MG,industrial,Vertice Engenharia,1545.0,10775558.07,436537.59,10471348.79,5498178.21,3952320.04,5647504.56,36,290,316,10,19,6777.572032362459,290870.7997222222,33137.17971518987,4.051183123548421,97.17685823765413,52.50687681467251,37.74413515644149,42.916666666666664,0.2045307443365696,8.965517241379306,1.7632497432218839
1916,Ribeirao Preto,SP,comercial,Vertice Engenharia,1861.0,9898751.48,3395887.63,13601747.01,5753713.88,3825557.66,5802141.63,58,351,374,12,15,7308.837727028479,234512.8794827586,36368.307513368985,34.30622171756957,137.40871298245784,42.301285825783054,28.1254875361779,32.08620689655172,0.20096722192369693,6.552706552706544,1.5153426197543047
1917,Uberlandia,MG,comercial,Obras & Cia,2333.0,8979341.27,798262.72,9475596.61,5620326.01,3283903.78,5846352.74,62,392,359,11,10,4061.550197171024,152832.20338709676,26394.419526462392,8.889991993811368,105.52663413805186,59.31369011708066,34.65643288924263,37.62903225806452,0.15387912558936992,-8.418367346938771,1.1136674394379045
1918,Salvador,BA,residencial_popular,Beta Engenharia,1286.0,2428004.03,109702.63,2471129.93,1245956.29,939024.14,1234786.35,41,210,247,8,17,1921.5629315707622,60271.461707317074,10004.574615384616,4.518222731285994,101.77618733194609,50.42050905028697,37.999788218339454,31.365853658536587,0.19206842923794712,17.619047619047624,7.001635825126699
1919,Rio de Janeiro,RJ,comercial,Alfa Construcoes,6404.0,22743252.82,598171.76,23682992.24,12190947.59,8784680.01,12612550.74,166,1414,1522,50,13,3698.156189881324,142668.62795180723,15560.44168199737,2.630106452820059,104.13194817574032,51.47553766204334,37.09277915973341,38.57831325301205,0.23766396002498438,7.637906647807635,0.571598095614891
1920,Contagem,MG,industrial,Vertice Engenharia,5567.0,35945292.24,1870469.97,38709351.67,22519642.95,14096292.99,22096970.84,185,783,743,24,18,6953.359380276631,209239.73875675676,52098.723647375504,5.2036577071378955,107.68962848192996,58.176233851658296,36.41573000284766,30.09189189189189,0.13346506197233698,-5.108556832694767,0.5007609864406544
1921,Goiania,GO,comercial,Construtora Atlantica,2074.0,6436322.72,371627.22,7232360.61,3728057.03,2358995.55,3802888.56,50,357,356,11,20,3487.1555496624883,144647.2122,20315.619691011238,5.773905942367041,112.36789894836102,51.546890856704664,32.61722800074815,41.48,0.171648987463838,-0.2801120448179262,3.1073643864768794
1922,Rio de Janeiro,RJ,industrial,Delta Obras,1617.0,11387484.75,4258634.92,15096962.01,5393628.05,3566477.37,5462749.89,65,315,307,10,13,9336.4019851577,232260.954,49175.772019543976,37.39750272772045,132.57503602803945,35.7265789397055,23.623808337317264,24.876923076923077,0.18985776128633272,-2.5396825396825418,1.1416041632898783
1923,Goiania,GO,comercial,Vertice Engenharia,2609.0,11434458.07,1032372.67,12378072.61,7006064.83,4436529.55,7382133.97,53,387,372,12,16,4744.374323495592,233548.53981132075,33274.388736559136,9.028610395700195,108.25237658158642,56.6006118298251,35.841844605240205,49.22641509433962,0.14258336527405135,-3.875968992248058,1.3992792576657724
1924,Rio de Janeiro,RJ,residencial_padrao,Estrutural Engenharia,1499.0,4049547.37,121392.03,4295775.92,2449046.66,1613594.47,2598963.97,41,267,297,9,19,2865.7611207471646,104775.02243902438,14463.891986531986,2.9976690950524674,106.08039683210325,57.010577497720135,37.56235194874876,36.5609756097561,0.1981320880587058,11.23595505617978,4.691882391784443
1925,Belo Horizonte,MG,comercial,Estrutural Engenharia,2812.0,15786523.2,595265.64,16418984.94,9348461.63,5698468.35,9585817.11,76,471,563,18,18,5838.899338549075,216039.2755263158,29163.383552397867,3.770720331884098,104.00633966065436,56.936903615918666,34.70658125836614,37.0,0.20021337126600283,19.532908704883223,1.140213064774136
1926,Salvador,BA,residencial_popular,Estrutural Engenharia,3477.0,7396818.81,517241.06,7958855.7,4345823.75,2799562.37,4447707.38,91,548,631,21,14,2289.0007765314926,87459.95274725276,12613.08351822504,6.992750171205018,107.59835957101131,54.60362536790308,35.17543822285909,38.20879120879121,0.181478285878631,15.14598540145986,1.8927055481030501
1927,Salvador,BA,residencial_popular,Construtora Planalto,4423.0,7083208.51,522017.17,7852283.41,4713656.29,2837019.71,4880543.8,124,701,704,23,20,1775.3297332127515,63324.86620967742,11153.811661931819,7.369784035907196,110.85771933600752,60.02911565821846,36.1298690058361,35.66935483870968,0.15916798553018313,0.42796005706133844,2.8235791692090118
1928,Rio de Janeiro,RJ,comercial,Beta Engenharia,7642.0,34909974.19,690577.54,34713826.58,21158471.09,14050405.6,22857169.45,183,1095,1198,39,16,4542.505440984035,189693.04142076502,28976.48295492487,1.9781668592519805,99.43813304205712,60.95113438801998,40.47495474928422,41.759562841530055,0.15676524470034023,9.406392694063936,0.4583217367311379
1929,Contagem,MG,comercial,Alfa Construcoes,4307.0,17145656.17,1349714.62,19304700.57,10458227.0,6575230.56,11130653.23,135,870,993,33,13,4482.168695147435,142997.782,19440.78607250755,7.872049961911723,112.5923696275778,54.174510306843885,34.06025665178188,31.903703703703705,0.23055491061063385,14.137931034482754,0.7582095354709307
1930,Uberlandia,MG,residencial_popular,Vertice Engenharia,5644.0,11363031.56,303324.21,11253402.7,6033205.85,4131175.68,6369008.48,158,914,1015,33,14,1993.8700744153082,71224.06772151898,11087.096256157634,2.669395120469066,99.03521468350122,53.61228075486893,36.71045807327237,35.721518987341774,0.17983699503897946,11.050328227571127,1.2320655738810602
1931,Rio de Janeiro,RJ,residencial_popular,Engenharia Mineira,1820.0,4438002.1,341380.28,4808573.85,2753671.27,1623741.35,2892001.24,52,345,374,12,8,2642.073543956044,92472.57403846153,12857.149331550801,7.692206364661253,108.34996788307063,57.26586210171235,33.767628420638694,35.0,0.20549450549450549,8.405797101449286,1.8026129370240724
1932,Sao Paulo,SP,residencial_padrao,Estrutural Engenharia,4103.0,9923150.84,528038.18,10886798.27,7795488.15,4200570.67,8427766.96,109,770,869,28,10,2653.3751572020474,99878.88321100918,12527.961185270426,5.3212753541092,109.71110331322949,71.6049655432809,38.584077391929114,37.642201834862384,0.21179624664879357,12.857142857142856,1.0077444313040393
1933,Salvador,BA,residencial_popular,Construtora Horizonte,1577.0,3223278.65,1083.76,3234118.5,1776772.45,1022720.45,1829858.99,49,323,326,10,10,2050.804375396322,66002.41836734694,9920.608895705522,0.03362290753236615,100.33629888002392,54.93838429235045,31.622850244974014,32.183673469387756,0.20672162333544705,0.9287925696594534,3.1024311224225065
1934,Ribeirao Preto,SP,residencial_padrao,Engenharia Mineira,1561.0,4786831.02,467996.34,5100215.17,2892156.13,1801220.85,3131587.98,42,276,291,9,15,3267.2742921204353,121433.69452380952,17526.512611683847,9.776746620982665,106.54679784372252,56.70655126497339,35.31656586951409,37.166666666666664,0.18641896220371557,5.434782608695654,3.133597141266959
1935,Goiania,GO,industrial,Construtora Serrana,1541.0,10970039.59,464342.15,11076192.06,5958669.84,3801874.46,6049863.92,60,282,288,9,9,7187.665191434134,184603.201,38459.00020833334,4.232821095953766,100.96765803923596,53.79709748369964,34.32474301100192,25.683333333333334,0.18689162881245944,2.127659574468077,0.8204163646049338
1936,Goiania,GO,residencial_padrao,Alfa Construcoes,4542.0,14275467.19,1406734.78,16018915.63,8904205.35,5810549.81,9866599.32,147,1227,1184,39,16,3526.841838397182,108972.21517006803,13529.489552364865,9.85421185364372,112.21289935240293,55.585568684339215,36.27305333401022,30.897959183673468,0.26067811536767943,-3.5044824775876116,1.120803948973946
1937,Salvador,BA,industrial,Estrutural Engenharia,1623.0,7664218.82,300632.05,7667102.12,4376576.15,2588852.18,4513066.08,52,261,650,21,15,4724.030881084412,147444.27153846153,11795.541723076924,3.9225400143259472,100.0376202724337,57.08253368092612,33.76571929630175,31.21153846153846,0.4004929143561306,149.04214559386975,1.9571466254143302
1938,Rio de Janeiro,RJ,residencial_padrao,Alfa Construcoes,1778.0,5105222.86,232273.24,5668185.25,2811683.72,1912619.74,2960556.78,53,259,265,8,14,3187.9557086614172,106946.89150943396,21389.37830188679,4.549717933371472,111.02718540283274,49.60465468202543,33.74307041217469,33.54716981132076,0.14904386951631046,2.316602316602312,2.7422896872321845
1939,Curitiba,PR,industrial,Construtora Atlantica,7371.0,53563203.46,5314538.59,58427121.65,31815545.18,20362703.39,33450914.39,206,1384,1556,51,15,7926.620763804097,283626.8041262136,37549.56404241645,9.92199541233339,109.08070816494812,54.453384458311746,34.85145736252438,35.78155339805825,0.21109754443087778,12.427745664739875,0.28004299651722137
1940,Curitiba,PR,residencial_popular,Estrutural Engenharia,3075.0,4079593.04,293978.11,4299688.71,2414188.39,1747374.15,2576318.58,72,471,536,17,22,1398.2727512195122,59717.89875,8021.807294776119,7.206064602953631,105.39503984446448,56.14798076858918,40.63955015943468,42.708333333333336,0.1743089430894309,13.800424628450102,5.392694757612392
1941,Salvador,BA,residencial_popular,Alfa Construcoes,2001.0,3936372.65,98508.21,4061553.9,2193455.69,1348891.76,2409780.74,67,305,333,11,8,2029.7620689655173,60620.207462686565,12196.858558558559,2.5025123066028825,103.1801168519957,54.00533254033635,33.211223911124264,29.865671641791046,0.1664167916041979,9.180327868852455,2.032327909808031
1942,Uberlandia,MG,comercial,Construtora Planalto,3953.0,16772877.16,430806.22,16451376.27,10578834.9,5793119.67,11266142.09,122,721,867,28,7,4161.74456615229,134847.34647540984,18975.059134948096,2.5684694157743415,98.08320965489024,64.30364685835491,35.21358684479229,32.40163934426229,0.2193270933468252,20.24965325936199,0.4173404439337109
1943,Salvador,BA,industrial,Engenharia Mineira,1627.0,9168956.81,908617.93,9779486.83,5392581.83,2669400.17,5611172.0,47,331,387,12,12,6010.747897971727,208074.18787234044,25269.99180878553,9.909719816861042,106.65866393147509,55.1417668814428,27.295912519777886,34.61702127659574,0.23786109403810696,16.91842900302114,1.3087639355997793
1944,Goiania,GO,industrial,Engenharia Mineira,2862.0,20541517.56,2052033.91,23098950.6,13709683.4,9274062.92,14497525.88,66,431,457,15,16,8070.912159329141,349984.10000000003,50544.749671772435,9.989689924350458,112.45006865987366,59.351975063317376,40.14928245268423,43.36363636363637,0.1596785464709993,6.032482598607891,0.7789103192237565
1945,Ribeirao Preto,SP,residencial_popular,Construtora Planalto,3450.0,4878517.76,168166.88,5075886.58,2565540.16,1775477.05,2704471.95,96,653,732,24,14,1471.271472463768,52873.81854166667,6934.271284153006,3.4470896340449113,104.04567185587123,50.543685710172035,34.97865884150627,35.9375,0.21217391304347827,12.098009188361413,2.8697241024290134
1946,Ribeirao Preto,SP,residencial_padrao,Obras & Cia,2727.0,10072944.93,809826.2,10622468.52,5610550.7,3402795.17,5780593.1,97,463,509,16,11,3895.2946534653465,109509.98474226803,20869.28982318271,8.03961706956339,105.45544122219279,52.81776725849031,32.033939790861346,28.11340206185567,0.18665199853318665,9.935205183585305,1.0920341644317915
1947,Sao Paulo,SP,comercial,Engenharia Mineira,2670.0,13987016.91,613832.46,14348890.06,7406310.97,4532451.55,7894205.78,77,441,508,16,20,5374.116127340824,186349.22155844155,28245.846574803152,4.388587387501771,102.58720749626949,51.61591551005304,31.587471442373012,34.675324675324674,0.1902621722846442,15.192743764172345,1.4298974633898545
1948,Curitiba,PR,residencial_popular,Construtora Serrana,3337.0,5621517.71,94633.59,5420103.27,3298163.7,1980767.65,3377464.97,104,719,736,24,13,1624.2443122565178,52116.37759615384,7364.270747282608,1.6834170927124945,96.41708075309077,60.850569365627614,36.544832290621656,32.08653846153846,0.22055738687443813,2.364394993045904,2.3125427456849548
1949,Salvador,BA,industrial,Vertice Engenharia,4396.0,31427520.4,396695.21,31532406.44,17891467.99,11017764.34,18205188.15,138,762,815,27,15,7172.976897179255,228495.69884057972,38690.06925153374,1.2622542438951054,100.3337394699456,56.73993839970305,34.941083107515595,31.855072463768117,0.1853958143767061,6.955380577427817,0.47728868867427415
1950,Uberlandia,MG,comercial,Engenharia Vale Verde,4157.0,18716439.88,445519.88,18939124.73,10661559.43,8236181.69,11256716.98,119,797,934,31,10,4555.959761847486,159152.3086554622,20277.435471092078,2.380366580698252,101.18978209225547,56.2938339653672,43.48765746789609,34.9327731092437,0.22468126052441664,17.189460476787954,0.5342896439768865
1951,Curitiba,PR,residencial_popular,Engenharia Vale Verde,2352.0,4122270.28,247592.16,4545940.88,2449753.48,1425367.54,2664304.65,72,375,418,13,16,1932.7979931972789,63138.067777777775,10875.456650717702,6.006208792306554,110.27760363156003,53.88881080213256,31.354731124439965,32.666666666666664,0.17772108843537415,11.466666666666669,3.881356367540268
1952,Curitiba,PR,comercial,Beta Engenharia,2835.0,12104542.55,462292.42,11959844.48,6669847.83,3696408.31,6946145.0,79,413,406,13,20,4218.640028218695,151390.4364556962,29457.74502463054,3.8191647316733994,98.80459695686724,55.76868362422051,30.906825888759382,35.88607594936709,0.14320987654320988,-1.6949152542372836,1.6522722702974015
1953,Salvador,BA,residencial_popular,Beta Engenharia,2405.0,3662364.5,319094.24,4013918.04,2089279.0,1549294.91,2151151.5,78,388,386,12,15,1668.98879002079,51460.487692307695,10398.75139896373,8.712793060330286,109.59908660101965,52.05086349994331,38.59807037813856,30.833333333333332,0.1604989604989605,-0.5154639175257714,4.095714667395886
1954,Goiania,GO,residencial_popular,Obras & Cia,3167.0,5863024.91,502672.25,6440526.77,3583491.47,2426706.24,3827793.58,93,463,475,15,15,2033.6364919482157,69252.97602150537,13559.003726315788,8.573599084367526,109.84989606670456,55.63972634493064,37.67869192476007,34.053763440860216,0.14998421218819072,2.591792656587466,2.558406322718489
1955,Campinas,SP,industrial,Construtora Atlantica,3755.0,21257652.78,1500337.49,24135323.92,14118139.47,9563354.19,14172121.1,134,653,687,22,14,6427.5163568575235,180114.3576119403,35131.47586608443,7.057869961125594,113.5371067059079,58.49575301660174,39.62388995357639,28.02238805970149,0.1829560585885486,5.206738131699851,0.6585863521663937
1956,Curitiba,PR,industrial,Alfa Construcoes,8753.0,62609236.64,6223417.38,69299586.4,35777997.75,24405640.16,39826909.36,263,1553,1768,58,19,7917.238249742946,263496.52623574145,39196.59864253394,9.940094647351062,110.68588297677096,51.628010510030975,35.217584155740354,33.28136882129277,0.20198788986633154,13.84417256922086,0.30346960000884626
1957,Campinas,SP,residencial_popular,Delta Obras,2616.0,4380553.81,166756.19,4697874.16,2432741.98,1797829.2,2561797.82,56,418,435,14,17,1795.8234556574923,83890.61,10799.710712643679,3.806737623433052,107.24384093343669,51.78388984348614,38.26899441682789,46.714285714285715,0.16628440366972477,4.066985645933019,3.8807878495162242
1958,Uberlandia,MG,residencial_popular,Beta Engenharia,2643.0,4588054.0,39289.32,4617204.55,2157691.67,1567861.36,2281344.4,74,466,486,16,11,1746.9559402194475,62394.65608108108,9500.420884773663,0.8563395286977877,100.635357604771,46.731559033918046,33.9569395945432,35.71621621621622,0.18388195232690124,4.29184549356223,2.39753063063338
1959,Contagem,MG,residencial_popular,Estrutural Engenharia,3069.0,4833483.2,251213.91,5124579.34,2784448.4,2165808.2,2911917.46,91,542,527,17,17,1669.7879895731508,56314.05868131868,9724.059468690702,5.197368018161312,106.02249201983365,54.335160317763766,42.26314115374786,33.72527472527472,0.1717171717171717,-2.7675276752767486,3.517132323952217
1960,Campinas,SP,residencial_padrao,Engenharia Vale Verde,2278.0,6279934.4,618912.23,6803034.1,3979321.95,2421263.75,4364588.99,58,354,425,14,14,2986.406540825285,117293.69137931034,16007.139058823528,9.855393234680921,108.32970006820453,58.49334122843807,35.59093948977854,39.275862068965516,0.1865671641791045,20.056497175141242,2.22932265024934
1961,Curitiba,PR,residencial_popular,Engenharia Mineira,2964.0,6479145.97,324091.76,6670926.18,3825823.0,2171467.89,4078343.18,79,506,554,18,9,2250.649858299595,84442.1035443038,12041.382996389892,5.00207529666136,102.95996124933731,57.35070208796704,32.55122049634194,37.51898734177215,0.18690958164642374,9.486166007905128,1.389071961285046
1962,Curitiba,PR,residencial_popular,Delta Obras,12471.0,22933623.61,1886465.39,23793801.85,14329014.07,8077972.37,14705285.93,339,1912,2104,70,15,1907.9305468687355,70188.20604719764,11308.841183460077,8.225762409292457,103.75072973476782,60.22162477578168,33.94990183126199,36.78761061946903,0.16871141047229574,10.041841004184104,0.6540614887156073
1963,Goiania,GO,comercial,Estrutural Engenharia,3348.0,15854378.29,1434256.15,17856282.25,9861249.63,5812146.7,10311625.22,86,732,664,22,18,5333.41763739546,207631.18895348837,26891.991340361445,9.046435777962,112.62682095369631,55.225659473432664,32.54959021495082,38.93023255813954,0.1983273596176822,-9.289617486338797,1.1353330714553047
1964,Curitiba,PR,residencial_padrao,Construtora Atlantica,3135.0,9468341.73,44058.85,9599590.58,4783333.82,3040991.66,4979270.96,91,614,683,22,13,3062.070360446571,105490.00637362637,14055.037452415812,0.4653280506384933,101.38618623770353,49.82851904086101,31.67834747385654,34.45054945054945,0.2178628389154705,11.23778501628665,1.3729964940756314
1965,Rio de Janeiro,RJ,residencial_popular,Construtora Planalto,3433.0,6068764.47,24533.21,5922669.04,2926417.64,2017891.09,3078026.81,119,702,747,24,11,1725.2167317215265,49770.32806722689,7928.606479250335,0.40425378380189475,97.59266600768245,49.4104536356129,34.07063734900169,28.84873949579832,0.21759394115933586,6.41025641025641,1.8125600448619816
1966,Sao Paulo,SP,comercial,Construtora Serrana,2174.0,11532783.3,725449.13,12366629.11,6697024.45,3343257.99,6803483.06,63,345,312,10,14,5688.42185372585,196295.70015873015,39636.631762820514,6.290321348533445,107.2302217800277,54.154000984670915,27.03451328783321,34.507936507936506,0.14351425942962281,-9.565217391304348,1.2139307256384502
1967,Rio de Janeiro,RJ,comercial,Delta Obras,3352.0,15038478.0,480724.97,16015890.22,9102784.89,6018960.66,9462251.37,68,667,672,22,18,4778.010208830549,235527.79735294118,23833.169970238097,3.196633130028185,106.49940918223241,56.835959568658936,37.58118079807867,49.294117647058826,0.20047732696897375,0.7496251874062887,1.1969296360974828
1968,Goiania,GO,residencial_popular,Estrutural Engenharia,4178.0,5344124.55,247389.04,5557311.82,3333474.4,1606030.9,3525806.06,129,646,694,23,16,1330.1368645284826,43079.93658914729,8007.653919308358,4.629178038150328,103.98918977290678,59.98357673584708,28.899420295620555,32.3875968992248,0.16610818573480135,7.430340557275539,2.993942197698218
1969,Curitiba,PR,comercial,Engenharia Mineira,2897.0,12671139.24,874958.81,13948131.47,7755426.63,4347839.45,8168227.55,60,395,320,10,15,4814.681211598206,232468.85783333334,43587.91084375,6.905131365283617,110.07795909912201,55.60190371506442,31.1714831434694,48.28333333333333,0.11045909561615465,-18.9873417721519,1.1837925316650533
1970,Goiania,GO,comercial,Engenharia Mineira,2368.0,10213480.12,3738973.61,13568119.47,6435963.73,3751628.22,6577228.45,58,497,499,16,12,5729.780181587838,233933.09431034484,27190.620180360722,36.60822330949032,132.84521348830904,47.434456515734084,27.650318294256586,40.827586206896555,0.21072635135135134,0.4024144869215318,1.1749178398557454
1971,Belo Horizonte,MG,residencial_padrao,Alfa Construcoes,2116.0,4719242.12,24496.26,4808568.73,2795525.78,2011405.98,3053292.62,58,400,471,15,13,2272.480496219282,82906.35741379311,10209.275435244163,0.5190719055541909,101.89281684915967,58.13633821139123,41.82961901846414,36.48275862068966,0.22258979206049148,17.75,2.7546796009694874
1972,Contagem,MG,comercial,Beta Engenharia,1594.0,6654130.58,8093.17,6808257.68,3638853.51,2124014.51,3645719.43,44,263,264,8,13,4271.177967377666,154733.1290909091,25788.854848484847,0.12162625759592471,102.31626202923117,53.44764668190408,31.197622208682326,36.22727272727273,0.1656210790464241,0.3802281368821214,1.9536737134485267
1973,Belo Horizonte,MG,industrial,Estrutural Engenharia,5975.0,31654772.5,1207979.49,33807494.07,17544582.57,11816768.45,18401813.19,210,973,1024,34,17,5658.15800334728,160988.067,33015.130927734375,3.8161054229658418,106.80062246538023,51.89554284524348,34.95310366847311,28.452380952380953,0.17138075313807533,5.241521068859201,0.5370438217491533
1974,Belo Horizonte,MG,residencial_padrao,Alfa Construcoes,5948.0,24594236.05,1455998.52,25130344.91,14275094.08,8431371.52,15110430.01,191,1284,1312,43,17,4225.007550437122,131572.48643979058,19154.22630335366,5.920080286453947,102.17981505467415,56.804210730588025,33.55056028954439,31.141361256544503,0.22057834566240753,2.180685358255441,0.6912188679265767
1975,Salvador,BA,residencial_padrao,Construtora Planalto,3646.0,12022165.97,3741648.61,15969708.56,7097256.85,4641242.34,7823290.27,102,604,639,21,14,4380.062687877125,156565.77019607843,24991.71918622848,31.12291594823158,132.83553562519984,44.44199356134023,29.062786728776718,35.745098039215684,0.1752605595172792,5.794701986754958,1.164515615150836
1976,Contagem,MG,industrial,Delta Obras,2315.0,13586819.64,320372.33,13952256.2,7999774.41,4794588.96,7917765.9,60,379,367,12,18,6026.89252699784,232537.60333333333,38017.04686648501,2.357964104099935,102.68964017836922,57.33677976756189,34.364255438486005,38.583333333333336,0.15853131749460042,-3.16622691292876,1.3248133468267633
1977,Uberlandia,MG,residencial_padrao,Vertice Engenharia,5028.0,15959802.29,154252.35,16200263.02,8646927.73,5399458.91,8887902.28,146,895,806,26,20,3222.009351630867,110960.70561643835,20099.581910669975,0.9665053939712684,101.50666484227482,53.37523050906615,33.32945214120357,34.43835616438356,0.16030230708035004,-9.944134078212286,1.2531483558873084
1978,Uberlandia,MG,industrial,Construtora Serrana,1696.0,11352445.43,510325.65,11910454.9,6272689.19,3980919.6,6378655.07,53,282,301,10,11,7022.673879716981,224725.5641509434,39569.61760797342,4.495292693954839,104.9153239576506,52.66540398889382,33.423741019329164,32.0,0.17747641509433962,6.737588652482263,0.9689542282168891
1979,Rio de Janeiro,RJ,comercial,Engenharia Vale Verde,4648.0,15506471.73,194611.96,15253233.54,7747004.95,5458069.83,8007633.22,160,658,739,24,7,3281.6767512908777,95332.70962499999,20640.370148849797,1.2550370154384565,98.36688710101559,50.789263336749514,35.78303456566626,29.05,0.15899311531841653,12.310030395136785,0.45142441955104895
1980,Contagem,MG,comercial,Obras & Cia,2585.0,14347789.82,988533.37,15474104.19,7878260.91,5644074.42,7970649.92,62,407,400,13,18,5986.113806576403,249582.32564516127,38685.260474999995,6.88979544864841,107.85008969416307,50.91254920650757,36.47432090865352,41.693548387096776,0.15473887814313347,-1.7199017199017175,1.254548625664214
1981,Curitiba,PR,residencial_popular,Construtora Planalto,2674.0,5181151.22,226670.23,5421668.54,2655048.65,1897497.86,2791272.08,60,585,601,20,20,2027.5499401645475,90361.14233333334,9021.079101497504,4.3749008738640915,104.6421598171381,48.971061775753626,34.99841139310963,44.56666666666667,0.22475691847419596,2.7350427350427253,3.8601459696441753
1982,Campinas,SP,residencial_popular,Construtora Serrana,1965.0,3078857.61,226637.76,3243099.33,1655361.56,1146569.12,1699013.37,60,348,364,12,12,1650.4322290076336,54051.6555,8909.613543956044,7.361099105846601,105.3345019745814,51.04257969181598,35.35411664372303,32.75,0.1852417302798982,4.597701149425282,3.8975495199987504
1983,Contagem,MG,residencial_padrao,Obras & Cia,3112.0,11453303.5,295453.66,11533818.19,6286786.07,3327287.6,6574833.52,94,592,585,19,13,3706.2397782776347,122700.19351063829,19715.92852991453,2.5796370453293234,100.70298224438041,54.50741433960474,28.84810168834472,33.1063829787234,0.1879820051413882,-1.1824324324324342,1.1350437015835648
1984,Ribeirao Preto,SP,industrial,Engenharia Mineira,1874.0,10370210.7,158193.32,10784100.69,5994021.67,3804454.9,6390153.85,58,264,277,9,11,5754.589482390608,185932.77051724138,38931.77144404332,1.525459072880747,103.99114349720975,55.58202619118906,35.27836960505976,32.310344827586206,0.14781216648879403,4.924242424242431,1.060730617556305
1985,Rio de Janeiro,RJ,industrial,Beta Engenharia,5519.0,31002276.5,1680470.41,32069606.36,16656102.16,11858953.11,17052197.98,141,878,860,28,14,5810.76397173401,227444.01673758865,37290.23995348837,5.42047423517431,103.44274672861525,51.937345201639076,36.97879224607982,39.141843971631204,0.15582533067584708,-2.050113895216399,0.4515797412490015
1986,Goiania,GO,residencial_padrao,Alfa Construcoes,7661.0,23237214.42,1241216.76,24496379.24,13496581.65,8452324.92,13824244.6,208,1327,1297,43,19,3197.5433024409344,117771.05403846153,18886.953924441015,5.341504095825268,105.41874252757357,55.09623082566222,34.50438465697104,36.83173076923077,0.16929904712178567,-2.2607385079125852,0.8176539432216505
1987,Campinas,SP,residencial_popular,Beta Engenharia,2660.0,5679137.65,423744.19,6335918.09,3261683.0,2257778.92,3367224.82,87,377,451,15,14,2381.9240939849624,72826.64471264368,14048.598869179601,7.4614178439573475,111.56479170741704,51.479248211051285,35.6345976688597,30.57471264367816,0.16954887218045112,19.628647214854112,2.465162998822541
1988,Salvador,BA,comercial,Vertice Engenharia,7082.0,21393267.97,859744.81,21767590.25,9920828.26,7383220.44,10966894.91,223,1067,1222,40,14,3073.6501341428975,97612.51233183856,17813.08531096563,4.018763338100701,101.74971996108737,45.57614391882445,33.91840968708055,31.757847533632287,0.17255012708274498,14.526710402999065,0.6544114727881848
1989,Campinas,SP,comercial,Construtora Planalto,1264.0,5054338.21,237687.26,5301658.93,2993813.17,1876759.31,3340377.34,38,173,183,6,21,4194.350419303797,139517.34026315788,28970.81382513661,4.702638607161985,104.8932364579536,56.46936571229036,35.399472783512316,33.26315789473684,0.14477848101265822,5.780346820809257,4.154846614429468
1990,Salvador,BA,industrial,Construtora Atlantica,2448.0,14995285.45,1106394.42,16284664.0,9751506.08,5372202.64,9998365.13,69,410,424,14,11,6652.232026143791,236009.6231884058,38407.22641509434,7.378281818569849,108.5985595559303,59.88153074573722,32.98933671582048,35.47826086956522,0.17320261437908496,3.4146341463414664,0.7335638949107168
1991,Contagem,MG,residencial_padrao,Construtora Atlantica,2486.0,9550553.6,120809.13,9859498.47,5642673.65,3207016.4,5986967.52,55,400,448,14,17,3966.0090386162515,179263.60854545457,22007.80908482143,1.2649437410622983,103.2348372978086,57.23083853777402,32.527175796600126,45.2,0.18020917135961384,12.00000000000001,1.780001527869547
1992,Curitiba,PR,industrial,Construtora Serrana,3919.0,26206173.87,1529972.78,27941923.53,15162318.34,9451472.84,16509928.99,125,802,893,29,9,7129.860558816024,223535.38824,31289.947961926093,5.838215023641679,106.62343792959044,54.263688481291894,33.82541946280961,31.352,0.22786425108446032,11.34663341645885,0.3434305230762021
1993,Contagem,MG,industrial,Engenharia Vale Verde,4694.0,28834538.02,2269288.3,30690990.61,15180493.01,9650057.19,15815558.81,163,751,760,25,15,6538.344825308905,188288.28595092025,40382.882381578944,7.8700352279824735,106.43829489729416,49.46237546680479,31.442638371065595,28.79754601226994,0.16190881976991905,1.1984021304926706,0.5202094789795422
1994,Uberlandia,MG,comercial,Obras & Cia,3827.0,16300224.71,217605.42,16634780.4,7532966.94,6144817.55,7943500.58,101,769,788,26,10,4346.689417298145,164700.79603960397,21110.127411167512,1.3349841727427327,102.05246060071033,45.284438741373464,36.93957721257324,37.89108910891089,0.20590540893650378,2.4707412223667014,0.6134884750309678
1995,Sao Paulo,SP,residencial_padrao,Alfa Construcoes,1477.0,4109169.6,229228.86,4256484.13,2182999.07,1605552.55,2354214.64,38,221,227,7,14,2881.8443669600542,112012.74026315789,18751.03140969163,5.578471621127538,103.58501946475998,51.286437428817564,37.72015825652802,38.86842105263158,0.15368991198375084,2.714932126696823,3.4070144001844067
1996,Salvador,BA,comercial,Construtora Serrana,2289.0,9606598.02,174630.29,10128815.77,5732204.86,4090314.36,5897490.31,88,348,343,11,13,4424.9959676714725,115100.17920454545,29530.075131195335,1.8178161471567436,105.43603207829446,56.593040984889,40.382947551626756,26.011363636363637,0.14984709480122324,-1.4367816091954033,1.3532365956122312
1997,Uberlandia,MG,residencial_popular,Engenharia Vale Verde,1901.0,2707866.42,80273.18,4206338.05,2328622.09,1066766.4,2492340.95,70,293,310,10,14,2212.69755391899,60090.54357142857,13568.832419354838,2.9644438664740336,155.33772341694757,55.35984179873512,25.360928848788078,27.15714285714286,0.16307206733298263,5.802047781569963,5.1701220919161885
1998,Curitiba,PR,residencial_padrao,Construtora Atlantica,2109.0,6575739.92,472723.09,6899619.39,3510557.26,2402094.07,3567017.57,79,368,429,14,14,3271.5122759601704,87336.95430379747,16083.02888111888,7.1888957858905105,104.92536921989458,50.880448059034165,34.81487795517369,26.696202531645568,0.2034139402560455,16.576086956521728,2.1290379744824213
1999,Uberlandia,MG,industrial,Construtora Planalto,1028.0,6573353.71,337359.5,6772862.14,3773852.46,2405068.06,3842594.55,28,147,151,5,11,6588.387295719844,241887.93357142856,44853.39165562914,5.132228005420996,103.03510869491915,55.720201917471776,35.510364898701454,36.714285714285715,0.14688715953307394,2.7210884353741527,1.6734228044454342
2000,Belo Horizonte,MG,comercial,Estrutural Engenharia,1615.0,7921560.11,345437.48,8327031.64,4391899.23,2772814.03,4812172.57,57,252,299,9,17,5156.056743034055,146088.2743859649,27849.604147157188,4.360725352117538,105.11858174866515,52.74267493956587,33.29894913189017,28.333333333333332,0.1851393188854489,18.650793650793652,2.1460419114335294
2001,Uberlandia,MG,industrial,Vertice Engenharia,1571.0,8363276.88,738262.37,9163232.04,4573663.6,2967212.84,4691003.34,46,207,201,6,11,5832.738408656905,199200.6965217391,45588.219104477605,8.827429494358675,109.56509238517522,49.91321380965488,32.381727615838045,34.15217391304348,0.1279439847231063,-2.898550724637683,1.3152739240650373
2002,Sao Paulo,SP,residencial_popular,Beta Engenharia,2920.0,4601754.62,68155.7,4559021.86,2561421.02,1962801.6,2731821.94,84,534,503,16,17,1561.3088561643838,54274.069761904764,9063.661749502982,1.4810807100357732,99.0713811680815,56.18356521764956,43.05312982201844,34.76190476190476,0.17226027397260274,-5.805243445692887,3.6942430450583212
2003,Goiania,GO,industrial,Delta Obras,2361.0,16744213.38,214727.82,17353114.85,9749810.79,5981374.42,9958003.0,68,353,356,11,16,7349.900402371877,255192.8654411765,48744.70463483146,1.2824001649219308,103.6364889540126,56.18478800075479,34.468592363405,34.720588235294116,0.15078356628547226,0.8498583569405138,0.955553995693287
2004,Belo Horizonte,MG,industrial,Construtora Atlantica,3486.0,17144497.71,1315010.18,18975326.11,9480807.24,6031715.24,9935080.99,76,638,695,23,16,5443.294925415949,249675.34355263156,27302.627496402878,7.670158684398108,110.67881037385025,49.963869843605025,31.787149296060242,45.86842105263158,0.1993689041881813,8.934169278996862,0.933244022113728
2005,Rio de Janeiro,RJ,residencial_padrao,Estrutural Engenharia,3231.0,9688070.79,143476.19,9341560.8,5128727.54,3521514.38,5393999.55,79,499,521,17,12,2891.2289693593316,118247.60506329115,17930.059117082536,1.4809572835501548,96.42333342198877,54.90225509210409,37.69728052297213,40.89873417721519,0.1612503868771278,4.4088176352705455,1.2386366966255415
2006,Rio de Janeiro,RJ,residencial_popular,Engenharia Mineira,2608.0,4789591.19,103273.01,4970414.19,2561780.5,1525017.27,2673995.29,66,447,488,16,14,1905.833661809816,75309.30590909091,10185.274979508198,2.1561967588302666,103.77533265005023,51.54058398501393,30.68189514403426,39.515151515151516,0.18711656441717792,9.172259507829983,2.923005209553177
2007,Goiania,GO,residencial_popular,Alfa Construcoes,1341.0,2951602.06,249587.95,3277416.65,1766896.74,1135707.34,1842461.51,36,210,238,7,20,2444.009433258762,91039.35138888888,13770.65819327731,8.456016255795674,111.03856764485384,53.911263921845276,34.6525163347785,37.25,0.17747949291573453,13.33333333333333,6.775981176812162
2008,Uberlandia,MG,industrial,Construtora Serrana,3123.0,21766361.63,1122135.55,22511383.12,12544453.98,8218796.94,13159559.44,84,466,488,16,3,7208.255882164585,267992.6561904762,46129.88344262295,5.15536573854121,103.42281132080961,55.724936638189114,36.50951563566122,37.17857142857143,0.15626000640409862,4.7210300429184615,0.13782735263688625
2009,Salvador,BA,comercial,Engenharia Mineira,2569.0,10079995.18,224277.63,10200267.9,5380540.2,3344562.95,5539460.98,68,336,374,12,19,3970.5207862981706,150003.93970588237,27273.443582887703,2.224977552022996,101.19318231658123,52.74900868044848,32.78897165044067,37.779411764705884,0.14558193849746984,11.309523809523814,1.8849215362422427
2010,Uberlandia,MG,industrial,Alfa Construcoes,2791.0,17008908.93,64717.25,16735794.83,8919689.91,6286576.38,9657426.6,78,553,567,18,9,5996.343543532784,214561.47217948717,29516.392998236333,0.3804903081458265,98.39428795154352,53.29707970613309,37.56365588762419,35.782051282051285,0.20315299175922608,2.5316455696202445,0.5291344692972025
2011,Rio de Janeiro,RJ,residencial_popular,Construtora Atlantica,3387.0,5867375.95,89406.51,6031284.16,3379174.61,1893546.34,3522458.61,91,466,479,15,17,1780.7157248302333,66277.84791208792,12591.407432150314,1.5237903751505815,102.79355220113347,56.02744822422693,31.3954091660639,37.21978021978022,0.14142308827871272,2.7896995708154515,2.897376978204371
2012,Uberlandia,MG,residencial_popular,Engenharia Mineira,5293.0,11118176.52,764370.24,12045967.01,7762487.27,3993738.05,8645255.39,136,748,766,25,18,2275.829777064047,88573.28683823529,15725.80549608355,6.874960463390808,108.3448080567082,64.44054897009053,33.15415065211938,38.919117647058826,0.1447194407708294,2.406417112299475,1.6189705180180034
2013,Curitiba,PR,comercial,Obras & Cia,1731.0,7591597.54,90413.97,7640912.83,3953100.16,2624401.17,4497478.82,39,357,390,13,18,4414.161080300404,195920.84179487178,19592.08417948718,1.1909742254329252,100.64960358791623,51.73596725877058,34.34669689851703,44.38461538461539,0.22530329289428075,9.243697478991585,2.3710424459619075
2014,Uberlandia,MG,industrial,Engenharia Vale Verde,3422.0,16384706.29,512929.18,16984977.68,9409271.71,5583694.53,9655500.27,99,510,532,17,21,4963.465131502046,171565.4311111111,31926.64977443609,3.130536311859637,103.66360787539024,55.39761009565248,32.87431184896323,34.56565656565657,0.1554646405610754,4.313725490196085,1.2816830297908257
2015,Goiania,GO,industrial,Beta Engenharia,3283.0,18651163.3,1723677.27,19897098.72,12477389.23,5954836.1,13743400.13,92,509,588,19,18,6060.64536095035,216272.81217391303,33838.60326530612,9.241660920957138,106.68020219414409,62.70959100915594,29.928162813075694,35.68478260869565,0.1791044776119403,15.520628683693527,0.965087255442131
2016,Ribeirao Preto,SP,comercial,Construtora Serrana,7584.0,29417545.76,2918775.17,32710486.91,17423924.15,10572072.5,18178404.25,300,1338,1376,45,10,4313.09162842827,109034.95636666667,23772.156184593023,9.92188537348603,111.19379970329652,53.267088924540865,32.32013185584219,25.28,0.18143459915611815,2.84005979073243,0.339933184147446
2017,Belo Horizonte,MG,comercial,Estrutural Engenharia,2672.0,10834809.88,289261.89,13831618.49,6216346.26,8630131.63,6550596.74,221,525,539,17,17,5176.503925898203,62586.50900452489,25661.629851576996,2.669745876519247,127.65907886885782,44.94301418517509,62.39422838505432,12.09049773755656,0.20172155688622753,2.6666666666666616,1.5690169175354276
2018,Sao Paulo,SP,industrial,Engenharia Vale Verde,4181.0,21398525.46,1808645.47,23032243.42,14047426.19,8174086.73,14633752.07,97,724,889,29,12,5508.788189428366,237445.80845360828,25908.035343082116,8.452196733746344,107.63472213566251,60.990264534118054,35.489754866441054,43.103092783505154,0.21262855776130113,22.790055248618792,0.5607863038241327
2019,Rio de Janeiro,RJ,residencial_padrao,Construtora Serrana,2743.0,8470142.84,702072.35,9888191.17,5564530.76,3598584.57,5765653.06,85,402,368,12,10,3604.881943127962,116331.66082352941,26870.084701086955,8.288789968033171,116.74172864362227,56.27450627049315,36.39274876600105,32.27058823529412,0.13415967918337587,-8.457711442786064,1.1806176340705017
2020,Sao Paulo,SP,industrial,Beta Engenharia,2472.0,15757853.98,989088.09,17398193.01,8466153.48,6473500.45,8838943.89,62,462,486,16,14,7038.103968446602,280616.0162903226,35798.75104938272,6.27679436080166,110.4096600468689,48.66110793881806,37.20788961404906,39.87096774193548,0.1966019417475728,5.1948051948051965,0.8884458516857001
2021,Contagem,MG,comercial,Construtora Serrana,1572.0,6435315.34,248162.0,6531713.17,3506204.41,1916574.99,3642527.4,39,239,249,8,15,4155.033823155216,167479.82487179487,26231.779799196785,3.8562523650938916,101.49795037083607,53.679705748622155,29.342607982279173,40.30769230769231,0.15839694656488548,4.184100418410042,2.3308881084295088
2022,Campinas,SP,industrial,Vertice Engenharia,8382.0,51535396.51,1195377.95,51654778.16,25825159.16,16979508.63,26946365.99,180,1451,1423,47,11,6162.583889286566,286970.98977777775,36299.914378074485,2.3195279961958715,100.23164981369035,49.995683032471675,32.871128741287386,46.56666666666667,0.16976855165831545,-1.9297036526533473,0.2134455295762699
2023,Ribeirao Preto,SP,comercial,Engenharia Vale Verde,4908.0,20418091.14,750050.58,20451434.88,12656365.43,7580615.5,13314038.79,110,648,678,22,14,4166.959022004889,185922.13527272726,30164.358230088495,3.673460828718781,100.16330488374928,61.884975329418054,37.06642367383858,44.61818181818182,0.13814180929095354,4.629629629629628,0.6856664466823414
2024,Rio de Janeiro,RJ,industrial,Construtora Atlantica,1418.0,6605968.91,653759.35,7495888.02,3654574.56,3062061.78,3757226.67,32,248,229,7,20,5286.239788434415,234246.500625,32733.13545851528,9.896494502272793,113.4714395741835,48.7543910774697,40.84988692240362,44.3125,0.1614950634696756,-7.6612903225806495,3.027564960186892
2025,Rio de Janeiro,RJ,industrial,Vertice Engenharia,1895.0,10804367.06,897639.18,11659694.12,6463121.96,3957982.37,6433606.55,59,288,297,9,13,6152.872886543535,197621.9342372881,39258.22936026936,8.308114441272972,107.91649390704798,55.43131658071319,33.945850802473714,32.11864406779661,0.15672823218997362,3.125,1.2032171739267066
2026,Sao Paulo,SP,residencial_padrao,Vertice Engenharia,6030.0,16203214.41,567122.15,16794010.52,9401159.9,5508927.71,9772004.44,172,1079,1161,38,16,2785.0763714759537,97639.59604651162,14465.125340223945,3.5000595292375696,103.64616609427438,55.97924265204045,32.80293116072194,35.05813953488372,0.1925373134328358,7.599629286376275,0.987458389128358
2027,Salvador,BA,industrial,Alfa Construcoes,3426.0,14659791.0,720814.84,15286536.22,9637809.72,6024847.87,9973610.08,88,620,651,21,17,4461.919503794513,173710.63886363638,23481.622457757298,4.916951680961891,104.27526708941485,63.047701462875935,39.412773327403265,38.93181818181818,0.19001751313485113,5.000000000000004,1.1596345404924258
2028,Curitiba,PR,residencial_popular,Delta Obras,3095.0,7492549.24,620418.25,7721792.5,3810025.3,3044086.83,3991765.08,86,556,563,18,11,2494.9248788368336,89788.28488372093,13715.439609236235,8.28046943873004,103.05961632892786,49.34120283599954,39.422023189563824,35.98837209302326,0.18190630048465267,1.2589928057553879,1.4681251530887502
2029,Ribeirao Preto,SP,residencial_padrao,Estrutural Engenharia,2839.0,9640541.12,161610.45,9676915.73,4757663.12,2938163.33,5427539.94,66,401,399,13,15,3408.5648925678056,146619.9353030303,24252.921629072684,1.6763628513001976,100.37730879986124,49.165077517937625,30.362601183879484,43.015151515151516,0.14054244452271927,-0.4987531172069848,1.5559292588754603
2030,Campinas,SP,industrial,Construtora Serrana,2221.0,15976911.12,167361.38,15674450.92,8423565.26,5838320.65,8700455.08,62,351,379,12,16,7057.384475461504,252813.72451612903,41357.39029023747,1.0475202543406277,98.10689189087759,53.74073581902542,37.2473694919069,35.82258064516129,0.17064385411976588,7.9772079772079785,1.0014451404171048
2031,Goiania,GO,residencial_popular,Vertice Engenharia,2263.0,3432037.6,212831.24,3632321.52,2116373.53,1120903.65,2239523.61,58,499,513,17,21,1605.09125939019,62626.23310344828,7080.548771929824,6.201308517132795,105.83571462037595,58.2650384429625,30.859152853847583,39.01724137931034,0.2266902342023862,2.8056112224448926,6.1188140829226345
2032,Salvador,BA,comercial,Construtora Horizonte,4143.0,16474988.52,1360488.47,17466238.87,9569380.28,5831518.09,10048755.82,128,711,679,22,16,4215.843318851074,136454.991171875,25723.4740353461,8.25790238547614,106.01669827445805,54.78787019474674,33.38737167975076,32.3671875,0.16389090031378228,-4.500703234880454,0.9711691137494037
2033,Curitiba,PR,residencial_popular,Engenharia Mineira,1328.0,2720048.33,211273.25,2945546.91,1710132.89,1059947.01,1855419.1,39,194,205,6,17,2218.032311746988,75526.84384615385,14368.521512195122,7.767260885397577,108.29024166640451,58.05824664323542,35.9847268567181,34.05128205128205,0.15436746987951808,5.670103092783507,6.249888949583481
2034,Belo Horizonte,MG,residencial_popular,Obras & Cia,4276.0,7223291.28,206065.54,7418267.58,3854501.73,2362230.35,3801149.36,156,563,561,18,22,1734.8614546304957,47552.997307692305,13223.293368983957,2.8527928891717074,102.69927229073336,51.95959418330931,31.843423340089334,27.41025641025641,0.1311973807296539,-0.3552397868561319,3.0457030108856413
2035,Uberlandia,MG,residencial_popular,Delta Obras,2908.0,4143460.08,207295.67,4597728.63,2815214.39,1647031.27,2858962.68,96,546,629,20,21,1581.0621148555708,47893.0065625,7309.584467408585,5.002960472591304,110.96350733998142,61.23054700598979,35.822716009230845,30.291666666666668,0.21629986244841815,15.201465201465192,5.068227904828759
2036,Contagem,MG,residencial_popular,Construtora Planalto,6466.0,10056935.87,757456.62,10964593.37,5652116.04,3628431.45,5813698.01,153,858,908,30,13,1695.7304933498297,71664.00895424836,12075.543359030837,7.531683902444931,109.02518929953165,51.54879756384436,33.09225730091986,42.26143790849673,0.14042684812867307,5.827505827505819,1.2926402403319692
2037,Salvador,BA,residencial_popular,Estrutural Engenharia,2984.0,4960734.57,128718.97,5152547.42,2750365.31,1774085.75,2872581.55,89,528,586,19,7,1726.7250067024129,57893.791235955054,8792.743037542661,2.5947562439326397,103.86662191442343,53.37874813775125,34.431235763377025,33.52808988764045,0.19638069705093833,10.984848484848486,1.411081343140679
2038,Campinas,SP,comercial,Construtora Planalto,4044.0,20250550.19,1896286.39,21539332.09,10957257.01,7379115.82,11734960.83,126,623,536,17,13,5326.244334817013,170947.08007936509,40185.321063432835,9.36412281250715,106.36418214768513,50.870922850421586,34.25879590493839,32.095238095238095,0.13254203758654798,-13.96468699839486,0.6419578667259903
2039,Belo Horizonte,MG,residencial_padrao,Construtora Serrana,2737.0,7737185.24,139021.69,7160726.96,3648590.32,2733372.94,3767249.47,83,661,607,20,19,2616.268527584947,86273.81879518072,11796.914266886326,1.7967992970011921,92.54950912872289,50.95279208914286,38.17172411779823,32.975903614457835,0.2217756667884545,-8.16944024205749,2.4556734019722137
2040,Rio de Janeiro,RJ,residencial_padrao,Beta Engenharia,2175.0,6931447.57,216815.77,6718478.89,3652377.32,2466879.37,3899846.77,55,457,481,16,13,3088.955811494253,122154.16163636363,13967.73158004158,3.1280012985801173,96.9275006721287,54.36315838450153,36.71782572200655,39.54545454545455,0.22114942528735632,5.251641137855589,1.8755101107978227
2041,Contagem,MG,residencial_popular,Estrutural Engenharia,2681.0,4383134.61,108410.35,4648097.18,2617806.5,1419860.32,2785853.84,81,473,467,15,17,1733.7177098097723,57383.915802469135,9953.098886509635,2.47335205614413,106.04504751908588,56.31996059084118,30.54713068628225,33.098765432098766,0.1741887355464379,-1.2684989429175508,3.878502832474041
2042,Contagem,MG,industrial,Engenharia Mineira,5249.0,30648946.33,1939869.08,33265812.97,17407884.56,11175829.66,18437934.47,192,849,840,28,18,6337.552480472471,173259.44255208332,39602.15829761905,6.329317357645032,108.53819446784226,52.32965319590684,33.59554047297345,27.338541666666668,0.16003048199657077,-1.0600706713780883,0.5872958830686171
2043,Goiania,GO,residencial_padrao,Vertice Engenharia,3668.0,9085154.05,281681.61,9637127.17,4846601.24,3362336.65,4752294.18,134,527,568,18,13,2627.3520092693566,71918.85947761194,16966.773186619717,3.1004604704528917,106.07555047456789,50.29093374514431,34.88940833391535,27.37313432835821,0.15485278080697928,7.779886148007598,1.430905841381963
2044,Salvador,BA,residencial_popular,Vertice Engenharia,3295.0,5647932.88,109723.16,5725741.86,3162606.76,1765503.28,3286514.6,91,577,583,19,16,1737.7061790591806,62920.24021978022,9821.169571183535,1.9427135968372204,101.37765411971398,55.234882000076745,30.834489628912472,36.20879120879121,0.17693474962063732,1.0398613518197486,2.8328948555068525
2045,Goiania,GO,comercial,Vertice Engenharia,3205.0,16989481.93,349582.64,28859298.05,15168770.36,6154950.77,15834934.11,84,483,511,17,18,9004.461170046801,343563.07202380954,56476.12142857143,2.0576415539941073,169.86567435608674,52.56112027991616,21.32744448370254,38.154761904761905,0.1594383775351014,5.797101449275366,1.0594790396884104
2046,Uberlandia,MG,residencial_padrao,Construtora Horizonte,4954.0,17363142.6,1320237.11,19083198.43,9813340.55,6792681.04,10392477.93,174,776,737,24,13,3852.078811061768,109673.55419540229,25893.07792401628,7.6036760188792085,109.90636240008764,51.42398212750755,35.59508677183524,28.471264367816094,0.1487686717803795,-5.025773195876293,0.7487123903480468
2047,Campinas,SP,residencial_padrao,Beta Engenharia,2069.0,6697661.94,174372.76,6702945.2,3838903.93,2192367.85,4294348.54,60,408,396,13,19,3239.70285161914,111715.75333333334,16926.629292929294,2.6034870311773304,100.07888215391176,57.27189788154617,32.707530564325666,34.483333333333334,0.19139681005316578,-2.941176470588236,2.836810840888753
2048,Belo Horizonte,MG,residencial_padrao,Engenharia Vale Verde,4568.0,13763346.32,1166952.03,15349346.75,8610654.15,6475539.76,8595652.02,147,788,969,32,22,3360.1897438704027,104417.32482993197,15840.399122807017,8.478694082588484,111.5233635274826,56.09785413180531,42.18772215827361,31.07482993197279,0.2121278458844133,22.969543147208114,1.5984484796427036
2049,Uberlandia,MG,residencial_popular,Estrutural Engenharia,2004.0,3267765.12,27626.5,3217940.67,1962004.76,1102746.39,2053542.2,51,429,452,15,10,1605.7588173652694,63096.87588235294,7119.337765486725,0.8454249000613605,98.47527444077743,60.970818333950206,34.26869862084809,39.294117647058826,0.22554890219560877,5.3613053613053685,3.060195464721773
2050,Campinas,SP,industrial,Beta Engenharia,2167.0,13441952.2,36754.21,13389819.49,7562936.58,4337519.06,8095727.13,63,386,380,12,14,6178.966077526535,212536.81730158732,35236.36707894737,0.2734291080130459,99.61216414681195,56.48273739349715,32.394156345717846,34.3968253968254,0.1753576372865713,-1.5544041450777257,1.0415153834574713
2051,Campinas,SP,residencial_padrao,Construtora Atlantica,2888.0,7754333.16,171761.91,7813878.58,4386323.56,2592880.76,4774176.32,90,405,391,13,13,2705.6366274238226,86820.87311111111,19984.344194373403,2.215044239858273,100.76789865448599,56.13503607833128,33.18301831099095,32.08888888888889,0.13538781163434904,-3.4567901234567877,1.6764820045467328
2052,Goiania,GO,residencial_popular,Engenharia Mineira,9281.0,16081326.87,629143.56,17665548.65,8646280.39,5314989.44,8872248.81,237,1969,2161,72,17,1903.4100474086842,74538.1799578059,8174.710157334566,3.912261501093411,109.8513125988092,48.94430714440336,30.086749895537494,39.16033755274262,0.23284128865423984,9.751142712036565,1.0571266996452764
2053,Campinas,SP,industrial,Engenharia Vale Verde,5028.0,31815400.13,748193.19,33090052.78,17590579.33,10445266.51,18169644.17,144,818,2236,74,14,6581.15608194113,229792.03319444446,14798.771368515207,2.3516699049605823,104.00640144330005,53.15971977122969,31.566182681682626,34.916666666666664,0.4447096260938743,173.34963325183375,0.4400384701369462
2054,Sao Paulo,SP,comercial,Estrutural Engenharia,6724.0,31131834.06,1406377.17,30763499.7,17765319.29,9965139.83,19115574.32,160,1411,1544,51,20,4575.178420582986,192271.87312499998,19924.546437823832,4.517488970580746,98.81685621447772,57.74804382870652,32.39273791076507,42.025,0.2296252230814991,9.42593905031892,0.6424292241007789
2055,Ribeirao Preto,SP,industrial,Obras & Cia,1045.0,5467140.25,180860.1,5736697.58,3250028.86,1543534.46,3383198.96,26,170,180,6,13,5489.662755980861,220642.2146153846,31870.54211111111,3.3081298764925595,104.93049963369789,56.653306448132476,26.906324387418728,40.19230769230769,0.1722488038277512,5.882352941176472,2.377842785357482
2056,Salvador,BA,residencial_popular,Vertice Engenharia,3060.0,5978669.71,247235.58,6241942.24,3706442.42,2114472.04,3731198.72,81,501,545,18,9,2039.8504052287583,77061.01530864197,11453.105027522935,4.1352941706492095,104.40353026292199,59.37963341358955,33.87522599055642,37.77777777777778,0.1781045751633987,8.782435129740529,1.5053515976884428
2057,Belo Horizonte,MG,residencial_popular,Delta Obras,4252.0,7347459.3,497856.75,8098834.32,4097436.84,3384024.58,4226931.63,97,726,854,28,12,1904.711740357479,83493.13731958764,9483.41255269321,6.775903474552081,110.2263243567746,50.59292088345869,41.7840944300241,43.83505154639175,0.20084666039510818,17.63085399449036,1.6332176212258842
2058,Uberlandia,MG,industrial,Beta Engenharia,4151.0,29018336.13,1877689.46,30974632.84,18582783.17,10185770.59,19831104.52,122,673,711,23,11,7461.968884606119,253890.4331147541,43564.88444444445,6.470699944986818,106.74158815045746,59.99355429324922,32.88423350363755,34.02459016393443,0.17128402794507347,5.646359583952454,0.37907066589623933
2059,Uberlandia,MG,residencial_padrao,Construtora Serrana,3205.0,10107846.31,1002641.56,11447120.84,6428694.13,3744417.5,6591207.06,71,617,653,21,16,3571.6445678627147,161227.05408450705,17530.047228177642,9.919438120146882,113.2498505510023,56.159921956410486,32.71056147949252,45.140845070422536,0.20374414976599065,5.834683954619124,1.5829286980917696
2060,Belo Horizonte,MG,residencial_padrao,Construtora Atlantica,2013.0,5946548.44,336858.19,6533684.84,3591141.61,2184119.15,3782221.73,52,351,393,13,9,3245.745076999503,125647.78538461539,16625.152264631044,5.664768283633118,109.87356625316585,54.96349606602696,33.428596626341104,38.71153846153846,0.19523099850968703,11.965811965811968,1.5134830046049366
2061,Curitiba,PR,comercial,Construtora Serrana,2968.0,13256249.54,266420.69,13024555.86,6295199.25,4260549.73,6720944.81,98,623,608,20,13,4388.327446091644,132903.6312244898,21421.966875,2.009774251730026,98.25219282949618,48.333312227047415,32.71166998549769,30.285714285714285,0.20485175202156333,-2.4077046548956704,0.9806695295508145
2062,Contagem,MG,comercial,Vertice Engenharia,4996.0,26850892.62,284462.51,25812582.02,13313217.16,9575294.87,13797539.53,127,810,952,31,19,5166.649723779023,203248.67732283464,27114.056743697478,1.0594154690712847,96.13304997083556,51.57646433698383,37.09545547431446,39.338582677165356,0.19055244195356286,17.53086419753087,0.7076114849845911
2063,Uberlandia,MG,residencial_padrao,Obras & Cia,2426.0,7656801.99,690242.04,7969951.59,4852670.56,2967704.08,5045075.0,58,441,398,13,19,3285.223244023083,137412.95844827587,20025.003994974875,9.014756302977087,104.08982236198587,60.8870769816056,37.236161932572045,41.827586206896555,0.1640560593569662,-9.75056689342404,2.481453748551228
2064,Sao Paulo,SP,residencial_popular,Beta Engenharia,3305.0,6267490.74,38056.1,6415424.42,3669595.19,2093208.3,3885467.59,120,455,426,14,13,1941.1269046898637,53461.87016666667,15059.681737089202,0.6071983442611356,102.36033344342843,57.19957012602449,32.62774468162155,27.541666666666668,0.12889561270801816,-6.373626373626373,2.074195326214395
2065,Rio de Janeiro,RJ,residencial_padrao,Construtora Horizonte,2069.0,6633302.53,443391.09,7319618.03,4092223.07,2460216.64,4280434.81,50,307,294,9,12,3537.7564185596907,146392.3606,24896.659965986397,6.684318829040352,110.3465128704148,55.9076041021228,33.6112708329399,41.38,0.14209763170613823,-4.234527687296419,1.809053626866616
2066,Rio de Janeiro,RJ,residencial_popular,Construtora Serrana,1763.0,3503577.54,345142.96,3999262.44,2284290.59,1263935.97,2362248.17,54,287,296,9,10,2268.4415428247307,74060.41555555555,13511.021756756756,9.851158025176746,114.14796431193015,57.11779670053361,31.604226753371055,32.648148148148145,0.16789563244469655,3.1358885017421567,2.854225398419468
2067,Campinas,SP,comercial,Delta Obras,3923.0,18439535.05,955508.94,19552569.68,10269854.93,6951325.09,11565450.19,95,679,684,22,3,4984.086076981902,205816.52294736842,28585.6281871345,5.181849419787837,106.0361317515975,52.52432339113393,35.55197707394131,41.294736842105266,0.17435635992862605,0.7363770250368162,0.1626939069702845
2068,Rio de Janeiro,RJ,industrial,Alfa Construcoes,2271.0,10699732.67,213535.27,11058762.93,6042799.69,4100011.59,6360610.43,57,360,401,13,6,4869.556552179656,194013.3847368421,27577.96241895262,1.995706589929223,103.35550682501304,54.64263704945884,37.0747760482103,39.8421052631579,0.17657419638925584,11.388888888888893,0.5607616736839464
2069,Contagem,MG,residencial_popular,Obras & Cia,2484.0,5141612.22,510927.55,5624689.29,2955981.2,1638758.53,3180360.61,77,296,293,9,23,2264.3676690821258,73047.91285714286,19196.89177474403,9.93710782023931,109.3954395884021,52.55367981401867,29.135094322694577,32.25974025974026,0.1179549114331723,-1.0135135135135087,4.473305067724458
2070,Curitiba,PR,industrial,Engenharia Mineira,3348.0,22412323.8,368634.45,23353659.72,13606736.28,8591581.49,14280348.63,114,563,599,19,7,6975.406129032258,204856.6642105263,38987.74577629382,1.6447845983735074,104.20008174252773,58.263828638160874,36.78901548198117,29.36842105263158,0.17891278375149344,6.394316163410307,0.31232816652416917
2071,Ribeirao Preto,SP,residencial_padrao,Engenharia Vale Verde,2840.0,7430911.88,301962.27,7660530.09,4804713.44,2731772.23,5194286.13,82,630,695,23,12,2697.36975,93421.09865853659,11022.34545323741,4.06359643172084,103.09004081474858,62.72037814030701,35.660355065585286,34.63414634146341,0.24471830985915494,10.317460317460325,1.614875831362974
2072,Contagem,MG,residencial_padrao,Construtora Horizonte,3091.0,11372809.84,210934.66,12134964.92,7512979.8,3502439.36,7619599.38,119,475,472,15,13,3925.9025946295696,101974.49512605042,25709.671440677965,1.8547277494969527,106.7015547672254,61.91183781353692,28.86237729643144,25.974789915966387,0.15270139113555484,-0.6315789473684164,1.1430772327061085
2073,Salvador,BA,residencial_popular,Estrutural Engenharia,3609.0,5156069.08,477952.34,5634240.51,3368993.2,1967691.33,3457429.97,148,533,528,17,10,1561.163898586866,38069.192635135136,10670.910056818182,9.269703966029875,109.27395313330442,59.7949837963165,34.92380785853248,24.385135135135137,0.14630091438071488,-0.9380863039399667,1.9394619902959096
2074,Campinas,SP,comercial,Construtora Planalto,1843.0,7985361.25,141506.01,8172144.0,4414118.94,3405003.63,4409116.45,51,300,290,9,15,4434.1530113944655,160238.11764705883,28179.806896551723,1.772067732064094,102.3390644975517,54.01420900072246,41.665976884401445,36.13725490196079,0.15735214324470972,-3.3333333333333326,1.87843724665556
2075,Uberlandia,MG,residencial_padrao,Beta Engenharia,3128.0,11958369.96,132367.77,11785241.03,7177238.21,4447287.87,7652481.56,75,700,779,25,19,3767.6601758312017,157136.54706666665,15128.679114249037,1.1069047908934235,98.55223637854401,60.90022420186344,37.73607903885187,41.70666666666666,0.24904092071611253,11.285714285714278,1.588845307809828
2076,Sao Paulo,SP,residencial_padrao,Engenharia Mineira,3288.0,7277178.92,562593.75,9536012.6,4576198.86,6218487.01,4722922.49,212,486,478,15,14,2900.2471411192214,44981.191509433964,19949.817154811713,7.730931947458562,131.03996349178672,47.98859913419158,65.21055781742571,15.50943396226415,0.14537712895377128,-1.6460905349794275,1.9238224254076743
2077,Uberlandia,MG,residencial_popular,Construtora Planalto,2485.0,4265254.37,107766.8,4233198.38,1950189.56,1511988.59,1931337.08,82,542,497,16,16,1703.5003541247484,51624.370487804874,8517.501770623741,2.526620704218398,99.24843896238713,46.06893854098092,35.717404531369965,30.304878048780488,0.2,-8.302583025830257,3.751241687374439
2078,Belo Horizonte,MG,industrial,Engenharia Vale Verde,1544.0,8352632.11,362765.46,8701778.73,5072327.41,3297563.07,5287563.53,59,286,298,9,11,5635.867053108808,147487.77508474578,29200.599765100673,4.34312747434054,104.18007899069315,58.29069627469141,37.895276038580676,26.16949152542373,0.19300518134715025,4.195804195804187,1.316950136811425
2079,Rio de Janeiro,RJ,industrial,Construtora Planalto,3087.0,25274111.11,1398125.14,26669991.1,13268815.7,10329341.74,14280460.61,79,435,441,14,13,8639.45289925494,337594.82405063295,60476.170294784584,5.531846931886024,105.52296373124554,49.7518564976199,38.73020317580833,39.075949367088604,0.14285714285714285,1.379310344827589,0.5143603248169784
2080,Belo Horizonte,MG,industrial,Engenharia Mineira,983.0,6300380.12,268348.99,6745724.53,3820290.11,2008766.92,4042114.89,27,156,170,5,20,6862.385076297051,249841.64925925925,39680.73252941177,4.259250789458716,107.06853239832775,56.632761877692616,29.778371634751586,36.407407407407405,0.17293997965412003,8.974358974358964,3.174411641689962
2081,Belo Horizonte,MG,residencial_padrao,Construtora Planalto,3015.0,11205504.98,393916.84,11917850.57,6653119.17,4325892.73,7036879.82,85,389,385,12,19,3952.852593698176,140210.00670588235,30955.45602597403,3.5153867737605524,106.35710386342625,55.824824543004816,36.297591621842265,35.470588235294116,0.12769485903814262,-1.0282776349614386,1.6955951591572092
2082,Uberlandia,MG,residencial_padrao,Beta Engenharia,2713.0,8014068.72,578122.19,8615724.98,4386428.64,3395717.73,4749203.92,63,438,458,15,17,3175.718754146701,136757.53936507937,18811.626593886464,7.213841186028662,107.50750063445926,50.91189250100692,39.413023719798446,43.06349206349206,0.16881680796166607,4.566210045662111,2.121269556570511
2083,Rio de Janeiro,RJ,comercial,Construtora Atlantica,3181.0,13923318.02,346472.07,14324352.99,7625731.53,4909291.46,8090241.9,76,597,610,20,11,4503.097450487268,188478.3288157895,23482.5458852459,2.488430340399565,102.88031178648609,53.23613244747328,34.27234349381948,41.85526315789474,0.191763596353348,2.1775544388609624,0.7900415679796416
2084,Ribeirao Preto,SP,residencial_popular,Obras & Cia,2702.0,5259356.3,162114.49,5249579.21,3159020.45,1986085.74,3231565.56,65,431,447,14,16,1942.8494485566248,80762.75707692308,11744.025078299775,3.0824017380225786,99.81410101460514,60.17664128169237,37.83323692338381,41.56923076923077,0.16543301258327164,3.7122969837587005,3.0421973883001616
2085,Curitiba,PR,comercial,Engenharia Mineira,3915.0,18130838.19,1461904.89,18401997.98,10509147.37,6234419.18,11279871.41,104,684,774,25,15,4700.382625798212,176942.28826923078,23775.19118863049,8.063084975333949,101.4955722794413,57.10873015757172,33.879034150399356,37.64423076923077,0.19770114942528735,13.157894736842103,0.8273197213945241
2086,Campinas,SP,residencial_padrao,Construtora Horizonte,6917.0,19914250.32,850876.02,19994323.72,11578097.9,6648823.03,11993739.26,213,1143,1085,36,6,2890.606291744976,93870.06441314553,18427.94812903226,4.272699229583652,100.40209095855133,57.906924295812104,33.253552973883735,32.47417840375587,0.1568599103657655,-5.074365704286965,0.3012917837019536
2087,Belo Horizonte,MG,residencial_popular,Obras & Cia,1036.0,2086021.69,24800.98,2100423.25,1264412.2,733619.68,1388295.81,31,252,262,8,21,2027.4355694980695,67755.58870967742,8016.882633587787,1.1889128535379707,100.69038400075311,60.19797200397586,34.927230975947346,33.41935483870968,0.2528957528957529,3.9682539682539764,10.067009418296125
2088,Uberlandia,MG,comercial,Construtora Horizonte,3514.0,18201772.88,924764.02,20633549.31,10921405.36,7842302.89,11717118.39,111,620,701,23,15,5871.8125526465565,185887.83162162162,29434.449800285303,5.080626080199722,113.3601075347557,52.930328155936635,38.00753216122273,31.65765765765766,0.19948776323278317,13.064516129032256,0.8240955482134331
2089,Goiania,GO,comercial,Construtora Atlantica,1316.0,6526305.96,583747.66,7096421.51,4005473.46,2396628.09,4134621.64,38,233,285,9,18,5392.4175607902735,186747.9344736842,24899.72459649123,8.944534068396633,108.73565464895856,56.44356742839533,33.77234690220649,34.63157894736842,0.21656534954407294,22.317596566523612,2.7580686701363293
2090,Uberlandia,MG,industrial,Construtora Serrana,2401.0,14469650.1,824690.89,17696124.91,7778311.53,11018914.07,8215082.41,186,404,420,14,19,7370.314414827156,95140.45650537635,42133.630738095235,5.699452884489585,122.2982227469343,43.95488599656364,62.26738410833244,12.908602150537634,0.1749271137026239,3.960396039603964,1.3130932585577866
2091,Contagem,MG,residencial_padrao,Alfa Construcoes,3043.0,9940086.59,342503.86,10335856.52,5472030.45,3025615.56,5510235.5,93,514,516,17,16,3396.6008938547484,111138.24215053763,20030.72968992248,3.4456828609980947,103.98155414861432,52.94220599339358,29.27300271772736,32.72043010752688,0.1695695037791653,0.3891050583657574,1.6096439256471307
2092,Campinas,SP,industrial,Engenharia Mineira,4049.0,29284210.49,1975477.44,31488242.39,14919123.38,9627966.41,15401563.45,99,753,741,24,15,7776.794860459373,318063.0544444444,42494.25423751687,6.745879116920663,107.52634905678143,47.37998137596273,30.576385594191308,40.898989898989896,0.18300815016053346,-1.5936254980079667,0.5122214240715902
2093,Campinas,SP,residencial_padrao,Engenharia Mineira,2013.0,8240818.81,549979.13,8820753.02,4709654.24,3203689.97,5119623.65,46,373,424,14,17,4381.894197714853,191755.5004347826,20803.662783018866,6.673840824319738,107.03733722790103,53.39288186985197,36.31991466869118,43.76086956521739,0.21063089915548933,13.672922252010732,2.062901805263693
2094,Campinas,SP,industrial,Engenharia Mineira,2715.0,18576418.74,607532.04,20085051.97,11206292.1,6965346.61,10939631.57,100,477,458,15,18,7397.809197053407,200850.51969999998,43853.82526200873,3.270447595433565,108.12122751492197,55.794190210402526,34.6792560975385,27.15,0.1686924493554328,-3.983228511530401,0.9689704055411491
2095,Curitiba,PR,industrial,Estrutural Engenharia,2320.0,12955288.68,577676.1,13286026.57,7547744.99,4728114.0,8129665.97,59,388,354,11,14,5726.735590517242,225186.89101694917,37531.14850282486,4.4589982845523135,102.552917948564,56.80964846964024,35.58711835392634,39.32203389830509,0.15258620689655172,-8.762886597938147,1.0806397561493783
2096,Curitiba,PR,residencial_padrao,Vertice Engenharia,2062.0,7657042.15,670737.55,8097808.73,4305369.15,3302742.14,4606449.37,51,399,396,13,12,3927.162332686712,158780.56333333335,20449.011944444446,8.759747391491112,105.75635567057707,53.1670886970925,40.78562794110352,40.431372549019606,0.19204655674102813,-0.7518796992481258,1.567184790800714
2097,Uberlandia,MG,residencial_popular,Beta Engenharia,2733.0,4584952.94,77944.44,4551822.24,2470758.37,1745152.57,2482138.24,74,384,397,13,12,1665.5039297475303,61511.111351351356,11465.547204030227,1.7000052349501322,99.2774037065689,54.28064277835244,38.33964680483656,36.932432432432435,0.14526161727039882,3.385416666666674,2.6172569614204155
2098,Curitiba,PR,residencial_padrao,Beta Engenharia,2947.0,8051410.75,803841.84,8814876.82,4402715.38,3082120.66,4770125.89,66,485,548,18,16,2991.1356701730574,133558.73969696971,16085.541642335767,9.983863262720758,109.48238878509584,49.94641978445706,34.964988427370905,44.65151515151515,0.18595181540549713,12.989690721649483,1.987229380888312
2099,Curitiba,PR,industrial,Delta Obras,1139.0,8501317.28,490821.62,9365160.94,5351930.11,3003590.82,5669620.42,24,157,158,5,12,8222.265970149254,390215.0391666666,59273.17050632911,5.773477260455806,110.16129185099652,57.1472305098475,32.07196159514158,47.458333333333336,0.13871817383669885,0.6369426751592355,1.4115459527938008
2100,Rio de Janeiro,RJ,residencial_padrao,Alfa Construcoes,5431.0,19186718.87,1832973.53,21308928.78,11567261.37,7481847.11,12232012.11,132,800,792,26,14,3923.573702817161,161431.27863636366,26905.213106060608,9.553345428258728,111.06082767136516,54.28363616690448,35.11132439948021,41.14393939393939,0.14582949733014178,-1.0000000000000009,0.7296713989951737
2101,Sao Paulo,SP,industrial,Engenharia Mineira,1286.0,7589414.57,553878.43,7725042.87,4241338.44,2690754.92,4490016.87,42,264,248,8,20,6007.031780715397,183929.59214285715,31149.366411290324,7.2980389316115595,101.78707196383922,54.90375278655251,34.83158560128483,30.61904761904762,0.19284603421461896,-6.060606060606055,2.635249374709016
2102,Salvador,BA,comercial,Estrutural Engenharia,8538.0,34032647.64,1878293.88,37057015.89,21886941.1,11489628.17,22512895.06,233,1131,1118,37,13,4340.245477863668,159042.98665236053,33145.810277280856,5.519094194106609,108.88666753757157,59.06288073753475,31.00527091578501,36.64377682403433,0.13094401499180136,-1.1494252873563204,0.38198614863924235
2103,Uberlandia,MG,residencial_padrao,Construtora Horizonte,4064.0,14248848.52,1354880.86,15354671.33,8577427.24,5955606.23,8944931.21,116,784,940,31,15,3778.2163705708663,132367.85629310345,16334.756734042554,9.508704216332003,107.76078718534936,55.8620048300311,38.786933969494484,35.03448275862069,0.2312992125984252,19.897959183673475,1.0527166443622211
2104,Contagem,MG,industrial,Construtora Serrana,3111.0,14465285.14,865575.66,15906644.34,8798320.16,5665832.88,8908548.92,102,454,539,17,12,5113.0325747348115,155947.49352941176,29511.399517625232,5.983813327028547,109.96426400205755,55.3122328753847,35.619284362524446,30.5,0.17325618772099002,18.722466960352424,0.8295723094194049
2105,Curitiba,PR,industrial,Delta Obras,3278.0,19312415.52,686002.49,19726518.53,11828582.82,7130006.11,12414018.66,78,525,547,18,20,6017.851900549115,252904.08371794873,36063.105173674594,3.5521319914102594,102.14423208516384,59.9628505253532,36.14426995395421,42.02564102564103,0.16687004270896888,4.190476190476189,1.035603235612238
2106,Campinas,SP,residencial_padrao,Beta Engenharia,427.0,1450979.94,4503.95,1453961.6,835142.73,520251.75,893881.84,12,120,133,4,17,3405.0622950819675,121163.46666666667,10932.04210526316,0.3104074615945414,100.20549284781981,57.43911874976615,35.78167057506883,35.583333333333336,0.3114754098360656,10.83333333333334,11.716219867243652
2107,Ribeirao Preto,SP,residencial_popular,Vertice Engenharia,5317.0,10928678.49,840217.58,12118541.87,6749568.4,4938400.38,7309322.49,166,676,596,19,17,2279.206671055106,73003.26427710844,20333.123942953018,7.688190120780101,110.88753211185372,55.69620893672747,40.75078035770322,32.03012048192771,0.11209328568741772,-11.834319526627224,1.5555403167505937
2108,Belo Horizonte,MG,residencial_popular,Engenharia Mineira,3383.0,5418047.49,148032.82,5446866.31,2929155.42,1852700.22,3009605.62,93,535,519,17,8,1610.0698522021873,58568.454946236554,10494.925452793834,2.7322170998541764,100.53190416018299,53.77689213010994,34.01405715794042,36.376344086021504,0.15341412947088384,-2.990654205607479,1.4765466738276964
2109,Sao Paulo,SP,industrial,Construtora Atlantica,3889.0,25889831.69,2479094.03,29707414.28,17523890.21,12785917.99,20030146.75,148,916,961,32,17,7638.831133967601,200725.77216216217,30913.022143600418,9.575550971841794,114.74549018205688,58.98827156356605,43.03948458620277,26.277027027027028,0.24710722550784264,4.912663755458513,0.6566284479387436
2110,Ribeirao Preto,SP,residencial_padrao,Construtora Horizonte,2604.0,7519628.5,427683.25,11146724.19,6506794.29,2649504.18,6775726.2,68,445,507,16,11,4280.616048387096,163922.4145588235,21985.649289940826,5.687558235091003,148.23503833999246,58.37404944348946,23.76935263525167,38.294117647058826,0.19470046082949308,13.932584269662929,1.46283822398939
2111,Salvador,BA,residencial_popular,Construtora Horizonte,3471.0,6598621.31,490815.15,7375196.49,4624229.56,2442402.33,5061769.63,150,505,1344,44,18,2124.8045203111496,49167.9766,5487.497388392857,7.438146954367351,111.76874900857132,62.69974727141133,33.11643741711348,23.14,0.38720829732065687,166.13861386138615,2.7278425529165578
2112,Ribeirao Preto,SP,industrial,Construtora Planalto,1988.0,11545324.66,967047.33,12471855.25,7912295.44,4220795.39,8662008.7,73,344,346,11,21,6273.569039235413,170847.33219178082,36045.82442196532,8.37609472646913,108.02515838476212,63.44120647166748,33.84256235655076,27.232876712328768,0.17404426559356137,0.5813953488372103,1.818918100480684
2113,Campinas,SP,industrial,Construtora Horizonte,1049.0,5057106.59,288889.97,5495799.45,3199656.08,1874001.76,3306987.6,27,205,222,7,16,5239.084318398475,203548.1277777778,24755.85337837838,5.712554498480523,108.67477978153512,58.22002984479355,34.09880176759361,38.851851851851855,0.21163012392755004,8.292682926829276,3.1638644974655357
2114,Goiania,GO,residencial_padrao,Engenharia Mineira,3137.0,10740582.23,337116.27,11281916.53,6668335.31,4057299.2,7122025.34,91,467,492,16,10,3596.403101689512,123977.10472527472,22930.72465447154,3.1387150415215435,105.04008338102915,59.1064053015113,35.96285426515206,34.472527472527474,0.15683774306662415,5.353319057815842,0.9310482230719813
2115,Uberlandia,MG,industrial,Construtora Horizonte,1317.0,8237178.83,428372.15,8549053.28,4760792.94,2810256.37,5071987.79,37,239,276,9,15,6491.308488990128,231055.49405405403,30974.83072463768,5.200471652258641,103.78618039545464,55.68795495914842,32.87213540444797,35.5945945945946,0.20956719817767655,15.481171548117146,1.8210118184359
2116,Campinas,SP,residencial_padrao,Engenharia Mineira,6003.0,20775803.44,879524.63,20726506.93,11570937.86,7934884.71,12272477.4,337,896,1007,33,13,3452.6914759287024,61502.98792284866,20582.429920556107,4.233408505909507,99.76272152293716,55.826762797410744,38.28375295846342,17.81305637982196,0.16774945860403132,12.388392857142861,0.6257279068674131
2117,Ribeirao Preto,SP,residencial_padrao,Alfa Construcoes,4081.0,11800301.05,1115058.34,12424261.79,6804895.07,4289972.49,6976629.22,111,579,665,22,17,3044.41602303357,111930.28639639639,18683.100436090223,9.449405869183312,105.28766797860634,54.77102128898397,34.52899305013759,36.765765765765764,0.16295025728987994,14.853195164075995,1.4406412114375673
2118,Rio de Janeiro,RJ,residencial_padrao,Obras & Cia,3239.0,10314900.72,463760.59,11394766.31,6315371.54,4173588.2,6818307.62,91,401,390,13,12,3517.988981167027,125217.2121978022,29217.349512820514,4.4960257261690835,110.46898675336936,55.42344062341722,36.62723821143463,35.59340659340659,0.12040753318925594,-2.7431421446383997,1.1633655355240298
2119,Salvador,BA,comercial,Engenharia Mineira,6512.0,32960228.25,254006.9,32353445.36,19586634.11,11674761.19,21394726.04,187,1016,1091,36,12,4968.280921375921,173013.07679144383,29654.85367552704,0.7706466656522624,98.15904524265544,60.539561991180776,36.08506315198821,34.8235294117647,0.16753685503685503,7.381889763779537,0.3640751486604162
2120,Goiania,GO,comercial,Engenharia Vale Verde,3816.0,19205447.65,1321465.04,20937375.95,11408181.42,8302907.37,12283979.0,90,532,553,18,16,5486.733739517819,232637.51055555555,37861.43933092224,6.880678149670727,109.01790123074792,54.48715945705699,39.655911943444856,42.4,0.14491614255765198,3.9473684210526327,0.8330969572583745
2121,Campinas,SP,industrial,Engenharia Mineira,1678.0,8366045.12,311516.25,8649420.02,4641861.04,2654765.46,4894753.1,48,241,291,9,16,5154.6007270560185,180196.25041666665,29723.092852233676,3.7235784116832495,103.38720262603603,53.6667317492578,30.69298812939368,34.958333333333336,0.1734207389749702,20.746887966804973,1.91249267371869
2122,Salvador,BA,residencial_padrao,Estrutural Engenharia,2995.0,9260371.19,862239.42,9981637.05,5418914.56,3734358.92,5772936.41,67,457,495,16,13,3332.7669616026715,148979.6574626866,20164.923333333336,9.311067583674259,107.78873595022709,54.28883591795195,37.41228919959577,44.701492537313435,0.1652754590984975,8.315098468271342,1.4038314159629277
2123,Contagem,MG,comercial,Delta Obras,2242.0,8990673.2,553774.62,9255642.82,5683782.8,3341823.94,5903769.55,60,505,541,18,20,4128.297421944692,154260.71366666668,17108.39707948244,6.159434423664738,102.94716106464644,61.408839024321814,36.10580059095236,37.36666666666667,0.24130240856378235,7.128712871287135,2.224527524813159
2124,Rio de Janeiro,RJ,comercial,Engenharia Vale Verde,2424.0,13078651.75,254679.13,12766006.95,8230310.64,3987918.59,8581845.83,81,468,474,15,17,5266.504517326733,157605.02407407406,26932.50411392405,1.9472888709648533,97.60950282967814,64.47051667945395,31.238574486284453,29.925925925925927,0.19554455445544555,1.2820512820512775,1.2998281722731855
2125,Salvador,BA,residencial_padrao,Construtora Serrana,2458.0,6748280.21,203895.52,7058119.29,3949829.8,2528727.89,4133982.74,69,419,475,15,23,2871.4887266069977,102291.58391304348,14859.198505263157,3.021444185110387,104.59137840098671,55.96150529215552,35.82721949149715,35.6231884057971,0.193246541903987,13.365155131264927,3.4082757805340154
2126,Belo Horizonte,MG,residencial_padrao,Engenharia Vale Verde,3388.0,9838532.42,917796.48,10898692.06,5810977.62,4109482.68,6104836.97,112,539,576,19,18,3216.851257378985,97309.7505357143,18921.340381944447,9.32859130630379,110.77558719880705,53.318119165209254,37.70620049980566,30.25,0.17001180637544275,6.864564007421148,1.8295411583346697
2127,Sao Paulo,SP,industrial,Engenharia Mineira,2823.0,15738568.72,1377509.41,17302630.83,9851255.89,6212377.52,10316995.11,70,516,644,21,18,6129.164303931987,247180.4404285714,26867.43917701863,8.75244397700225,109.93776586566251,56.93501749409978,35.90423665069898,40.32857142857143,0.22812610697839178,24.8062015503876,1.1436872259626922
2128,Campinas,SP,comercial,Estrutural Engenharia,4387.0,18668622.41,916687.84,18974798.56,10847583.38,5642374.67,10918305.97,116,753,748,24,13,4325.233316617278,163575.8496551724,25367.377754010693,4.910313251121136,101.64005754294966,57.16837175213734,29.736150569178953,37.81896551724138,0.17050376111237747,-0.6640106241699861,0.6963556128831683
2129,Salvador,BA,residencial_padrao,Construtora Serrana,3798.0,10775136.41,454137.02,11346097.78,6123884.93,3731282.26,6064586.42,103,626,631,21,10,2987.387514481306,110156.28912621358,17981.137527733754,4.214675366694499,105.29887834617213,53.97348981774772,32.886040049621364,36.87378640776699,0.16614007372301212,0.7987220447284393,0.9280624967976624
2130,Uberlandia,MG,residencial_padrao,Obras & Cia,3130.0,12323215.29,1145392.97,13425259.64,7780356.16,4718439.99,8179922.44,75,592,622,20,19,4289.220332268371,179003.46186666668,21584.01871382637,9.294595144576103,108.94283126656308,57.95311501327508,35.14598686748378,41.733333333333334,0.1987220447284345,5.067567567567566,1.5418054097795448
2131,Salvador,BA,residencial_padrao,Estrutural Engenharia,2479.0,6029493.47,517196.99,6954453.93,3910770.91,2312201.58,4147308.83,81,432,421,14,9,2805.346482452602,85857.45592592593,16518.89294536817,8.577785058949571,115.34059974693032,56.23404726472896,33.247780534222336,30.604938271604937,0.16982654296087132,-2.546296296296291,1.4926626995749945
2132,Campinas,SP,industrial,Obras & Cia,4967.0,25390341.57,1750912.81,27920192.68,15374622.29,9521985.82,16204708.72,150,713,855,28,20,5621.138047110932,186134.61786666667,32655.196116959065,6.895979737699921,109.96383251885493,55.06631872570586,34.10429838050817,33.11333333333334,0.1721360982484397,19.915848527349223,0.7877011006276116
2133,Contagem,MG,residencial_popular,Alfa Construcoes,2396.0,4315291.32,73250.15,4161129.73,1998433.54,1619527.06,2064834.33,86,468,506,16,11,1736.6985517529215,48385.22941860465,8223.576541501976,1.697455503421261,96.42755080553866,48.026225320305024,38.92036934883066,27.86046511627907,0.21118530884808012,8.119658119658112,2.549074716930119
2134,Belo Horizonte,MG,residencial_padrao,Engenharia Mineira,1246.0,4785849.96,126165.12,4862833.4,2573146.56,1915698.68,2747466.69,30,225,237,7,16,3902.7555377207063,162094.44666666668,20518.284388185657,2.6362113533538354,101.60856359149213,52.9145530669424,39.394701039932805,41.53333333333333,0.19020866773675763,5.333333333333323,3.3431888031859653
2135,Salvador,BA,comercial,Construtora Planalto,2842.0,11627965.59,349961.24,11503099.95,6589882.1,4133309.93,6879182.83,76,497,495,16,17,4047.5369282195634,151356.57828947366,23238.585757575755,3.0096514931293323,98.92616090894364,57.28788003793708,35.93213957947049,37.39473684210526,0.1741731175228712,-0.4024144869215318,1.4619926304752677
2136,Goiania,GO,residencial_padrao,Construtora Atlantica,2216.0,6908738.84,466147.96,9263021.64,4339403.23,5169024.74,4434949.3,136,402,401,13,18,4180.06391696751,68110.45323529412,23099.80458852868,6.747222189107963,134.07688225771756,46.846519404223265,55.80279244602953,16.294117647058822,0.180956678700361,-0.24875621890547706,2.6053959220146177
2137,Salvador,BA,residencial_popular,Estrutural Engenharia,853.0,1501755.38,133967.8,1619058.62,900867.77,478770.79,869399.9,28,137,108,3,11,1898.075756154748,57823.522142857146,14991.28351851852,8.920747132598919,107.8110750633702,55.641454785621036,29.57093610359827,30.464285714285715,0.12661195779601406,-21.167883211678827,7.324761506764172
2138,Campinas,SP,residencial_popular,Construtora Atlantica,7934.0,13850431.41,1070618.61,15296716.23,8426230.74,5255190.64,9081786.25,212,1273,1322,44,13,1927.9954915553315,72154.32183962264,11570.889735249622,7.729857491854111,110.44216441486282,55.085226223092455,34.35502470584825,37.424528301886795,0.1666246533904714,3.849175176747832,0.9385989226742794
2139,Uberlandia,MG,industrial,Construtora Planalto,2519.0,17905373.4,1109088.5,19832340.81,11282253.84,6365069.84,12018639.32,79,417,421,14,14,7873.100758237395,251042.2887341772,47107.69788598575,6.19416571340534,110.76195043215351,56.888160344194894,32.09439521526657,31.88607594936709,0.16712981341802302,0.9592326139088669,0.7818881900558411
2140,Contagem,MG,residencial_padrao,Construtora Planalto,1698.0,4617467.51,269142.56,4936920.72,2582119.14,1963608.2,2774241.32,53,313,322,10,13,2907.4915901060067,93149.44754716981,15332.051925465837,5.828791635612396,106.91836400165597,52.30222007697138,39.77394638008285,32.0377358490566,0.1896348645465253,2.8753993610223683,2.8153960957702546
2141,Contagem,MG,residencial_popular,Vertice Engenharia,4877.0,8821358.5,57186.86,9097750.05,5024964.19,3294100.24,5365785.53,130,907,903,30,13,1865.4398298134101,69982.6926923077,10075.027740863788,0.6482772466395057,103.1332084508299,55.233042921419894,36.20785602919482,37.51538461538462,0.185154808283781,-0.4410143329658167,1.473695916564325
2142,Goiania,GO,industrial,Engenharia Mineira,4180.0,26383187.37,2214938.13,28391432.51,15406002.35,10091971.27,15676259.47,148,651,603,20,14,6792.208734449761,191834.00344594597,47083.63600331675,8.395263615944216,107.61183670432311,54.262856742341945,35.54583329476389,28.243243243243242,0.1442583732057416,-7.3732718894009235,0.530640964780443
2143,Belo Horizonte,MG,comercial,Construtora Planalto,2803.0,13109357.24,1290803.51,13709172.41,8020733.15,3765022.17,8757127.36,113,352,358,11,20,4890.89276132715,121320.10982300885,38293.77768156424,9.846428672043725,104.57547352641983,58.5063263494255,27.463526297573203,24.805309734513273,0.12772029967891546,1.7045454545454586,1.5256278117873612
2144,Uberlandia,MG,comercial,Vertice Engenharia,2490.0,9745831.93,458850.12,10075041.33,5211221.02,3688656.81,5331520.53,74,409,408,13,13,4046.201337349398,136149.20716216217,24693.72875,4.708167792095303,103.37795072154503,51.72406592996081,36.61182807276881,33.648648648648646,0.163855421686747,-0.24449877750610804,1.3339035695847465
2145,Campinas,SP,residencial_padrao,Vertice Engenharia,2692.0,8178747.9,111643.38,8403419.57,4274361.15,3048898.96,4520883.24,103,362,422,14,11,3121.626883358098,81586.5977669903,19913.316516587678,1.3650424412763718,102.74701791456367,50.86454525321291,36.281646234641116,26.135922330097088,0.15676077265973254,16.574585635359117,1.3449491455776499
2146,Salvador,BA,residencial_popular,Vertice Engenharia,1461.0,3128104.35,166242.48,3454630.67,1786126.5,1197492.23,1943334.89,43,234,266,8,12,2364.5658247775496,80340.24813953489,12987.333345864661,5.314479998085742,110.43847274468321,51.702386466684146,34.66339369933284,33.97674418604651,0.18206707734428473,13.675213675213671,3.836189160377594
2147,Sao Paulo,SP,industrial,Construtora Serrana,1437.0,9376553.57,135081.99,9814580.16,5290433.73,3013840.49,5181543.01,29,223,236,7,16,6829.909645093946,338433.79862068966,41587.204067796614,1.4406358262825985,104.67150949151991,53.903821088155446,30.707788217810023,49.55172413793103,0.16423103688239388,5.829596412556048,1.706383894738416
2148,Curitiba,PR,residencial_popular,Obras & Cia,7127.0,14001610.28,1173738.55,14616828.31,7737743.08,4977572.04,8600303.2,209,1411,1474,49,16,2050.9089813385717,69936.97755980861,9916.437116689282,8.38288258655918,104.3939091125739,52.9372235610531,34.05370805781873,34.100478468899524,0.20681913848744213,4.464918497519488,1.1427257065463758
2149,Uberlandia,MG,residencial_padrao,Obras & Cia,3645.0,13646924.39,197972.04,13513837.9,7146728.07,4057326.05,7475369.95,99,689,830,27,18,3707.5001097393692,136503.41313131314,16281.732409638555,1.4506714798322409,99.02478766499563,52.88451824629331,30.0234920680823,36.81818181818182,0.22770919067215364,20.464441219158203,1.318978510146197
2150,Rio de Janeiro,RJ,industrial,Construtora Atlantica,1823.0,13519125.3,449151.51,17223806.66,8062761.96,8583720.04,8164148.9,104,311,320,10,21,9448.056313768513,165613.52557692307,53824.3958125,3.3223414979370003,127.40326225099786,46.81173052600905,49.836370144205965,17.528846153846153,0.1755348326933626,2.893890675241151,1.553354934878812
2151,Contagem,MG,residencial_popular,Construtora Horizonte,5799.0,8135888.76,176511.37,8219316.93,4753127.1,3090366.07,4919863.46,148,865,858,28,12,1417.3679824107605,55535.9252027027,9579.623461538462,2.1695401105754546,101.02543400556523,57.82873614048607,37.59881868918273,39.182432432432435,0.1479565442317641,-0.8092485549133,1.4749464199901376
2152,Uberlandia,MG,industrial,Construtora Atlantica,5982.0,39675024.97,1563143.73,41987975.05,19655993.54,13920721.41,20808515.45,147,971,1132,37,18,7019.053000668672,285632.48333333334,37091.850750883386,3.939868295437648,105.8297381835271,46.81338768205256,33.154067071400725,40.69387755102041,0.18923436977599464,16.58084449021626,0.45368591484468074
2153,Sao Paulo,SP,comercial,Alfa Construcoes,2779.0,13300002.71,241198.69,14163266.66,7161669.31,5091456.33,7677763.58,83,499,520,17,18,5096.533522849946,170641.76698795182,27237.05126923077,1.813523615439925,106.49070506843528,50.56509548200513,35.94831935473846,33.48192771084337,0.18711766822598058,4.208416833667328,1.353383182882073
2154,Belo Horizonte,MG,comercial,Estrutural Engenharia,5299.0,25326610.41,1746949.67,27690294.48,17644133.04,10617820.19,18143067.01,141,954,967,32,9,5225.569820720891,196385.06723404257,28635.257993795243,6.897684458044301,109.33280858249677,63.71955723599802,38.34491611372708,37.58156028368794,0.18248726174749952,1.3626834381551323,0.35535746214370734
2155,Salvador,BA,residencial_padrao,Construtora Horizonte,3915.0,12411686.26,279858.45,12111660.67,7684531.82,4357228.34,7878780.84,104,505,555,18,3,3093.655343550447,116458.27567307692,21822.81201801802,2.2547979713435007,97.5827169353538,63.44738371868538,35.97548229527801,37.64423076923077,0.1417624521072797,9.90099009900991,0.24170768879876603
2156,Curitiba,PR,residencial_padrao,Estrutural Engenharia,2689.0,7233324.13,487398.87,7786598.45,3637580.01,2704228.27,3944665.51,87,550,571,19,13,2895.722740795835,89501.1316091954,13636.77486865149,6.738241799209957,107.64896346487933,46.715905967900525,34.72926319964528,30.908045977011493,0.2123465972480476,3.8181818181818095,1.79723730975678
2157,Sao Paulo,SP,residencial_popular,Engenharia Mineira,1646.0,3176444.46,113776.29,3185034.36,1633635.51,1127803.98,1668024.93,45,229,239,7,10,1935.0147995139732,70778.54133333333,13326.503598326359,3.5818756295836507,100.27042500217365,51.290985444816364,35.4094760848985,36.577777777777776,0.14520048602673147,4.366812227074246,3.1481740436286425
2158,Goiania,GO,comercial,Construtora Horizonte,2765.0,13362487.42,564970.62,13942291.69,7634419.52,5742917.01,8291106.48,70,452,438,14,19,5042.420141048824,199175.59557142857,31831.71618721461,4.228034812997414,104.33904445913409,54.757278715347255,41.19062445178265,39.5,0.15840867992766727,-3.0973451327433676,1.421890955089857
2159,Curitiba,PR,residencial_padrao,Beta Engenharia,2234.0,6904370.9,206745.75,7336680.35,4235623.18,2607815.5,4441967.63,70,520,487,16,12,3284.100425246195,104809.71928571428,15065.05205338809,2.9944183618524893,106.26138798539921,57.732148300559395,35.54489735947131,31.914285714285715,0.2179946284691137,-6.346153846153846,1.7380294560942546
2160,Uberlandia,MG,comercial,Engenharia Vale Verde,4473.0,19726343.96,983051.31,20222995.12,11013008.65,7047114.89,11924506.81,125,732,671,22,11,4521.1256695729935,161783.96096,30138.59183308495,4.983444027912003,102.51770505982802,54.457851493562536,34.847038473695676,35.784,0.15001117818019227,-8.333333333333337,0.5576299400591005
2161,Uberlandia,MG,residencial_padrao,Estrutural Engenharia,1056.0,4017390.11,271924.39,4193123.88,2166662.76,1706092.62,2366737.11,30,172,171,5,15,3970.76125,139770.796,24521.192280701754,6.768682715754483,104.37432674418568,51.67180417288315,40.687865868632535,35.2,0.16193181818181818,-0.5813953488372103,3.7337673437942525
2162,Salvador,BA,industrial,Delta Obras,7370.0,43585792.03,423725.86,42205516.64,23427636.98,13808511.63,24772338.7,273,1124,1084,36,15,5726.664401628223,154598.96205128205,38934.9784501845,0.9721651030417215,96.83319878860992,55.50847103669052,32.71731453445371,26.996336996336996,0.14708276797829037,-3.558718861209964,0.34414884533188095
2163,Sao Paulo,SP,residencial_padrao,Construtora Atlantica,7039.0,23068000.53,1956652.09,25445624.13,15445907.0,8746578.43,16378300.59,171,1046,1142,38,13,3614.948732774542,148804.8194736842,22281.632338003503,8.482105275900997,110.30702074463667,60.70162367049002,34.37360539994741,41.16374269005848,0.1622389543969314,9.177820267686432,0.5635512268648278
2164,Sao Paulo,SP,comercial,Construtora Horizonte,5843.0,23868632.15,117638.47,23335666.69,13609081.36,7516785.76,14623340.37,154,1050,1233,41,9,3993.781737121342,151530.3031818182,18925.92594484996,0.49285802915187166,97.76708838340366,58.31880246143505,32.211574924581676,37.94155844155844,0.2110217354098922,17.428571428571438,0.37706391985265064
2165,Salvador,BA,comercial,Alfa Construcoes,3496.0,10657813.13,792804.85,11784591.0,6279673.07,3783541.73,6298059.94,74,664,630,21,16,3370.878432494279,159251.22972972973,18705.7,7.438719747941386,110.57231775652272,53.28715328346991,32.105838293412134,47.24324324324324,0.18020594965675057,-5.12048192771084,1.5012460628496682
2166,Contagem,MG,comercial,Beta Engenharia,4902.0,23651892.24,358595.45,24023674.25,12787830.12,8363603.53,13134964.19,152,889,881,29,19,4900.790340677275,158050.4884868421,27268.64273552781,1.5161385243990948,101.57189118835595,53.230117870083916,34.814006562713864,32.25,0.17972256221950225,-0.8998875140607376,0.803318390224494
2167,Salvador,BA,comercial,Engenharia Mineira,1870.0,6851538.53,632492.47,7967938.18,4054818.34,2750239.58,4268351.61,54,331,378,12,16,4260.929508021391,147554.41074074074,21079.201534391534,9.231393317436396,116.29414539685877,50.8891792129843,34.516326782043386,34.629629629629626,0.2021390374331551,14.199395770392753,2.335241921203937
2168,Rio de Janeiro,RJ,residencial_padrao,Construtora Horizonte,4661.0,18238412.01,834429.7,20403060.25,12215182.64,6731308.2,13136443.91,120,618,601,20,17,4377.39975327183,170025.50208333333,33948.51955074875,4.575122546537975,111.86862232749834,59.869365136046206,32.99165967026932,38.84166666666667,0.12894228706286204,-2.750809061488668,0.932098693169066
2169,Sao Paulo,SP,comercial,Construtora Planalto,3852.0,16754957.09,151959.84,16191582.81,9419114.24,5767146.87,9933075.62,86,676,728,24,15,4203.4223286604365,188274.21872093025,22241.185178571428,0.9069545161097157,96.63756656030922,58.172905950755535,35.618178517039,44.7906976744186,0.18899273104880582,7.692307692307687,0.8952574404951817
2170,Campinas,SP,residencial_padrao,Engenharia Vale Verde,3078.0,9063860.75,201776.04,9180108.82,4459631.45,3009007.31,4515833.4,118,539,562,18,19,2982.491494476933,77797.53237288135,16334.713202846975,2.226159972724647,101.28254474783276,48.57928742940544,32.77746886229176,26.084745762711865,0.1825860948667966,4.2671614100185495,2.0962369705426025
2171,Belo Horizonte,MG,comercial,Engenharia Vale Verde,3991.0,15464139.21,1251678.07,17413485.1,9852250.98,6315444.87,9971061.55,99,537,577,19,12,4363.188449010274,175893.7888888889,30179.35025996534,8.094068819495579,112.60558938023166,56.578283574033094,36.26755261070628,40.313131313131315,0.14457529441242797,7.448789571694592,0.7759888757493926
2172,Ribeirao Preto,SP,residencial_popular,Construtora Atlantica,2489.0,4883407.46,276363.05,5315172.98,3002201.59,1722527.23,3107216.32,77,425,507,16,22,2135.465239051828,69028.22051948053,10483.575897435898,5.659225699753508,108.8414805345774,56.483610247431685,32.407736050765365,32.324675324675326,0.20369626355966253,19.29411764705882,4.505051069402265
2173,Belo Horizonte,MG,residencial_popular,Delta Obras,3163.0,4616673.51,210941.5,4713199.48,2899658.71,1422522.92,3078087.85,103,527,581,19,19,1490.1041669301298,45759.21825242719,8112.219414802066,4.569123191039775,102.09081213542434,61.52208753956664,30.181682868215876,30.70873786407767,0.18368637369585836,10.246679316888052,4.115517365229494
2174,Uberlandia,MG,residencial_padrao,Construtora Atlantica,2140.0,7084453.46,516913.22,7677098.98,4059851.48,2622717.57,4386546.44,72,408,448,14,13,3587.4294299065423,106626.37472222223,17136.381651785716,7.296444572874644,108.36543740947944,52.88262520226097,34.16287293979893,29.72222222222222,0.20934579439252338,9.80392156862746,1.8350039383277987
2175,Goiania,GO,residencial_popular,Engenharia Vale Verde,5857.0,8932510.28,797640.81,9549310.21,5138413.74,3088833.4,5505442.29,164,862,863,28,23,1630.409801946389,58227.50128048781,11065.249374275783,8.92963775016221,106.90511301600205,53.809266083104866,32.34614157539239,35.71341463414634,0.147345057196517,0.11600928074246841,2.5748640952025865
2176,Sao Paulo,SP,residencial_popular,Construtora Atlantica,7162.0,13740371.61,201765.68,14122524.28,8090063.9,5069887.81,8260140.22,183,1097,1277,42,22,1971.8687908405473,77172.26382513662,11059.141957713391,1.4684150161787364,102.78123969894581,57.284829111301065,35.89930319454193,39.13661202185792,0.17830215023736387,16.408386508659987,1.6011211795748514
2177,Uberlandia,MG,residencial_padrao,Beta Engenharia,1614.0,6452183.4,110701.9,6629425.91,3578104.31,2234655.1,3839051.89,44,251,247,8,14,4107.450997521685,150668.7706818182,26839.781012145748,1.7157277333437235,102.74701599461665,53.97306431319632,33.70812390601104,36.68181818181818,0.15303593556381662,-1.5936254980079667,2.169808130376455
2178,Campinas,SP,industrial,Vertice Engenharia,2809.0,21516585.38,67918.29,20208104.12,12242143.47,7345196.85,12806135.19,85,535,644,21,15,7194.056290494838,237742.40141176473,31379.043664596276,0.3156555224749142,93.91873182063428,60.58036616054411,36.34777813090563,33.04705882352941,0.2292630829476682,20.373831775700936,0.6971366383228602
2179,Rio de Janeiro,RJ,industrial,Delta Obras,3512.0,24884467.52,2202518.27,26354342.3,13450123.83,8498759.69,14736624.68,101,754,814,27,15,7504.083798405467,260934.08217821782,32376.341891891894,8.850976088718012,105.90679619251905,51.035702871628864,32.24804320007637,34.772277227722775,0.2317767653758542,7.9575596816976235,0.6027856528553117
2180,Goiania,GO,industrial,Estrutural Engenharia,1751.0,12218426.23,625024.1,13027873.41,7292877.85,4687828.3,7555043.39,51,252,293,9,10,7440.247521416333,255448.49823529413,44463.731774744025,5.115422299357779,106.6248071949934,55.97903526144257,35.983066095819545,34.333333333333336,0.16733295259851513,16.26984126984128,0.8184360090047375
2181,Salvador,BA,residencial_padrao,Engenharia Mineira,4535.0,18352854.21,1596011.16,19472631.4,11703087.39,6849675.08,12654928.74,116,909,994,33,19,4293.854773980154,167867.5120689655,19590.172434607644,8.69625586155626,106.10137898545426,60.100184456837205,35.17590889128626,39.0948275862069,0.21918412348401323,9.35093509350935,1.0352613159018822
2182,Ribeirao Preto,SP,comercial,Alfa Construcoes,1359.0,6765825.34,33315.93,6611039.51,3549906.09,2344506.64,3667908.26,38,295,341,11,15,4864.635401030169,173974.72394736842,19387.212639296187,0.492414869225696,97.71224023350268,53.696640061375156,35.463509731769854,35.76315789473684,0.2509197939661516,15.593220338983048,2.2170244199652958
2183,Curitiba,PR,comercial,Engenharia Vale Verde,871.0,4546963.57,147866.08,4724503.66,2761689.34,1775595.81,2915883.13,25,153,165,5,20,5424.2292307692305,188980.1464,28633.355515151517,3.251974152060338,103.90458571454973,58.45459203221359,37.5826951946948,34.84,0.1894374282433984,7.843137254901955,4.398539749022005
2184,Rio de Janeiro,RJ,residencial_popular,Estrutural Engenharia,3592.0,6807460.49,651659.92,7828946.18,4831590.06,2552796.93,5390921.38,103,617,541,18,16,2179.550718262806,76009.18621359223,14471.249870609981,9.572731578204136,115.00538551050774,61.71443702529067,32.60715901357749,34.87378640776699,0.15061247216035634,-12.317666126418148,2.3503625211638943
2185,Rio de Janeiro,RJ,residencial_popular,Delta Obras,3656.0,5519129.47,131339.6,5743968.62,3683003.17,1834102.48,4038322.29,140,592,591,19,13,1571.1073905908097,41028.347285714284,9719.06703891709,2.379715872111984,104.07381546713381,64.11948625861399,31.93092792348855,26.114285714285714,0.16165207877461707,-0.16891891891891442,2.3554439283701023
2186,Belo Horizonte,MG,residencial_popular,Obras & Cia,1588.0,2682756.56,73224.78,2852194.94,1602403.09,1098084.23,1611464.19,48,241,259,8,11,1796.092531486146,59420.72791666666,11012.335675675675,2.7294604770251687,106.31583135519385,56.181401471808236,38.49962057642526,33.083333333333336,0.16309823677581864,7.468879668049788,4.100260218914533
2187,Belo Horizonte,MG,industrial,Delta Obras,2286.0,12116652.21,963480.08,13082553.17,6921763.11,4360335.75,7045704.86,69,332,355,11,18,5722.9016491688535,189602.21985507247,36852.26245070423,7.951702032058241,107.9716818083037,52.908350687024196,33.32939444877486,33.130434782608695,0.1552930883639545,6.927710843373491,1.485558856360044
2188,Campinas,SP,residencial_popular,Delta Obras,1307.0,2049750.34,197075.21,2196367.5,1294189.34,832681.69,1444776.54,41,179,210,7,14,1680.4648048967101,53569.939024390245,10458.892857142857,9.614595795115223,107.1529277072836,58.92407987278996,37.91176522143949,31.878048780487806,0.16067329762815608,17.31843575418994,6.830100098922291
2189,Belo Horizonte,MG,residencial_padrao,Beta Engenharia,5543.0,17590621.37,258747.58,17513441.64,7979097.03,6166730.59,8208128.39,187,874,816,27,18,3159.560101028324,93654.76812834224,21462.551029411767,1.4709405344900557,99.56124500450207,45.559845940138125,35.21141484786995,29.641711229946523,0.1472127007035901,-6.636155606407323,1.023272550832012
2190,Campinas,SP,residencial_padrao,Obras & Cia,2888.0,7694788.67,42749.3,7781030.11,4361065.06,2840517.26,4495069.85,105,426,470,15,12,2694.262503462604,74105.04866666667,16555.38321276596,0.5555617162907738,101.12077723896738,56.047399873125535,36.50567109809063,27.504761904761907,0.16274238227146814,10.328638497652577,1.5594970199486973
2191,Salvador,BA,comercial,Construtora Planalto,5591.0,29616033.33,116652.79,28404740.17,14126000.94,9676024.17,15452001.78,178,1012,1012,33,12,5080.440023251655,159577.19196629216,28067.925069169964,0.3938839097734092,95.91000878982332,49.73113943467556,34.06482197017048,31.410112359550563,0.18100518690752995,0.0,0.4051859297390925
2192,Curitiba,PR,industrial,Construtora Atlantica,5127.0,30093752.1,1775057.43,30746800.21,18866072.02,12044762.64,19576369.82,155,974,951,31,14,5997.0353442559,198366.45296774193,32331.020199789695,5.898425108645724,102.17004548927615,61.359464695985025,39.17403618501608,33.07741935483871,0.18548858981860739,-2.361396303901442,0.46521284396437884
2193,Sao Paulo,SP,industrial,Estrutural Engenharia,1338.0,10789839.11,728489.03,11541000.45,6058453.99,3946903.44,6296331.05,38,223,248,8,15,8625.560874439461,303710.53815789474,46536.292137096774,6.751620877505374,106.96174736566577,52.495050288296284,34.19897137253816,35.21052631578947,0.18535127055306427,11.210762331838575,1.3901968182359674
2194,Rio de Janeiro,RJ,comercial,Vertice Engenharia,3346.0,14491813.83,454061.39,15090531.46,8204374.96,5196616.1,8587706.49,95,561,563,18,18,4510.021356843993,158847.6995789474,26803.785896980462,3.1332267673769865,104.13141955191678,54.36770057931412,34.43626961564944,35.22105263157895,0.16826060968320383,0.35650623885918886,1.2420805436195699
2195,Rio de Janeiro,RJ,comercial,Obras & Cia,7273.0,29655360.78,843187.48,28751770.76,16766932.16,8806740.31,17110152.38,198,1321,1306,43,13,3953.220233741235,145210.96343434343,22015.13840735069,2.843288558366343,96.95302975167513,58.31617224538556,30.630253640767414,36.73232323232323,0.17956826619001787,-1.1355034065102187,0.43836930855238104
2196,Ribeirao Preto,SP,residencial_padrao,Obras & Cia,2901.0,8788883.15,761841.43,10155914.92,5918822.84,3812912.86,5888882.75,72,526,562,18,11,3500.832443984833,141054.3738888889,18071.022989323843,8.668239376922426,115.55410109190038,58.27956305880514,37.54376528392579,40.291666666666664,0.19372630127542226,6.844106463878319,1.2515810953750135
2197,Contagem,MG,residencial_popular,Vertice Engenharia,10675.0,19554373.09,333188.45,19749047.91,9701498.63,7770636.13,10277636.61,358,2058,2163,72,18,1850.0279072599533,55164.938296089385,9130.396629681,1.7039076040253665,100.99555643693611,49.12388016987702,39.34688986229716,29.818435754189945,0.20262295081967213,5.102040816326525,0.9205102059347074
2198,Rio de Janeiro,RJ,residencial_popular,Vertice Engenharia,2847.0,4462499.27,354441.91,5069621.62,2506783.24,1663054.96,2703760.02,78,530,597,19,19,1780.6890129961364,64995.14897435898,8491.82850921273,7.942677153648027,113.6049848586306,49.4471467083573,32.804321202969774,36.5,0.20969441517386722,12.641509433962273,4.257703777730814
2199,Campinas,SP,comercial,Vertice Engenharia,2195.0,9173314.95,371757.08,9169398.31,5530168.61,3676986.24,5767530.94,59,315,380,12,21,4177.402419134397,155413.5306779661,24129.99555263158,4.052592569058146,99.95730398420476,60.31113954302635,40.10062727878161,37.20338983050848,0.17312072892938496,20.63492063492063,2.2892487736943994
2200,Belo Horizonte,MG,comercial,Engenharia Vale Verde,3829.0,15905849.38,392483.83,17095016.19,8844325.35,5899968.74,9087662.6,112,657,740,24,11,4464.616398537478,152634.07312500002,23101.373229729732,2.467543987267406,107.47628612336327,51.736279461224655,34.512799955412035,34.1875,0.1932619482893706,12.633181126331806,0.6915694809628582
2201,Ribeirao Preto,SP,industrial,Construtora Serrana,1336.0,6779570.14,368180.42,7187886.84,3642880.31,2254602.77,3723448.35,45,240,240,8,17,5380.154820359281,159730.81866666666,29949.5285,5.4307339904591645,106.02275205607651,50.68082443546093,31.366698171336267,29.68888888888889,0.17964071856287425,0.0,2.5075336118581704
2202,Sao Paulo,SP,industrial,Vertice Engenharia,2270.0,15272552.01,405720.62,16172465.92,8149389.56,5636411.68,8416064.23,78,381,452,15,11,7124.434325991189,207339.30666666667,35779.79185840708,2.656534544680853,105.8923610763333,50.390519295649874,34.85190018567063,29.102564102564102,0.19911894273127753,18.635170603674545,0.7202463604509277
2203,Belo Horizonte,MG,residencial_padrao,Construtora Atlantica,1547.0,3934558.59,385243.43,4261486.89,2274682.32,1462624.33,2275933.44,48,241,226,7,13,2754.6780155138977,88780.976875,18856.136681415926,9.791274451449967,108.30914809175583,53.37766790595477,34.321924899785394,32.229166666666664,0.14608920491273433,-6.224066390041494,3.3040555128701237
2204,Uberlandia,MG,residencial_popular,Obras & Cia,3536.0,5020124.37,48287.27,5124032.5,2829627.13,1966319.5,2943150.44,110,498,596,19,12,1449.104213800905,46582.11363636364,8597.369966442953,0.9618739784329287,102.06983178785269,55.22266164392985,38.37445410426261,32.14545454545455,0.16855203619909503,19.67871485943775,2.390379025609678
2205,Belo Horizonte,MG,comercial,Construtora Atlantica,5027.0,22346515.55,1805744.5,24717715.37,13038788.08,8962105.73,13688305.13,173,965,962,32,18,4916.991320867317,142876.9674566474,25694.090821205824,8.080653540636675,110.61104947075296,52.75078171595597,36.25782397703854,29.057803468208093,0.19136662025064652,-0.31088082901554737,0.8054947072050345
2206,Sao Paulo,SP,residencial_padrao,Vertice Engenharia,3715.0,12578142.38,346678.1,13082864.04,7444339.38,4027786.49,7640070.31,124,539,637,21,6,3521.632312247644,105506.96806451613,20538.248100470955,2.756194750595596,104.01268839826885,56.90145030353767,30.78673352933507,29.95967741935484,0.17146702557200538,18.181818181818187,0.4770179744141201
2207,Rio de Janeiro,RJ,industrial,Delta Obras,3113.0,21515337.12,1193013.03,23689620.01,13228039.75,7322375.46,13847505.59,82,534,588,19,14,7609.900420815934,288897.805,40288.469404761905,5.5449423048594095,110.10573470391432,55.83896974462276,30.909636612613607,37.96341463414634,0.1888853196273691,10.1123595505618,0.6506986119676473
2208,Uberlandia,MG,residencial_popular,Construtora Planalto,2451.0,4537151.28,109288.73,4537702.66,2133320.67,1504192.86,2316614.39,84,373,476,15,20,1851.3678743370053,54020.26976190476,9532.988781512606,2.4087521719134743,100.01215255930369,47.01323180130978,33.14877533205316,29.178571428571427,0.1942064463484292,27.613941018766752,4.408052270190117
2209,Contagem,MG,comercial,Engenharia Vale Verde,4579.0,16215255.71,535939.06,16765616.6,9488407.21,6418416.69,9800928.17,127,747,776,25,14,3661.4144136274294,132012.72913385826,21605.176030927836,3.305153304918187,103.39409319126919,56.5944422825463,38.28321285839258,36.05511811023622,0.16946931644463856,3.8821954484605126,0.8633844726460992
2210,Curitiba,PR,residencial_padrao,Construtora Horizonte,3286.0,9864554.6,654423.97,10843330.72,6257632.5,3456059.02,6589220.52,107,540,527,17,20,3299.8571880706027,101339.53943925234,20575.580113851993,6.634095471477243,109.92215218718545,57.70950514732617,31.872670024031137,30.710280373831775,0.16037735849056603,-2.4074074074074026,2.0274610269783495
2211,Goiania,GO,residencial_popular,Beta Engenharia,5305.0,10943846.42,291194.44,11091588.57,6873113.08,3827112.82,6937463.16,132,867,1014,33,15,2090.7801262959474,84027.18613636364,10938.45026627219,2.660805249129218,101.3500020406902,61.966895333550944,34.504641024563355,40.18939393939394,0.19114043355325164,16.955017301038055,1.3706332695410761
2212,Goiania,GO,residencial_popular,Beta Engenharia,6394.0,9049961.55,703450.89,9493767.93,4387989.24,3571510.81,4534010.32,161,1013,1112,37,13,1484.7932327181732,58967.50267080745,8537.561088129496,7.772971035440476,104.90395873560368,46.219680872270914,37.61952932000941,39.714285714285715,0.17391304347826086,9.772951628825277,1.4364701914120286
2213,Contagem,MG,residencial_popular,Construtora Horizonte,3118.0,6328891.6,80903.76,6274817.31,3150204.74,2234618.63,3255352.19,90,536,543,18,16,2012.4494259140474,69720.19233333333,11555.832983425413,1.2783243119537708,99.14559620518702,50.203927610443856,35.61248909093738,34.644444444444446,0.17415009621552277,1.3059701492537323,2.52808880468106
2214,Goiania,GO,industrial,Delta Obras,4355.0,32376437.89,693441.2,31481587.59,17296701.68,11828917.45,18525370.32,106,1096,1260,42,16,7228.837563719862,296996.10933962266,24985.386976190475,2.141808195070715,97.23610638378352,54.942278976725525,37.574081726924746,41.08490566037736,0.2893226176808266,14.963503649635035,0.4941865456095115
2215,Sao Paulo,SP,residencial_popular,Obras & Cia,4280.0,7885346.36,326373.61,8457852.11,4797386.88,2586540.13,5016671.65,159,656,762,25,10,1976.1336705607475,53194.03842767295,11099.54345144357,4.13898889281003,107.26037543390801,56.72110149960993,30.58152467506316,26.91823899371069,0.1780373831775701,16.15853658536586,1.2681751115876156
2216,Campinas,SP,residencial_padrao,Construtora Horizonte,2376.0,8044162.84,746585.39,8962835.08,5311512.22,3433238.87,5398910.85,56,331,388,12,14,3772.2369865319865,160050.62642857144,23100.090412371133,9.281082504789275,111.42035856648572,59.261519068361565,38.30527773138497,42.42857142857143,0.1632996632996633,17.220543806646525,1.7403924160242386
2217,Contagem,MG,industrial,Engenharia Mineira,1822.0,9125301.34,685040.7,10059873.54,6058682.95,3374416.44,6354585.1,52,331,367,12,16,5521.335642151482,193459.10653846152,27411.099564032695,7.507047433022085,110.24154891086589,60.226233718639776,33.54332861723031,35.03846153846154,0.20142700329308452,10.876132930513593,1.7533667551191245
2218,Ribeirao Preto,SP,residencial_padrao,Delta Obras,4055.0,14080771.2,134642.3,14597663.93,8177825.11,4918850.94,8644181.05,110,590,570,19,20,3599.9171220715166,132706.0357272727,25609.936719298246,0.9562139607807845,103.67091207333871,56.02146445633374,33.696151408796,36.86363636363637,0.1405672009864365,-3.3898305084745783,1.4203767475463276
2219,Campinas,SP,residencial_padrao,Engenharia Mineira,2314.0,6845873.79,549432.49,7009068.32,4044905.26,2869698.96,4050857.5,76,350,366,12,18,3028.983716508211,92224.58315789474,19150.459890710383,8.02574670311005,102.3838378416848,57.70959955488063,40.94265926630317,30.44736842105263,0.1581676750216076,4.571428571428582,2.6293210409886916
2220,Rio de Janeiro,RJ,industrial,Vertice Engenharia,2663.0,10268846.28,255487.44,10823733.98,6469085.96,4244905.91,6878100.91,112,484,559,18,21,4064.488914757792,96640.48196428572,19362.672593917712,2.4879858265830426,105.40360313972876,59.767599351143694,39.218498143466014,23.776785714285715,0.20991363124295906,15.49586776859504,2.0450203876262525
2221,Ribeirao Preto,SP,comercial,Obras & Cia,2649.0,9497716.37,2715.42,9504651.98,5822764.54,3391580.5,6116816.68,74,419,460,15,12,3588.015092487731,128441.24297297298,20662.28691304348,0.028590241003375004,100.07302397470943,61.262259283690256,35.683373858786986,35.7972972972973,0.17365043412608533,9.785202863961807,1.263461608298164
2222,Ribeirao Preto,SP,residencial_popular,Beta Engenharia,1312.0,2898781.17,201245.56,3045663.94,1793512.79,1066013.62,1812354.89,35,216,223,7,12,2321.3901981707318,87018.96971428572,13657.685829596412,6.942419872280321,105.06705271581436,58.88741585849423,35.001025753353474,37.48571428571429,0.16996951219512196,3.240740740740744,4.1396708810551575
2223,Rio de Janeiro,RJ,residencial_padrao,Construtora Horizonte,2228.0,9570462.45,615453.86,10071704.6,5321229.56,4062004.33,5325635.5,60,383,358,11,11,4520.513734290844,167861.74333333332,28133.253072625695,6.430764064070907,105.23738693525723,52.83345542124022,40.330852535130944,37.13333333333333,0.1606822262118492,-6.5274151436031325,1.1493697464953745
2224,Belo Horizonte,MG,industrial,Construtora Planalto,3394.0,25645871.45,1334349.79,25803738.59,13318035.85,8810372.45,13843205.24,94,543,645,21,14,7602.751499705362,274507.85734042554,40005.79626356589,5.2029808875923385,100.61556551239752,51.6128149552766,34.143782767255196,36.1063829787234,0.19004124926340601,18.78453038674033,0.5458968328409055
2225,Goiania,GO,comercial,Vertice Engenharia,5308.0,28578894.12,871172.79,29232376.97,16805747.78,10046221.0,16609603.4,140,790,920,30,12,5507.230024491334,208802.69264285715,31774.32279347826,3.04830825973192,102.28659250164156,57.490185615925306,34.36676056247506,37.91428571428571,0.1733232856066315,16.455696202531644,0.419890285103866
2226,Rio de Janeiro,RJ,comercial,Engenharia Mineira,3111.0,14249621.99,1075262.46,15422235.5,8939147.82,5962369.27,9183276.19,91,549,551,18,8,4957.324172291867,169475.11538461538,27989.538112522685,7.545901643949502,108.22908502992506,57.962724145925534,38.66086255783087,34.18681318681319,0.17711346833815494,0.36429872495447047,0.5614184015277166
2227,Campinas,SP,comercial,Construtora Horizonte,3788.0,16634737.5,833320.78,17687336.7,10726393.15,5967832.35,10885697.64,109,504,482,16,17,4669.307470960929,162269.14403669725,36695.719294605806,5.009521671141489,106.32771752484823,60.64447876994393,33.74070642303089,34.75229357798165,0.12724392819429778,-4.36507936507936,1.0219578156853992
2228,Rio de Janeiro,RJ,residencial_padrao,Engenharia Mineira,3660.0,12705817.32,982397.09,13422756.72,7065383.51,4565656.0,7354619.96,112,639,731,24,10,3667.4198688524593,119846.04214285714,18362.184295485637,7.731868523354465,105.64260749185712,52.63735056355845,34.014294494342884,32.67857142857143,0.19972677595628416,14.397496087636942,0.7870410653755566
2229,Sao Paulo,SP,residencial_popular,Alfa Construcoes,5450.0,9548375.8,60049.35,9576366.51,5347166.0,3201173.08,5695683.23,180,946,825,27,19,1757.1314697247706,53202.036166666665,11607.716981818181,0.6288959636465083,100.29314629614807,55.837106844399585,33.42784631997131,30.27777777777778,0.15137614678899083,-12.790697674418606,1.9898672190929056
2230,Rio de Janeiro,RJ,residencial_padrao,Construtora Horizonte,3783.0,13041575.49,163942.0,13359319.8,6833941.65,4206377.46,7154910.17,119,529,571,19,12,3531.40888183981,112263.19159663866,23396.356917688267,1.257072047205548,102.43639512912867,51.15486231566969,31.486464303369694,31.789915966386555,0.15093840867036742,7.939508506616266,0.9201342283531114
2231,Belo Horizonte,MG,residencial_padrao,Estrutural Engenharia,3186.0,10097704.16,985712.67,11106244.64,5490635.59,3170531.45,5703626.84,84,557,639,21,14,3485.95249215317,132217.1980952381,17380.66453834116,9.761750338306605,109.98781964711472,49.43737300928029,28.547286258949185,37.92857142857143,0.20056497175141244,14.721723518850993,1.3864537699032768
2232,Uberlandia,MG,industrial,Construtora Serrana,5042.0,24790704.91,2828.06,25703039.21,14416675.05,9423525.75,14537247.19,113,939,836,27,13,5097.78643593812,227460.5239823009,30745.26221291866,0.011407743387156472,103.68014666509941,56.08937889489373,36.663079696558576,44.61946902654867,0.16580721935739787,-10.96911608093717,0.5243900908503856
2233,Belo Horizonte,MG,comercial,Delta Obras,1733.0,10902230.7,19321.35,10453742.49,5760136.67,3377247.6,6197535.97,56,278,266,8,25,6032.1653144835545,186673.9730357143,39299.78379699248,0.1772238226439292,95.88627114632605,55.10119151595823,32.30658879564576,30.946428571428573,0.15349105597230236,-4.316546762589923,2.293108693801536
2234,Campinas,SP,residencial_padrao,Beta Engenharia,2575.0,7598516.02,636277.26,8040024.76,4961765.84,2680717.77,4892883.79,88,381,392,13,14,3122.339712621359,91363.91772727272,20510.267244897957,8.373704264428202,105.81046007980912,61.71331542018783,33.342158140318965,29.261363636363637,0.15223300970873788,2.8871391076115582,1.8424650238481697
2235,Goiania,GO,comercial,Construtora Planalto,2021.0,9989181.35,531663.21,10702605.82,5718986.54,3668355.87,6145645.87,52,344,348,11,21,5295.698080158338,205819.3426923077,30754.614425287356,5.322390207682034,107.14197134883332,53.43545895442499,34.27535248607334,38.86538461538461,0.17219198416625434,1.1627906976744207,2.102274377068948
2236,Curitiba,PR,residencial_padrao,Estrutural Engenharia,2151.0,7875249.54,303837.02,8138955.14,4513856.44,2931113.71,4731872.66,52,306,334,11,20,3783.8006229660623,156518.36807692307,24368.129161676647,3.8581256182010457,103.3485364325357,55.45990071644504,36.01339065741552,41.36538461538461,0.15527661552766156,9.15032679738561,2.539602065739748
2237,Ribeirao Preto,SP,residencial_padrao,Construtora Horizonte,4210.0,15374942.5,704118.64,16520913.33,9503615.21,6752325.98,9824924.14,123,722,736,24,7,3924.2074418052257,134316.36853658536,22446.893111413043,4.579650558042737,107.45349668787378,57.52475677444887,40.87138431831481,34.22764227642276,0.17482185273159145,1.939058171745156,0.4552862555420939
2238,Contagem,MG,comercial,Engenharia Vale Verde,3245.0,11372742.33,546144.28,11638055.22,5872114.87,4141172.73,6042276.8,100,528,588,19,11,3586.4576949152543,116380.5522,19792.610918367347,4.802221523645476,102.33288403360845,50.45615232954703,35.58303042662484,32.45,0.18120184899845918,11.363636363636353,0.9672249384375176
2239,Belo Horizonte,MG,residencial_padrao,Obras & Cia,3016.0,10383073.6,745680.63,10771077.32,5787098.6,4149811.53,6419008.31,100,557,601,20,12,3571.312108753316,107710.7732,17921.925657237938,7.1816945417780715,103.73688692720044,53.7281316257416,38.527358097175,30.16,0.19927055702917773,7.899461400359065,1.1557271442244232
2240,Uberlandia,MG,residencial_padrao,Vertice Engenharia,6469.0,16888831.56,1643281.22,18212562.14,10268819.45,7243600.78,10882481.1,193,983,1018,33,17,2815.359737208224,94365.60694300519,17890.532554027504,9.729987620292189,107.83790503977293,56.38316767878986,39.77255217754881,33.51813471502591,0.15736589890245786,3.560528992878953,1.0065823641857672
2241,Campinas,SP,comercial,Engenharia Mineira,4585.0,16157713.38,994639.76,16427360.0,8997968.54,4995787.75,9261114.6,155,638,619,20,9,3582.8484187568156,105982.96774193548,26538.546042003232,6.1558200508195915,101.66884146078348,54.77428229490313,30.41138533519689,29.580645161290324,0.13500545256270446,-2.9780564263322873,0.5570095092254941
2242,Belo Horizonte,MG,residencial_popular,Estrutural Engenharia,2813.0,5036170.65,477595.33,5659036.51,3208767.64,1881798.16,3413097.91,99,511,595,19,20,2011.7442268041236,57161.984949494945,9510.985731092436,9.483303152167807,112.36784658994824,56.70165997921791,33.25297789958948,28.414141414141415,0.21151795236402418,16.43835616438356,3.971271307099174
2243,Uberlandia,MG,comercial,Alfa Construcoes,1136.0,4151222.24,145057.14,4274149.37,2137004.39,1464368.83,2357156.14,30,183,177,5,8,3762.455431338028,142471.64566666668,24147.736553672315,3.4943236380425637,102.96122739022519,49.998355345264876,34.26105882677657,37.86666666666667,0.15580985915492956,-3.2786885245901676,1.9271432694964556
2244,Salvador,BA,residencial_padrao,Construtora Horizonte,3095.0,10438656.95,1013931.8,11503410.53,7002813.35,4701799.57,7514805.21,90,469,543,18,6,3716.7723844911143,127815.67255555555,21184.918103130753,9.713239977677397,110.20010126877482,60.87597527478662,40.873092008131614,34.388888888888886,0.1754442649434572,15.778251599147119,0.5747865868894179
2245,Goiania,GO,residencial_padrao,Engenharia Vale Verde,2270.0,6717535.34,439429.97,7225690.24,3652946.47,2467252.24,3893158.08,62,360,368,12,17,3183.1234537444934,116543.39096774194,19635.027826086956,6.541535663882343,107.56460329987635,50.554982965890325,34.14555783670018,36.61290322580645,0.16211453744493393,2.2222222222222143,2.530690073005258
2246,Rio de Janeiro,RJ,comercial,Beta Engenharia,3692.0,19040474.06,1816159.0,22531321.36,13490013.17,7825976.8,13795556.86,109,643,701,23,12,6102.741430119177,206709.37027522936,32141.685249643368,9.53841272164208,118.33382556022347,59.87226827250757,34.73376760713869,33.87155963302752,0.1898699891657638,9.020217729393476,0.6302364091453719
2247,Campinas,SP,comercial,Alfa Construcoes,1488.0,4995561.82,68705.77,4936259.26,2466503.85,1633348.47,2533482.81,42,270,271,9,14,3317.3785349462364,117529.98238095238,18214.978819188193,1.375336197921378,98.81289508293983,49.96706453380247,33.088790194540955,35.42857142857143,0.1821236559139785,0.37037037037037646,2.802487588873437
2248,Campinas,SP,residencial_padrao,Construtora Atlantica,3210.0,10597797.04,681220.93,11441858.33,6471615.47,4459755.26,6428507.14,94,511,535,17,11,3564.441847352025,121721.89712765957,21386.65108411215,6.427948444651475,107.96449759147305,56.560877467183246,38.97754308237445,34.148936170212764,0.16666666666666666,4.6966731898238745,1.037951562808944
2249,Curitiba,PR,industrial,Engenharia Vale Verde,4461.0,23727018.4,2047110.32,26436451.29,15025403.37,9160858.95,15364428.34,129,639,588,19,8,5926.126718224613,204933.73093023256,44959.95117346939,8.627760494340073,111.41918821962055,56.83593158996947,34.65237769437397,34.58139534883721,0.13180901143241425,-7.9812206572769995,0.3371683649893406
2250,Sao Paulo,SP,residencial_popular,Construtora Planalto,2326.0,4560597.84,334319.49,4935853.83,2825368.09,1767840.15,2967442.41,81,449,422,14,14,2122.0351805674977,60936.46703703704,11696.336090047393,7.330606682039739,108.22821926346393,57.241729340271,35.81629867673776,28.71604938271605,0.18142734307824593,-6.013363028953234,3.0697729752027425
2251,Goiania,GO,residencial_popular,Beta Engenharia,1444.0,2625406.81,149572.03,2685968.67,1410096.01,849802.09,1506264.24,42,217,220,7,13,1860.0891066481995,63951.634999999995,12208.9485,5.697099185935302,102.30676098535754,52.49860230126958,31.63857045287129,34.38095238095238,0.1523545706371191,1.382488479262678,4.951613574888229
2252,Uberlandia,MG,residencial_padrao,Engenharia Vale Verde,7606.0,18783950.92,1831648.07,21638869.11,12564234.99,7359073.97,13730284.73,227,1399,1425,47,12,2844.973587956876,95325.4145814978,15185.171305263157,9.751133176406318,115.19870980369873,58.063269970950905,34.00858858469245,33.50660792951542,0.18735209045490403,1.8584703359542543,0.6388432365005348
2253,Belo Horizonte,MG,industrial,Obras & Cia,5193.0,27543134.43,1725706.43,28001114.97,15435122.57,8829373.7,15660250.4,150,758,822,27,17,5392.088382437897,186674.0998,34064.61675182482,6.265468566716065,101.66277567705282,55.123242722787914,31.532221875663403,34.62,0.1582900057770075,8.443271767810035,0.6172137032262962
2254,Contagem,MG,comercial,Construtora Atlantica,4427.0,18176270.29,117198.07,29901089.66,15439264.05,6244870.75,15958473.15,160,787,908,30,10,6754.255626835328,186881.810375,32930.715484581495,0.6447861312035981,164.50618956987353,51.634452876323714,20.88509422569318,27.66875,0.20510503727128981,15.37484116899619,0.550167874951864
2255,Salvador,BA,residencial_popular,Construtora Serrana,2400.0,5588421.38,126925.46,5690659.64,2922681.12,1874326.74,3186147.31,64,351,331,11,17,2371.1081833333333,88916.556875,17192.325196374622,2.2712220745243807,101.82946583745264,51.359267728055514,32.93689762826863,37.5,0.13791666666666666,-5.698005698005693,3.0420039657066806
2256,Curitiba,PR,comercial,Alfa Construcoes,3359.0,15652862.18,4817.33,15994738.5,9356004.77,6303396.57,9489699.37,79,447,456,15,8,4761.7560285799345,202465.04430379748,35076.18092105263,0.030776032808588878,102.18411378103632,58.494265286050165,39.40918802767548,42.51898734177215,0.13575468889550463,2.0134228187919545,0.5110886372092238
2257,Ribeirao Preto,SP,residencial_popular,Vertice Engenharia,2366.0,5450164.75,341084.64,5684021.38,2970378.12,1763856.02,3196831.67,68,308,338,11,18,2402.3759002535926,83588.54970588235,16816.63130177515,6.25824457875333,104.29081763078814,52.25839104778315,31.03183295908011,34.794117647058826,0.14285714285714285,9.740259740259738,3.3026524565151907
2258,Ribeirao Preto,SP,comercial,Construtora Horizonte,1926.0,6820981.27,129894.49,6870610.83,4040606.38,2432728.24,4207141.79,66,308,318,10,18,3567.2953426791278,104100.1640909091,21605.694433962264,1.9043372919275003,100.72760147016209,58.81000219597651,35.40774321516913,29.181818181818183,0.16510903426791276,3.2467532467532534,2.6389164971273993
2259,Sao Paulo,SP,residencial_popular,Delta Obras,4056.0,8964620.29,379763.48,9564525.71,5479283.5,3892214.34,5814324.22,105,679,670,22,10,2358.1177785996056,91090.72104761905,14275.411507462688,4.236247244332532,106.69192225206898,57.28756099501352,40.69427442628516,38.628571428571426,0.16518737672583828,-1.3254786450662692,1.1154962147314775
2260,Sao Paulo,SP,residencial_padrao,Obras & Cia,4328.0,14659833.99,1216727.5,15631405.78,8102864.37,5648426.54,8436943.44,150,573,565,18,11,3611.6926478743067,104209.37186666667,27666.204920353983,8.299735868973507,106.62744060173357,51.8370803243264,36.13511554557059,28.85333333333333,0.1305452865064695,-1.3961605584642212,0.7503495610866736
2261,Belo Horizonte,MG,residencial_padrao,Construtora Horizonte,5577.0,12408653.4,78069.9,12145283.78,6808415.44,4004540.43,7555690.14,156,1026,1052,35,15,2177.744984758831,77854.38320512821,11544.94655893536,0.6291569075496942,97.87753262574003,56.05810093306853,32.97197910348045,35.75,0.18863188093957325,2.5341130604288553,1.208833828818202
2262,Rio de Janeiro,RJ,residencial_popular,Construtora Horizonte,2979.0,4336558.29,75560.28,4492418.03,2350454.17,1663018.75,2470213.44,87,428,389,12,12,1508.0288788183955,51636.988850574715,11548.632467866324,1.742402037446152,103.59408843550908,52.32046871648763,37.018343771538994,34.241379310344826,0.130580731789191,-9.112149532710278,2.7671713828156568
2263,Belo Horizonte,MG,residencial_padrao,Beta Engenharia,7443.0,31474188.93,800860.93,32718409.68,19064922.87,12702996.44,20197241.22,187,1168,1275,42,11,4395.8631841999195,174964.7576470588,25661.497788235294,2.5445006121719307,103.95314634720914,58.26971132296184,38.82522581091416,39.80213903743316,0.17130189439742038,9.160958904109595,0.349492723210898
2264,Belo Horizonte,MG,residencial_padrao,Estrutural Engenharia,1645.0,4041399.23,375674.74,5914973.11,3278086.87,1606796.29,3460491.64,48,312,349,11,14,3595.7283343465047,123228.60645833334,16948.347020057307,9.295660206279596,146.359534739655,55.420148309008965,27.164895936441543,34.270833333333336,0.2121580547112462,11.858974358974361,3.464146748006383
2265,Uberlandia,MG,residencial_padrao,Beta Engenharia,2716.0,7795639.86,21027.82,7684771.19,4138299.26,2840849.72,4395756.77,63,389,469,15,17,2829.4444734904273,121980.49507936508,16385.439637526655,0.2697382174861012,98.57781180260936,53.85065030153486,36.96726486400436,43.111111111111114,0.17268041237113402,20.565552699228796,2.1807061774657197
2266,Salvador,BA,residencial_padrao,Construtora Atlantica,4505.0,13085886.95,1302370.05,15047091.0,7524038.08,5464585.13,7701530.58,110,642,701,23,19,3340.08679245283,136791.73636363636,21465.179743223965,9.952478230755311,114.98716944058576,50.003273589559605,36.3165553395005,40.95454545454545,0.1556048834628191,9.190031152647983,1.4519459072661485
2267,Salvador,BA,comercial,Construtora Serrana,9110.0,45753295.69,24687183.73,70543943.96,27004995.16,17004722.68,27012713.81,246,1862,1578,52,13,7743.5723336992305,286763.99983739835,44704.65396704689,53.957170423890844,154.1833061337663,38.28109635507825,24.10514882700925,37.03252032520325,0.17321624588364434,-15.252416756176157,0.28413253742596134
2268,Belo Horizonte,MG,comercial,Delta Obras,632.0,2467587.11,63882.29,2483309.16,1404295.8,972910.41,1496264.57,15,120,116,3,16,3929.2866455696203,165553.94400000002,21407.837586206897,2.5888565287569527,100.63714265390212,56.54937462559031,39.17798177009906,42.13333333333333,0.18354430379746836,-3.3333333333333326,6.484066939383551
2269,Uberlandia,MG,residencial_popular,Obras & Cia,2397.0,3840816.98,354421.63,4008765.01,2030358.57,1322881.67,2159317.66,66,351,342,11,11,1672.4092657488527,60738.863787878785,11721.535116959063,9.227766692491555,104.37271629641671,50.64798173340672,32.99973100693173,36.31818181818182,0.14267834793491865,-2.564102564102566,2.863974007946611
2270,Uberlandia,MG,residencial_padrao,Engenharia Vale Verde,2204.0,5211260.63,406955.2,5877994.91,2990891.0,2237465.28,3135105.91,84,417,405,13,13,2666.966837568058,69976.12988095239,14513.567679012345,7.809150777400285,112.79410736361501,50.88284433373216,38.06511087979148,26.238095238095237,0.1837568058076225,-2.877697841726623,2.494597933782483
2271,Rio de Janeiro,RJ,residencial_padrao,Beta Engenharia,7514.0,19205666.72,1022248.05,19684200.04,9827943.57,6945834.35,10319777.11,289,1249,1191,39,15,2619.669954751131,68111.41882352941,16527.455952980687,5.322637661599494,102.49162565911693,49.92808216756976,35.2863430359652,26.0,0.15850412563215333,-4.643714971977586,0.7810194886064336
2272,Curitiba,PR,comercial,Estrutural Engenharia,3258.0,13455096.81,860180.74,14557171.77,8276722.44,5051679.78,8744533.47,114,601,665,22,18,4468.131298342541,127694.48921052631,21890.48386466165,6.392973251301341,108.19076202544244,56.85666536584394,34.702343695708144,28.57894736842105,0.20411295273173727,10.64891846921796,1.3377830166648945
2273,Sao Paulo,SP,comercial,Construtora Atlantica,6245.0,30323306.88,418360.53,29616750.41,17993636.87,11050291.64,19864063.6,136,1256,1189,39,3,4742.474044835869,217770.22360294117,24908.957451640035,1.3796665767872875,97.6699227666821,60.754933005494436,37.31095237331948,45.919117647058826,0.19039231385108085,-5.334394904458595,0.0989338007187691
2274,Salvador,BA,industrial,Engenharia Vale Verde,3130.0,15325982.69,22428.94,15433459.71,8971609.44,5528104.87,9598850.89,91,450,495,16,10,4930.817798722045,169598.45835164835,31178.706484848488,0.14634585235852174,100.70127327019709,58.1309026529347,35.818960711823436,34.395604395604394,0.15814696485623003,10.000000000000009,0.6524867085048235
2275,Curitiba,PR,comercial,Delta Obras,5502.0,26551729.4,374460.98,28265993.11,13699607.8,10945630.9,14188872.84,135,902,857,28,13,5137.40332788077,209377.72674074073,32982.48904317386,1.4103073075157206,106.45631658930661,48.46674852953716,38.723673558554836,40.75555555555555,0.15576154125772446,-4.988913525498894,0.4896102925785316
2276,Salvador,BA,comercial,Vertice Engenharia,2185.0,8871710.84,725223.19,10100955.9,4690527.0,4384022.27,4953723.67,57,386,405,13,15,4622.863112128147,177209.75263157894,24940.631851851853,8.174558471069375,113.85578364950408,46.43646647343545,43.40205336407814,38.333333333333336,0.1853546910755149,4.922279792746109,1.6907674596842472
2277,Salvador,BA,residencial_padrao,Vertice Engenharia,1993.0,7439979.4,732265.15,8280372.93,4431484.38,2659480.12,4915216.16,65,391,404,13,11,4154.728013045659,127390.35276923077,20495.9725990099,9.842300773037087,111.2956432379369,53.517932313708,32.117878536178445,30.661538461538463,0.2027094831911691,3.324808184143224,1.478498717348599
2278,Ribeirao Preto,SP,residencial_padrao,Engenharia Mineira,3935.0,13007520.77,844119.02,13559857.06,7806899.51,4700513.83,8081167.45,92,666,757,25,19,3445.961133418043,147389.7506521739,17912.624914134743,6.4894689382072,104.24628412874716,57.573612136586924,34.664921681703916,42.77173913043478,0.19237611181702668,13.663663663663673,1.4606934200574797
2279,Goiania,GO,residencial_padrao,Delta Obras,4212.0,13477199.27,1023566.13,14394567.54,6669351.1,5348506.03,7051731.46,107,713,786,26,9,3417.5136609686606,134528.66859813084,18313.699160305343,7.594798514840094,106.80681684392725,46.33241729191956,37.15642040052563,39.36448598130841,0.1866096866096866,10.238429172510521,0.6677945335448023
2280,Belo Horizonte,MG,residencial_padrao,Delta Obras,2787.0,7949537.03,267414.39,8299446.09,4423436.39,2547990.28,4982306.63,80,542,540,18,14,2977.913918191604,103743.07612499999,15369.344611111112,3.3638989162617943,104.40162815368382,53.297971238463695,30.700726920439575,34.8375,0.193756727664155,-0.36900369003689537,1.7611088478695973
2281,Contagem,MG,industrial,Engenharia Vale Verde,5716.0,33887380.53,2057065.09,35478149.53,20118148.71,13505091.32,21845383.7,137,988,1036,34,5,6206.814123512946,258964.59510948905,34245.31807915058,6.070298317035483,104.6942813965562,56.70574417357444,38.06594058289375,41.722627737226276,0.18124562631210636,4.858299595141702,0.1475475507932392
2282,Ribeirao Preto,SP,residencial_popular,Construtora Planalto,4668.0,8301469.53,516025.13,8715915.72,4544081.07,2928156.76,4618267.96,122,749,822,27,13,1867.1627506426737,71441.93213114755,10603.303795620439,6.216069674594108,104.99244366918734,52.1354406809248,33.59551484970072,38.26229508196721,0.17609254498714652,9.746328437917228,1.5659877992710045
2283,Belo Horizonte,MG,comercial,Construtora Atlantica,1003.0,4777647.96,364070.26,4971960.13,2713763.95,1701725.55,2993089.93,33,160,154,5,12,4957.088863409771,150665.4584848485,32285.45538961039,7.620282261232157,104.06710941506874,54.581369903302104,34.226452053226744,30.393939393939394,0.1535393818544367,-3.749999999999998,2.511696152681789
2284,Belo Horizonte,MG,comercial,Vertice Engenharia,2972.0,14066195.07,390279.57,14839923.9,7980626.3,5150541.9,8466162.32,82,456,490,16,16,4993.244919246299,180974.68170731707,30285.55897959184,2.774592333305385,105.5006263324912,53.77808103180367,34.70733364070688,36.24390243902439,0.1648721399730821,7.456140350877183,1.1374788932171405
2285,Sao Paulo,SP,residencial_padrao,Construtora Horizonte,1747.0,4468061.68,147138.81,4859260.61,2242495.63,1874759.62,2299396.56,42,412,424,14,20,2781.488614768174,115696.6811904762,11460.520306603774,3.2931239660057696,108.7554505290536,46.14890638680932,38.581170479761525,41.595238095238095,0.24270177447052088,2.9126213592232997,4.476213945193344
2286,Goiania,GO,industrial,Construtora Horizonte,1128.0,5425409.65,39074.21,5407395.11,2958532.06,1938583.88,2990823.94,30,199,213,7,12,4793.789991134752,180246.5036666667,25386.83150234742,0.7202075515164095,99.66795981940277,54.71270361821221,35.85060533888007,37.6,0.18882978723404256,7.035175879396993,2.2118145493400667
2287,Uberlandia,MG,industrial,Delta Obras,2407.0,15830116.55,614968.16,16460344.53,9644531.88,5660583.76,10143041.24,73,355,381,12,12,6838.531171582883,225484.1716438356,43203.00401574803,3.8847986877266547,103.98119608285512,58.59252740683674,34.38921797586457,32.97260273972603,0.15828832571665974,7.323943661971821,0.7580487460150759
2288,Campinas,SP,residencial_padrao,Beta Engenharia,2055.0,6642641.51,655418.3,7473543.75,4592088.94,2495089.33,4969233.95,58,326,395,13,13,3636.7609489051097,128854.2025862069,18920.363924050635,9.866832328875747,112.5086118037401,61.44459835402717,33.38562552738117,35.43103448275862,0.1922141119221411,21.165644171779153,1.9570527749283884
2289,Contagem,MG,comercial,Estrutural Engenharia,1898.0,9721419.32,879238.72,10925900.14,5288173.58,4003895.99,5450463.4,49,316,318,10,13,5756.533266596418,222977.55387755102,34358.17654088051,9.044345183127025,112.38996879315766,48.40034699420198,36.64591419192671,38.734693877551024,0.16754478398314016,0.6329113924050667,1.3372532931744785
2290,Contagem,MG,residencial_popular,Construtora Serrana,1765.0,3059151.55,137987.82,3351896.38,1842296.29,1148777.62,1949534.6,71,350,356,11,12,1899.091433427762,47209.80816901408,9415.43926966292,4.510656557698164,109.56947785081128,54.96280556262303,34.27246817218139,24.859154929577464,0.201699716713881,1.7142857142857126,3.922656267225467
2291,Goiania,GO,industrial,Obras & Cia,4577.0,28532015.9,2527211.8,30412582.82,16823502.36,11113776.09,17530983.1,122,853,902,30,19,6644.654319423203,249283.46573770492,33716.832394678495,8.85745966516162,106.59107623727351,55.31757187336448,36.54334837582861,37.51639344262295,0.19707231811230064,5.744431418522855,0.6659185970802716
2292,Salvador,BA,industrial,Obras & Cia,3438.0,20725819.9,1621290.24,21135348.31,10487444.63,7290814.9,10977746.79,81,487,1200,40,18,6147.570770796975,260930.2260493827,17612.79025833333,7.822562619102949,101.97593345872893,49.620401216846574,34.49583509608128,42.44444444444444,0.34904013961605584,146.40657084188913,0.8684819267391203
2293,Curitiba,PR,residencial_padrao,Estrutural Engenharia,4194.0,14941997.26,325956.41,15042303.99,8883565.77,4419663.26,9673194.58,120,699,620,20,13,3586.6246995708157,125352.53325000001,24261.78062903226,2.1814781807823724,100.67130737781973,59.05721474519942,29.381557924491858,34.95,0.14783023366714354,-11.301859799713876,0.8700309452472755
2294,Ribeirao Preto,SP,comercial,Estrutural Engenharia,4259.0,19268519.2,1389614.99,20776815.77,10652845.61,7307071.48,11697213.38,113,721,887,29,19,4878.331948814275,183865.62628318585,23423.69308906426,7.211841115429358,107.82777625174226,51.27275386145468,35.16935203589188,37.690265486725664,0.20826485090396807,23.02357836338418,0.9860643572444322
2295,Salvador,BA,comercial,Estrutural Engenharia,3494.0,17509103.75,960897.41,17260503.1,9765948.61,5957908.38,10107822.36,102,734,664,22,19,4940.040955924443,169220.61862745098,25994.73358433735,5.48798741340487,98.58016347638583,56.57974482794768,34.51758239885835,34.254901960784316,0.19004006868918144,-9.53678474114441,1.0851497752990353
2296,Ribeirao Preto,SP,residencial_popular,Engenharia Vale Verde,2235.0,4515008.28,73159.68,4759536.72,2817598.49,1472118.35,2946363.52,68,457,426,14,11,2129.546630872483,69993.18705882353,11172.621408450703,1.6203664636468835,105.41590236020562,59.19900729329808,30.92986642615923,32.86764705882353,0.1906040268456376,-6.783369803063454,2.4363188986222633
2297,Goiania,GO,residencial_padrao,Engenharia Mineira,3434.0,12602423.08,1132898.25,14044519.45,7574704.93,5169647.25,7919723.28,104,456,393,13,7,4089.8425888177053,135043.45625,35736.69071246819,8.989527194955908,111.4430087043229,53.9335287117994,36.80900060984287,33.01923076923077,0.11444379732090856,-13.815789473684214,0.5554487383548466
2298,Goiania,GO,residencial_padrao,Construtora Serrana,1453.0,3960042.63,191125.05,4262294.84,2550968.19,1701452.17,2556911.09,51,299,344,11,16,2933.444487267722,83574.40862745098,12390.391976744186,4.826338195253216,107.63254940010583,59.84964170146427,39.91868779307627,28.49019607843137,0.23675154852030283,15.050167224080258,4.040360545310595
2299,Curitiba,PR,industrial,Beta Engenharia,3344.0,19893120.1,711720.15,20922055.55,11351354.55,6569323.64,12114489.81,101,540,561,18,18,6256.5955592105265,207149.06485148516,37294.21666666667,3.577720068155623,105.17231809202217,54.25544599512355,31.39903545471659,33.10891089108911,0.16776315789473684,3.8888888888888973,0.9048354360460529
2300,Rio de Janeiro,RJ,comercial,Construtora Planalto,3502.0,16628483.94,1508666.65,18700784.81,9824657.19,6920002.32,9807517.91,101,605,705,23,14,5340.029928612221,185156.28524752473,26525.935900709217,9.072785320920843,112.46235602402126,52.536068885977414,37.003807007605474,34.67326732673267,0.201313535122787,16.528925619834702,0.8419288282994247
2301,Uberlandia,MG,comercial,Estrutural Engenharia,1235.0,5253405.24,380854.67,6052690.1,3167542.99,2131747.6,3337948.17,45,221,239,7,15,4900.963643724696,134504.22444444444,25325.063179916317,7.249672404864772,115.21460507013921,52.332812975176125,35.21983720924354,27.444444444444443,0.19352226720647772,8.14479638009049,2.8552908665389762
2302,Sao Paulo,SP,residencial_padrao,Construtora Planalto,4966.0,17205701.78,1213026.92,17874097.57,10746572.04,6232122.61,11797228.66,141,1138,1272,42,13,3599.294718082964,126766.64943262412,14051.963498427673,7.050144978160837,103.88473424999698,60.12371812290604,34.86678186461304,35.219858156028366,0.25614176399516714,11.7750439367311,0.755563485071633
2303,Contagem,MG,residencial_padrao,Construtora Horizonte,1442.0,5667045.25,194360.32,6138363.27,3270214.71,1977582.03,3563179.76,41,242,229,7,13,4256.839993065187,149716.17731707316,26805.079781659388,3.4296588685258866,108.31682118649042,53.2750273347703,32.21676435581826,35.170731707317074,0.15880721220527047,-5.371900826446286,2.2939643899967095
2304,Rio de Janeiro,RJ,residencial_popular,Alfa Construcoes,2277.0,3859260.87,2587.1,4033263.0,2169903.06,1328092.93,2457178.95,69,389,397,13,13,1771.3056653491435,58453.086956521736,10159.352644836272,0.06703615244335633,104.50869054622886,53.800187590048054,32.92849809199152,33.0,0.1743522178304787,2.0565552699228773,3.3685206670157024
2305,Rio de Janeiro,RJ,residencial_padrao,Engenharia Vale Verde,4724.0,15975597.1,1566803.69,18091843.87,10101437.81,6536390.68,10942504.74,160,590,595,19,13,3829.772199407282,113074.0241875,30406.46028571429,9.807481249010717,113.24674600112444,55.83420840122473,36.12893592807685,29.525,0.12595258255715494,0.8474576271186418,0.8137411026721499
2306,Sao Paulo,SP,residencial_padrao,Construtora Planalto,4851.0,20478918.42,1974929.64,22687805.84,12678097.09,8621532.68,14155874.27,113,835,912,30,17,4676.933795093795,200777.04283185842,24876.980087719297,9.643720432380137,110.78615273862688,55.88066637826975,38.00073370162445,42.92920353982301,0.18800247371675943,9.221556886227544,0.8301219650056108
2307,Goiania,GO,comercial,Construtora Planalto,1723.0,6790096.0,667924.52,7737988.94,4191647.76,2768897.44,4551785.39,65,305,369,12,16,4490.997643644806,119045.9836923077,20970.159728997292,9.836746343497941,113.9599342925343,54.16973056567848,35.78316616203382,26.50769230769231,0.21416134648868254,20.983606557377055,2.356373164679851
2308,Salvador,BA,residencial_popular,Construtora Horizonte,4968.0,5779606.09,298673.53,6010370.43,2910943.06,2118402.05,3044571.63,142,868,840,28,9,1209.8169142512077,42326.55232394366,7155.202892857143,5.1677142931379265,103.99273473670246,48.43200754266988,35.24578184775876,34.985915492957744,0.16908212560386474,-3.2258064516129004,1.5571995495630742
2309,Rio de Janeiro,RJ,industrial,Construtora Planalto,3689.0,19840840.33,1893433.16,21886241.9,11976875.28,6977486.15,12441369.07,95,576,582,19,4,5932.838682569802,230381.49368421052,37605.2266323024,9.543109709607748,110.30904707653579,54.723306699813094,31.880695561534484,38.83157894736842,0.15776633233938736,1.041666666666674,0.20160436420386235
2310,Campinas,SP,industrial,Construtora Planalto,1894.0,10659700.56,997445.41,11644102.86,6865221.48,3548526.81,7145652.58,74,334,322,10,20,6147.889577613516,157352.74135135135,36161.8101242236,9.357161623684483,109.23480255809362,58.95878422358767,30.47488374729112,25.594594594594593,0.1700105596620908,-3.59281437125748,1.8762253111545188
2311,Campinas,SP,residencial_popular,Construtora Planalto,4951.0,8380374.73,3095824.28,11198835.82,4773507.16,3442546.53,5071237.81,149,846,886,29,23,2261.934118359927,75159.97194630872,12639.769548532731,36.9413585876726,133.63168331734013,42.62503028640704,30.740217870253584,33.22818791946309,0.1789537467178348,4.728132387706863,2.7445073449597404
2312,Contagem,MG,residencial_padrao,Engenharia Vale Verde,3149.0,10500998.72,849330.21,11209630.95,5786824.48,4270495.08,6079982.01,79,430,469,15,16,3559.7430771673544,141894.06265822783,23901.132089552237,8.08808983456385,106.74823651440268,51.623684185606486,38.09666080041645,39.860759493670884,0.14893617021276595,9.069767441860455,1.523664598637338
2313,Uberlandia,MG,comercial,Delta Obras,3306.0,12353256.58,865741.99,13834350.11,6892733.99,4529728.85,7466159.86,98,559,634,21,12,4184.618908045977,141166.83785714285,21820.74149842271,7.008208599841128,111.9894986427943,49.823330587952,32.74262118554986,33.734693877551024,0.19177253478523895,13.416815742397148,0.9714037688999414
2314,Ribeirao Preto,SP,industrial,Vertice Engenharia,3987.0,24851843.69,1380883.46,25320779.22,13652383.68,9710405.36,13992675.64,125,789,805,26,16,6350.835018811136,202566.23376,31454.3841242236,5.556462841248459,101.8869245109114,53.917707513584176,38.34955186659536,31.896,0.20190619513418612,2.0278833967046994,0.6438154126342809
2315,Salvador,BA,residencial_popular,Construtora Atlantica,3324.0,5938593.49,189821.18,6256415.6,3296465.13,2621824.8,3458877.02,91,516,556,18,21,1882.1948255114319,68751.81978021978,11252.546043165466,3.1963996242484005,105.35180780659898,52.68935666613963,41.906180273573895,36.527472527472526,0.16726835138387486,7.751937984496116,3.5361908565322593
2316,Salvador,BA,comercial,Construtora Serrana,3237.0,16793252.49,1504296.17,18105196.4,10488031.39,6531264.89,10754334.79,77,491,512,17,13,5593.202471424158,235132.42077922076,35361.71171875,8.957741634003147,107.81232766422843,57.9282939454885,36.07397978847664,42.03896103896104,0.15817114612295335,4.276985743380846,0.7741204396075868
2317,Rio de Janeiro,RJ,industrial,Engenharia Mineira,4147.0,18932433.6,52886.77,19356989.17,8824891.16,6888875.44,9450031.22,109,624,638,21,10,4667.7089872196775,177587.0566055046,30340.108416927902,0.27934480647009896,102.242477533369,45.5902055970412,35.58856896338285,38.04587155963303,0.15384615384615385,2.2435897435897356,0.5281941144639746
2318,Ribeirao Preto,SP,comercial,Beta Engenharia,4237.0,22532121.32,1018627.44,24118677.25,11815565.41,7812406.0,12450998.44,110,576,593,19,11,5692.394913854142,219260.70227272727,40672.30564924115,4.520779138073626,107.04130741827551,48.98927618428991,32.39151931518135,38.518181818181816,0.13995751711116355,2.951388888888884,0.48819193913340775
2319,Ribeirao Preto,SP,residencial_padrao,Vertice Engenharia,2113.0,8873463.33,503878.64,9690319.72,5237041.98,3391132.61,5608756.41,65,366,364,12,13,4586.048140085188,149081.84184615387,26621.757472527475,5.678489009995154,109.2056095756695,54.04405769183435,34.9950539093255,32.50769230769231,0.1722669190724089,-0.5464480874316946,1.4650423985016907
2320,Belo Horizonte,MG,industrial,Construtora Serrana,3439.0,21514808.96,1640631.6,22580634.63,12514154.34,7561190.16,13157354.65,84,688,842,28,14,6566.046708345449,268817.0789285714,26817.855855106885,7.625592228358788,104.95391649529198,55.4198522098845,33.48528632563061,40.94047619047619,0.24483861587670835,22.383720930232553,0.6507145857547972
2321,Uberlandia,MG,comercial,Construtora Serrana,2046.0,10842875.38,330570.19,11041335.79,5818556.5,3775532.21,6182509.65,57,342,339,11,11,5396.547306940371,193707.6454385965,32570.312064896752,3.0487318023570236,101.83033008353175,52.697939911127364,34.19452393993354,35.89473684210526,0.1656891495601173,-0.8771929824561431,1.0144910473000381
2322,Campinas,SP,residencial_padrao,Construtora Horizonte,4151.0,14772038.71,923380.57,15876024.24,8624840.23,4726785.53,9000212.22,125,803,806,26,15,3824.626412912551,127008.19392,19697.300545905706,6.250867521589373,107.4734811604078,54.32619716131146,29.773106027961067,33.208,0.19417007949891593,0.37359900373599153,1.0154319450737481
2323,Rio de Janeiro,RJ,industrial,Engenharia Vale Verde,2089.0,15444210.58,734005.83,16089309.59,8098515.78,5268458.84,8455400.23,69,323,374,12,18,7701.919382479655,233178.39985507246,43019.54435828877,4.752627699537622,104.17696331358879,50.33476256205224,32.74508959212587,30.27536231884058,0.1790330301579703,15.789473684210531,1.165485274029461
2324,Rio de Janeiro,RJ,residencial_padrao,Engenharia Mineira,2640.0,9003296.23,276608.16,9768032.83,5790114.61,3681519.4,6537084.95,74,457,486,16,11,3700.0124356060605,132000.44364864865,20098.832983539094,3.0722987774001074,108.49396243846572,59.27615837056928,37.68946587375464,35.67567567567568,0.18409090909090908,6.345733041575485,1.2217747499351135
2325,Belo Horizonte,MG,residencial_popular,Construtora Atlantica,1257.0,2096198.64,32720.62,2189570.17,1301576.02,703052.34,1447718.28,35,203,186,6,12,1741.9014876690533,62559.14771428571,11771.882634408601,1.560950349629079,104.4543264277664,59.44436208682913,32.10914861888167,35.91428571428571,0.14797136038186157,-8.374384236453203,5.724648309093455
2326,Campinas,SP,industrial,Engenharia Vale Verde,3146.0,19519215.28,1679758.1,21137533.32,12816388.52,8087246.22,13409069.81,73,630,612,20,22,6718.859923712651,289555.2509589041,34538.4531372549,8.605664089996143,108.29089703036463,60.63332142863299,38.260122870382304,43.0958904109589,0.19453273998728543,-2.857142857142858,1.127094490450233
2327,Campinas,SP,residencial_popular,Delta Obras,2580.0,4608319.52,198967.96,4847177.28,2704218.58,1699403.59,2745342.48,71,462,448,14,20,1878.7508837209302,68270.10253521128,10819.592142857144,4.317581694074893,105.18318573535024,55.7895538741261,35.05965414163684,36.33802816901409,0.17364341085271318,-3.0303030303030276,4.339976842577965
2328,Curitiba,PR,comercial,Vertice Engenharia,4126.0,17799937.17,258278.42,18277949.18,9745621.37,7120436.51,9637719.56,123,621,610,20,14,4429.944057198255,148601.21284552844,29963.8511147541,1.4510074812809015,102.68547020944342,53.31900900930287,38.95643017648439,33.54471544715447,0.1478429471643238,-1.7713365539452464,0.7865196301701326
2329,Contagem,MG,industrial,Engenharia Mineira,6369.0,30797016.37,2645357.31,32493248.83,15872905.46,9943215.09,16203381.96,154,1107,1165,38,11,5101.781885696341,210995.12227272725,27891.20071244635,8.589654524380798,105.5077817916554,48.849856605736036,30.60086463505533,41.357142857142854,0.18291725545611556,5.239385727190604,0.3571774573174343
2330,Uberlandia,MG,residencial_popular,Beta Engenharia,1913.0,4268260.91,362056.13,4632659.54,2622108.25,1675706.13,2899299.53,50,297,301,10,18,2421.67252483011,92653.1908,15390.895481727575,8.482521046259095,108.53740288336778,56.60049540355387,36.17157953290908,38.26,0.15734448510193413,1.3468013468013407,4.217174249546989
2331,Curitiba,PR,industrial,Beta Engenharia,3148.0,27056918.97,1983700.96,29243741.93,16401788.89,10035204.36,17121243.88,88,542,578,19,13,9289.625771918678,332315.24920454546,50594.70922145329,7.33158480534859,108.08230590639198,56.08649169884122,34.31573286353372,35.77272727272727,0.18360864040660738,6.6420664206642055,0.4804686008194081
2332,Salvador,BA,residencial_popular,Construtora Planalto,3963.0,6470552.48,533805.12,7158481.72,4057215.62,2284843.76,4168496.56,91,735,809,26,11,1806.3289730002523,78664.63428571429,8848.555896168109,8.249761077588849,110.63169245789038,56.67704100807567,31.91799391784994,43.54945054945055,0.20413827908150392,10.068027210884356,1.7000093939428182
2333,Sao Paulo,SP,residencial_popular,Obras & Cia,2115.0,3297714.4,219521.99,3458800.75,1958327.79,1217779.79,1991903.94,60,415,457,15,18,1635.3667848699763,57646.67916666667,7568.491794310722,6.656792049669311,104.88478777907511,56.61869334335029,35.208150975450096,35.25,0.21607565011820332,10.120481927710845,5.458325924161292
2334,Uberlandia,MG,residencial_popular,Alfa Construcoes,7159.0,12604130.04,241296.26,13068626.59,6595655.46,4491463.89,6806916.27,227,1234,1384,46,19,1825.4821329794663,57571.04224669604,9442.649270231213,1.9144221714170764,103.68527259339511,50.46938493940088,34.36829309544148,31.537444933920703,0.19332308981701354,12.155591572123182,1.5074423970319495
2335,Belo Horizonte,MG,residencial_popular,Estrutural Engenharia,3527.0,6121358.42,296856.54,6489006.78,2977329.77,1896730.07,3111756.12,97,625,733,24,16,1839.8091239013327,66896.97711340207,8852.669549795362,4.849520639570717,106.00599302924007,45.88267312613287,29.229898107765578,36.36082474226804,0.20782534732066912,17.28000000000001,2.613798915568156
2336,Contagem,MG,residencial_popular,Engenharia Vale Verde,6520.0,12571470.67,705195.01,13057492.98,6425989.92,4553506.8,6544862.74,195,1050,935,31,9,2002.682972392638,66961.50246153846,13965.23313368984,5.609486976594123,103.86607361030417,49.21304518288931,34.87274936294853,33.43589743589744,0.14340490797546013,-10.952380952380958,0.715906693516551
2337,Salvador,BA,comercial,Estrutural Engenharia,2904.0,12064018.78,841988.98,12632586.04,6215535.59,4218746.56,6486563.67,86,476,515,17,17,4350.064063360881,146890.5353488372,24529.293281553397,6.9793407599453365,104.71291756394298,49.20240060363761,33.39574768492928,33.76744186046512,0.17734159779614325,8.193277310924362,1.409149000015068
2338,Contagem,MG,residencial_popular,Construtora Planalto,5630.0,10676515.13,988038.3,11761732.59,6971411.66,4726749.76,7372395.47,139,1118,1170,39,13,2089.1176891651867,84616.78122302158,10052.762897435898,9.254314614547827,110.16452884472238,59.27197890833871,40.187529548314615,40.50359712230216,0.20781527531083482,4.651162790697683,1.2176257741134302
2339,Sao Paulo,SP,residencial_padrao,Beta Engenharia,6671.0,22097355.47,375418.38,21620984.77,13314877.05,7900606.26,14159605.34,200,1073,1041,34,16,3241.0410388247637,108104.92384999999,20769.43781940442,1.69892899858392,97.84421850548254,61.583120249337284,36.54138025647386,33.355,0.15604856843052017,-2.982292637465056,0.7240685439360405
2340,Goiania,GO,comercial,Construtora Horizonte,2161.0,4797079.97,202969.34,4865218.02,2634926.2,1703077.76,2906423.62,59,344,374,12,18,2251.3734474780194,82461.32237288135,13008.604331550801,4.231101863411295,101.420406798013,54.15844036522747,35.00516838092284,36.6271186440678,0.17306802406293384,8.720930232558132,3.7522826620711935
2341,Campinas,SP,residencial_popular,Vertice Engenharia,3432.0,6787849.86,589856.68,7840078.83,4810587.65,2795098.43,4847195.29,83,630,688,22,9,2284.4052534965035,94458.78108433734,11395.463415697675,8.68988990867279,115.50165356780593,61.35891939749795,35.65140721933277,41.34939759036145,0.20046620046620048,9.206349206349195,1.325898507719792
2342,Salvador,BA,industrial,Vertice Engenharia,3086.0,12621837.23,3986.13,12464736.08,7422592.48,4203590.36,8047268.27,103,534,549,18,16,4039.123810758263,121016.85514563107,22704.437304189436,0.031581218544996244,98.75532264331062,59.548733582171444,33.7238617249568,29.961165048543688,0.177900194426442,2.8089887640449396,1.2676442984045675
2343,Ribeirao Preto,SP,residencial_popular,Delta Obras,4277.0,7983908.62,623183.42,8375252.12,4736640.14,3335412.15,4734746.51,114,653,761,25,17,1958.2071826046295,73467.12385964912,11005.587542706964,7.805492894030644,104.90165304522235,56.55519466320257,39.82461784087761,37.51754385964912,0.1779284545241992,16.53905053598774,2.1292828875088
2344,Sao Paulo,SP,residencial_padrao,Engenharia Mineira,2064.0,6244455.25,589908.36,7139250.62,4055139.28,2302527.02,4290907.95,50,303,295,9,3,3458.939253875969,142785.0124,24200.849559322036,9.446914684831794,114.32943842459275,56.800629307505666,32.25166257015361,41.28,0.1429263565891473,-2.640264026402639,0.4804262149208292
2345,Uberlandia,MG,residencial_popular,Engenharia Mineira,1913.0,3741028.13,350084.38,4227792.46,2620341.88,1636539.17,2888891.46,45,266,278,9,9,2210.0326502875064,93950.94355555555,15207.88654676259,9.35797240316394,113.01151215882463,61.97896194743675,38.70907064345349,42.51111111111111,0.14532148457919497,4.511278195488733,2.405755767465988
2346,Salvador,BA,residencial_padrao,Construtora Horizonte,5510.0,16267593.56,1577365.9,16536051.32,8823343.71,5738798.04,9386963.58,136,1075,1185,39,19,3001.0982431941925,121588.61264705882,13954.473687763713,9.69636900616049,101.65026104819894,53.35822645475437,34.7047667483896,40.51470588235294,0.2150635208711434,10.232558139534875,1.1679662348288962
2347,Curitiba,PR,comercial,Alfa Construcoes,4244.0,17732899.63,1225228.16,19998475.32,11588990.01,6986281.99,11605277.77,139,652,703,23,7,4712.176088595665,143873.92316546763,28447.333314367,6.909350335052903,112.77611522803166,57.94936776210198,34.93407311412978,30.532374100719423,0.16564561734213007,7.8220858895705625,0.3947464964025176
2348,Sao Paulo,SP,residencial_padrao,Construtora Horizonte,5866.0,19321725.05,1060132.02,20987292.6,11839770.65,8179751.71,12460343.57,164,1016,1088,36,21,3577.7859870439825,127971.29634146343,19289.79099264706,5.486735875066186,108.62018037048924,56.41399715368718,38.97478281691274,35.76829268292683,0.18547562222979885,7.086614173228356,1.0868594779015344
2349,Rio de Janeiro,RJ,industrial,Engenharia Vale Verde,4122.0,21465730.4,525555.3,22128154.23,12498340.36,7671797.04,12562337.5,112,663,649,21,9,5368.305247452693,197572.805625,34095.76922958397,2.448345759527475,103.08595988888412,56.48162169375841,34.66984620705077,36.80357142857143,0.15744784085395438,-2.1116138763197623,0.41927294493552386
2350,Goiania,GO,residencial_padrao,Construtora Serrana,3671.0,10292101.32,522049.62,11101956.51,5585320.73,3906719.22,6089056.5,128,530,625,20,14,3024.232228275674,86734.035234375,17763.130416,5.072332692504041,107.86870596023242,50.30933714223315,35.18946607727254,28.6796875,0.1702533369654045,17.9245283018868,1.3602664377967861
2351,Sao Paulo,SP,residencial_popular,Beta Engenharia,4997.0,8762076.63,625253.12,9359507.23,5323838.95,3483632.14,5449381.06,148,736,769,25,8,1873.0252611566941,63239.91371621622,12171.010702210664,7.135901070064025,106.81836766816772,56.88161587113812,37.22025160506233,33.763513513513516,0.15389233540124075,4.483695652173902,0.9130255689169885
2352,Curitiba,PR,comercial,Estrutural Engenharia,5144.0,18123239.53,939403.93,22842656.75,10577318.42,11628352.71,10348804.98,286,829,947,31,18,4440.640892301711,79869.4291958042,24121.073653643085,5.183421697014894,126.04069328878973,46.30511474984187,50.906305852536185,17.986013986013987,0.18409797822706064,14.234016887816647,0.9931999171673475
2353,Curitiba,PR,comercial,Construtora Horizonte,2539.0,12295962.76,1000195.73,13329270.28,8345030.14,4065658.61,8359990.62,63,475,576,19,20,5249.811059472233,211575.71873015873,23141.09423611111,8.134342544153899,108.4036324781452,62.60680415882452,30.501734338003082,40.301587301587304,0.22686096888538795,21.26315789473685,1.6265501441710613
2354,Sao Paulo,SP,industrial,Alfa Construcoes,1880.0,8472394.01,100466.43,8187192.77,5021986.61,3029985.42,5261597.75,50,295,304,10,20,4354.889771276596,163743.8554,26931.555164473684,1.1858092279634196,96.63375853786573,61.33954276002714,37.00884424149207,37.6,0.16170212765957448,3.050847457627115,2.360607872626547
2355,Campinas,SP,comercial,Delta Obras,3222.0,13145772.66,488693.49,12807170.22,7271343.95,4766665.51,7454214.21,80,538,541,18,18,3974.9131657355683,160089.62775,23673.14273567468,3.71749537010478,97.42424847319701,56.77557044291397,37.218725355553204,40.275,0.16790813159528242,0.5576208178438735,1.3692614702497068
2356,Ribeirao Preto,SP,industrial,Construtora Planalto,1106.0,6920390.21,434283.68,7235595.3,4092344.13,2515186.24,4426446.66,29,173,185,6,13,6542.129566003617,249503.28620689653,39111.325945945944,6.275421859485002,104.55473001427762,56.558499478266846,34.76128964813718,38.13793103448276,0.16726943942133815,6.936416184971095,1.8785067901539616
2357,Uberlandia,MG,comercial,Beta Engenharia,3375.0,14777938.21,676303.8,15497568.07,8756725.16,4772003.13,9442349.67,105,653,771,25,17,4591.8720207407405,147595.88638095238,20100.607094682233,4.576442196397572,104.86962287819716,56.50386641599052,30.791948184680564,32.142857142857146,0.22844444444444445,18.070444104134765,1.1503634511407257
2358,Uberlandia,MG,comercial,Construtora Atlantica,2845.0,12245668.62,882359.06,13574059.92,7428711.74,5594905.6,7756172.65,101,615,562,18,13,4771.198565905097,134396.63287128712,24153.13153024911,7.205478829950571,110.84784621584835,54.727264972910184,41.21762857224812,28.168316831683168,0.19753954305799648,-8.617886178861788,1.0615998524382737
2359,Goiania,GO,industrial,Engenharia Mineira,4194.0,25056016.11,149323.95,25239286.23,13895258.27,8396468.28,15183038.21,153,672,695,23,18,6017.950937052933,164962.65509803922,36315.51975539568,0.5959604645225461,100.73144157952092,55.054085695512946,33.26745536099892,27.41176470588235,0.16571292322365283,3.4226190476190466,0.7183903427016116
2360,Rio de Janeiro,RJ,residencial_padrao,Delta Obras,2609.0,9984552.68,374594.85,10971264.75,6153671.4,3847104.65,6434526.14,68,471,500,16,15,4205.160885396704,161342.1286764706,21942.5295,3.7517439389182528,109.88238633841331,56.08898828186605,35.06527950663118,38.36764705882353,0.19164430816404754,6.157112526539277,1.502320682833034
2361,Campinas,SP,comercial,Beta Engenharia,3551.0,16978738.67,222543.55,18010917.41,10210438.66,7711907.21,10736230.74,89,655,761,25,12,5072.069110109828,202369.85853932585,23667.43417871222,1.310718978160702,106.07924275213547,56.69027527898702,42.817958877087534,39.89887640449438,0.21430582934384682,16.18320610687023,0.7067662818324065
2362,Curitiba,PR,comercial,Engenharia Vale Verde,3737.0,16202296.52,976264.21,17038593.79,10421880.89,6202359.74,10540007.69,92,706,783,26,17,4559.431038265989,185202.10641304348,21760.656181353766,6.025468110615717,105.16159711660431,61.166320521806405,36.40182879199916,40.619565217391305,0.20952635804120953,10.906515580736542,1.0492339761227873
2363,Uberlandia,MG,residencial_popular,Estrutural Engenharia,7530.0,11994083.46,1079726.34,13567838.46,7113160.9,4445195.54,7407534.61,205,1545,1690,56,9,1801.8377768924304,66184.57785365854,8028.306781065089,9.002157968975814,113.12109428993418,52.426633180890626,32.762739275715106,36.73170731707317,0.2244355909694555,9.385113268608425,0.7503699661599653
2364,Salvador,BA,comercial,Beta Engenharia,7759.0,38547865.24,109521.24,46490680.56,21112674.16,29198457.32,22919584.88,706,1018,1172,39,14,5991.839226704473,65850.82232294617,39667.81617747441,0.28411752328726364,120.60507182576214,45.41270186989923,62.80496858357885,10.990084985835693,0.15105039309189328,15.127701375245572,0.3631848330078888
2365,Belo Horizonte,MG,comercial,Delta Obras,2015.0,9357484.4,572935.31,10480535.94,5073674.9,3215289.55,5230748.81,48,297,314,10,19,5201.258531017369,218344.49875,33377.50299363057,6.122749293602884,112.00163945771577,48.41045275781957,30.678674911351912,41.979166666666664,0.15583126550868487,5.723905723905731,2.030460237796389
2366,Rio de Janeiro,RJ,comercial,Construtora Horizonte,6808.0,29460713.1,138679.04,30017073.64,17398225.24,10605435.31,18791848.12,200,1115,1204,40,16,4409.088372502938,150085.3682,24931.124285714286,0.47072533352901086,101.88848293695918,57.96109723639269,35.331343212175966,34.04,0.17685076380728554,7.98206278026905,0.543096154722745
2367,Sao Paulo,SP,residencial_padrao,Engenharia Mineira,3586.0,10984793.12,185591.0,11508461.66,6686064.27,4276132.66,6719885.7,159,510,553,18,14,3209.2754210819853,72380.26201257862,20810.961410488246,1.6895265843659328,104.76721349486826,58.09694177666487,37.15642269429084,22.553459119496857,0.15421081985499163,8.4313725490196,1.2744891821868012
2368,Belo Horizonte,MG,industrial,Obras & Cia,6044.0,41498095.03,3324647.17,43805099.03,19911336.73,16164318.27,21569131.05,147,924,958,31,12,7247.700038054269,297993.87095238094,45725.57310020877,8.011565754034084,105.55930097112218,45.454381272745636,36.90054041181333,41.1156462585034,0.1585043017868961,3.6796536796536827,0.2891699002405991
2369,Rio de Janeiro,RJ,residencial_popular,Construtora Horizonte,2747.0,4273077.82,314220.01,4408066.84,2389691.8,1286773.99,2530436.63,78,480,468,15,15,1604.683960684383,56513.677435897436,9418.94623931624,7.353482038855075,103.15905831080792,54.21178686119923,29.191344793673775,35.217948717948715,0.170367673825992,-2.500000000000002,3.510350298277507
2370,Ribeirao Preto,SP,industrial,Engenharia Mineira,7932.0,48821138.71,1037879.18,49164285.16,25497708.39,17173638.82,28687925.06,236,1261,1240,41,3,6198.220519415027,208323.24220338982,39648.617064516126,2.12588072999496,100.70286449490314,51.862257952130065,34.93112686192873,33.610169491525426,0.15632879475542108,-1.6653449643140417,0.06144879204518661
2371,Salvador,BA,residencial_popular,Engenharia Mineira,9802.0,19102603.92,135386.2,19037305.81,8675809.62,6029852.06,9212935.44,270,1635,1647,54,18,1942.1858610487654,70508.54003703703,11558.777055251972,0.7087316502346241,99.65817168029308,45.572675601201574,31.673872974360755,36.303703703703704,0.16802693327892268,0.7339449541284404,0.942279915103846
2372,Curitiba,PR,residencial_padrao,Alfa Construcoes,3287.0,9973329.61,918813.5,10752506.9,6719724.04,4122225.51,7261412.16,105,677,770,25,18,3271.222056586553,102404.82761904762,13964.294675324676,9.212705645251408,107.8126094340524,62.49448712281226,38.33734354543869,31.304761904761904,0.23425616063279586,13.737075332348603,1.8048135080135994
2373,Goiania,GO,residencial_popular,Construtora Planalto,2477.0,3552052.27,279123.61,3967504.65,2074355.46,1297858.1,2255305.34,77,333,346,11,13,1601.737848203472,51526.034415584414,11466.776445086705,7.858094104003712,111.696122365902,52.28363021578312,32.712201106052895,32.16883116883117,0.13968510294711345,3.9039039039038936,3.6598560527376476
2374,Belo Horizonte,MG,comercial,Beta Engenharia,3648.0,15428697.2,770294.83,15362886.07,8993931.35,5878503.71,9493414.65,111,608,617,20,20,4211.317453399123,138404.37900900902,24899.32912479741,4.992610976900888,99.57344985680321,58.54324056703754,38.264318847480716,32.86486486486486,0.16913377192982457,1.4802631578947345,1.2962857291670746
2375,Curitiba,PR,residencial_padrao,Obras & Cia,2848.0,7926229.7,191057.96,8150572.79,4440377.46,3231617.2,4594465.38,85,489,461,15,16,2861.8584234550563,95889.09164705883,17680.201279826466,2.4104519706260845,102.83038845064003,54.479330157604785,39.64895821757332,33.50588235294118,0.1618679775280899,-5.725971370143146,2.018614222093513
2376,Sao Paulo,SP,industrial,Construtora Planalto,2096.0,11468550.77,621657.0,12179873.89,6623126.47,4280497.85,7421965.88,61,323,357,11,14,5811.008535305344,199670.0637704918,34117.29380952381,5.420536669952764,106.20238018094419,54.377627632399076,35.14402438529681,34.36065573770492,0.17032442748091603,10.526315789473696,1.2207296528365108
2377,Sao Paulo,SP,residencial_padrao,Construtora Atlantica,3012.0,9912947.65,92863.51,9857461.61,5428276.3,2866972.63,5943323.01,65,490,540,18,19,3272.729618193891,151653.25553846153,18254.558537037035,0.9367900777726793,99.44026699263361,55.06768897271922,29.08428907388867,46.33846153846154,0.17928286852589642,10.20408163265305,1.916685195043878
2378,Uberlandia,MG,residencial_popular,Engenharia Mineira,2409.0,5715788.67,302743.27,6182509.65,3356258.72,2571310.6,3472484.26,59,370,400,13,15,2566.421606475716,104788.29915254239,15456.274125000002,5.296614124118763,108.16546949066961,54.286348263119976,41.590078229801065,40.83050847457627,0.16604400166044,8.108108108108114,2.624309761263444
2379,Campinas,SP,comercial,Alfa Construcoes,818.0,4296196.92,30061.53,4478058.23,2525928.95,1728564.97,2712991.1,36,126,128,4,19,5474.39881418093,124390.5063888889,34984.829921875,0.699724210965637,104.23307668122439,56.40679107471097,38.60077027180595,22.72222222222222,0.15647921760391198,1.5873015873015817,4.422516088950597
2380,Belo Horizonte,MG,industrial,Estrutural Engenharia,2602.0,13474858.82,733944.74,13441574.09,7075459.79,4114132.84,7124052.46,73,404,423,14,13,5165.862448116834,184131.15191780822,31776.770898345152,5.4467712783056825,99.75298642869194,52.638625079363756,30.60752269379486,35.64383561643836,0.16256725595695617,4.702970297029707,0.9647596441385202
2381,Rio de Janeiro,RJ,industrial,Construtora Serrana,2544.0,13381438.12,337223.3,13092460.04,7568131.92,4359646.04,8031965.37,64,406,452,15,6,5146.407248427673,204569.688125,28965.61955752212,2.5200826471407693,97.840455731226,57.80527033787304,33.29890659723564,39.75,0.17767295597484276,11.33004926108374,0.44838229988392314
2382,Uberlandia,MG,comercial,Construtora Serrana,3845.0,22277638.88,1581327.65,24073405.29,12997733.57,7733505.34,13462087.26,116,695,678,22,16,6260.96366449935,207529.35594827586,35506.4974778761,7.09827310927306,108.06084711074193,53.99208551271809,32.124683844426734,33.14655172413793,0.17633289986996098,-2.4460431654676262,0.7182089666766338
2383,Contagem,MG,industrial,Vertice Engenharia,2302.0,15745521.37,227423.06,16458855.22,9280589.43,5740500.92,9715907.71,67,353,374,12,12,7149.806785403996,245654.55552238808,44007.63427807487,1.444366652941134,104.53039206030432,56.386603478489064,34.87788696886052,34.35820895522388,0.16246741963509992,5.9490084985835745,0.7621214768323674
2384,Campinas,SP,residencial_popular,Vertice Engenharia,3693.0,6358300.29,56098.82,6655124.8,3936800.37,1932506.52,4291850.5,108,600,684,22,21,1802.091741131871,61621.525925925926,9729.714619883041,0.8822927109659994,104.66829964710584,59.15441841150748,29.037870484412252,34.19444444444444,0.1852152721364744,13.99999999999999,3.3027694575903714
2385,Ribeirao Preto,SP,industrial,Alfa Construcoes,3363.0,16014348.33,340328.91,16785537.42,10133113.6,5464710.54,10557757.95,104,607,689,22,15,4991.239197145406,161399.3982692308,24362.173323657476,2.125149915482074,104.81561331194051,60.368121356224044,32.556065398828316,32.33653846153846,0.2048765982753494,13.509060955518937,0.936660030798768
2386,Contagem,MG,industrial,Estrutural Engenharia,1455.0,9447489.56,553776.37,9954028.89,5533897.92,3736124.02,5767232.2,43,251,241,8,17,6841.256969072166,231489.04395348838,41303.02443983403,5.8616245774395965,105.36162889393022,55.594553533589355,37.53378718594416,33.83720930232558,0.16563573883161511,-3.984063745019917,1.7994198238627106
2387,Campinas,SP,comercial,Beta Engenharia,3706.0,16496591.54,32103.42,17111629.14,10110773.27,6715356.49,10729328.44,88,653,675,22,19,4617.277155963303,194450.33113636365,25350.56168888889,0.19460638230726296,103.72827076738061,59.08714586599555,39.24440177529467,42.11363636363637,0.18213707501349163,3.369065849923425,1.1517530729866152
2388,Contagem,MG,residencial_padrao,Construtora Planalto,1767.0,5492217.86,298997.71,6090824.71,3535124.56,1991835.64,3601055.59,56,318,329,10,19,3446.9862535370685,108764.72696428571,18513.14501519757,5.44402493895244,110.89918253898252,58.040162511917046,32.7022322072375,31.553571428571427,0.1861912846632711,3.4591194968553562,3.4594403361850614
2389,Sao Paulo,SP,residencial_popular,Obras & Cia,9365.0,14648498.32,327111.32,15734111.46,9485312.62,5420866.12,10068089.94,252,1532,1449,48,5,1680.097326214629,62436.95023809524,10858.600041407868,2.2330706728715386,107.41108826505297,60.285022412063164,34.45295359563952,37.16269841269841,0.15472504004271223,-5.417754569190603,0.3413319161304993
2390,Salvador,BA,residencial_popular,Construtora Planalto,7538.0,13074968.24,103341.22,13288264.49,7541877.4,4890368.17,7347215.05,148,1091,1128,37,12,1762.8368917484745,89785.57087837838,11780.376320921987,0.7903745393724949,101.63133283450333,56.75592479119898,36.80215857894923,50.932432432432435,0.14964181480498806,3.3913840513290605,0.9177842561245104
2391,Belo Horizonte,MG,industrial,Obras & Cia,3819.0,23230720.13,1054615.72,24203212.85,13700821.39,8998533.94,14526974.15,104,536,494,16,11,6337.578646242472,232723.20048076924,48994.35799595142,4.539746138295886,104.18623578846413,56.60744908087688,37.17908856055034,36.72115384615385,0.12935323383084577,-7.835820895522383,0.473510934591936
2392,Contagem,MG,residencial_popular,Delta Obras,2445.0,5188132.16,459985.45,5338169.64,2845598.5,1877665.91,2991266.64,64,383,397,13,10,2183.3004662576686,83408.900625,13446.27113350126,8.866108954325481,102.89193635344861,53.30663302037738,35.17433945767224,38.203125,0.1623721881390593,3.6553524804177506,1.9274759569733086
2393,Uberlandia,MG,residencial_padrao,Construtora Serrana,2183.0,6705528.28,369014.15,7160307.69,4174174.61,2423603.07,4571768.18,56,358,393,13,12,3280.0310077874487,127862.63732142858,18219.612442748094,5.5031331550808105,106.78215631953162,58.29602289060289,33.84775033319832,38.982142857142854,0.18002748511223088,9.77653631284916,1.789568174038034
2394,Belo Horizonte,MG,residencial_popular,Delta Obras,4332.0,7884473.97,209854.83,7888447.91,3721509.14,3098151.38,3884374.13,131,793,912,30,18,1820.9713550323177,60217.15961832061,8649.61393640351,2.66162119119787,100.05040209423129,47.176696638667416,39.27453683344408,33.06870229007634,0.21052631578947367,15.006305170239598,2.2829677754646704
2395,Campinas,SP,residencial_padrao,Construtora Horizonte,5336.0,16726856.91,1146233.87,17715657.95,9188546.83,5498474.07,9861919.64,157,821,880,29,17,3320.0258526986504,112838.5856687898,20131.429488636364,6.852655440094872,105.91145751601935,51.86681102069935,31.03736866854556,33.98726114649681,0.16491754122938532,7.186358099878198,1.0163296123993686
2396,Curitiba,PR,comercial,Construtora Serrana,3963.0,14296992.17,1118751.05,14772580.88,8134636.29,5883914.71,8730400.81,153,593,709,23,26,3727.625758263942,96552.81620915033,20835.79813822285,7.825079825863821,103.32649486231062,55.06577595397128,39.829971199995214,25.901960784313726,0.17890487004794348,19.561551433389536,1.8185643309336723
2397,Goiania,GO,residencial_popular,Delta Obras,1507.0,2876364.93,56515.76,2916419.47,1725716.44,947287.78,1831279.55,66,287,301,10,13,1935.248487060385,44188.17378787879,9689.101229235881,1.964832744640646,101.39254027130696,59.17243584990879,32.48119105445418,22.833333333333332,0.19973457199734573,4.878048780487809,4.519593416124705
2398,Rio de Janeiro,RJ,comercial,Construtora Horizonte,3515.0,15605337.02,981883.89,16951460.76,9090619.06,6624212.78,9275357.42,78,510,520,17,13,4822.606190611665,217326.42,32598.963000000003,6.291974910516863,108.62604721881233,53.627349222026574,39.07753363433441,45.06410256410256,0.14793741109530584,1.9607843137254832,0.833048333614265
2399,Campinas,SP,residencial_popular,Engenharia Mineira,4021.0,8338094.65,76013.74,8524529.08,3966799.5,2938243.08,4338160.86,144,851,908,30,20,2120.00225814474,59198.11861111111,9388.247885462555,0.9116440049046458,102.23593564028444,46.53394296356838,34.46809850052151,27.92361111111111,0.22581447401143995,6.698002350176258,2.398629523832522
2400,Rio de Janeiro,RJ,residencial_popular,Delta Obras,1285.0,2344401.04,191454.63,2546254.17,1420401.93,853777.55,1568752.44,33,184,206,6,14,1981.5207548638132,77159.21727272727,12360.45713592233,8.166462424022813,108.61000855041422,55.78398051283309,33.53072760996205,38.93939393939394,0.16031128404669262,11.956521739130444,5.9716745390967745
2401,Uberlandia,MG,residencial_popular,Construtora Atlantica,2569.0,5061637.92,305660.64,5645061.56,2936364.73,2012093.3,3063003.02,78,332,336,11,13,2197.377018295056,72372.5841025641,16800.77845238095,6.038769363415865,111.52638037767821,52.0165227392135,35.64342529508217,32.93589743589744,0.1307901907356948,1.2048192771084265,2.568338590287786
2402,Ribeirao Preto,SP,industrial,Beta Engenharia,2834.0,14149232.96,1136614.09,15565434.31,9200408.72,5459109.41,9676712.44,85,506,494,16,8,5492.390370501059,183122.7565882353,31508.97633603239,8.033043863319076,110.00903267338668,59.10794737085624,35.072001855372584,33.34117647058824,0.1743119266055046,-2.371541501976282,0.5654016739010564
2403,Campinas,SP,residencial_popular,Vertice Engenharia,4685.0,7935901.66,610630.22,8452822.95,5069904.36,2723064.43,5365538.6,135,773,826,27,15,1804.2311526147278,62613.50333333333,10233.441828087167,7.694528563500369,106.51370584146073,59.97883062249637,32.21485231747342,34.7037037037037,0.17630736392742796,6.856403622250973,1.8901443897176518
2404,Salvador,BA,comercial,Construtora Serrana,7131.0,32311530.51,3208017.06,36199722.42,20477599.15,12705246.48,21342017.19,291,1605,1896,63,12,5076.387942785023,124397.67154639176,19092.680601265823,9.928397105816947,112.03345012950301,56.56838721693158,35.09763509396545,24.50515463917526,0.26588136306268406,18.130841121495322,0.3713844503987873
2405,Curitiba,PR,industrial,Vertice Engenharia,1337.0,6762315.41,281121.06,7021777.68,4012992.9,2454750.44,4188640.96,42,265,307,10,21,5251.890560957367,167185.18285714285,22872.239999999998,4.15717166318925,103.8368850647858,57.15066871783956,34.9591022653967,31.833333333333332,0.22961854899027673,15.849056603773581,3.105445210222751
2406,Campinas,SP,industrial,Construtora Serrana,2505.0,15797510.74,1212714.67,17265133.88,9461812.05,5983423.2,10619865.58,77,342,398,13,17,6892.269013972055,224222.5179220779,43379.73336683417,7.676618740504177,109.29021770679294,54.8030042266895,34.656106587920654,32.532467532467535,0.15888223552894212,16.374269005847953,1.076118907579233
2407,Uberlandia,MG,residencial_popular,Alfa Construcoes,3028.0,5060776.07,381046.09,5268287.87,3056925.71,1999576.29,3317072.32,91,587,632,21,22,1739.857288639366,57893.2732967033,8335.898528481013,7.529400327724835,104.10039482343663,58.02503176425703,37.95495499375588,33.27472527472528,0.20871862615587847,7.666098807495736,4.347159347834966
2408,Ribeirao Preto,SP,residencial_popular,Beta Engenharia,2651.0,4438125.12,191306.68,4614700.93,2612571.01,1685405.1,2770436.93,70,498,486,16,14,1740.7396944549225,65924.299,9495.26940329218,4.310529217346626,103.97861270752095,56.61409156584282,36.52252064794153,37.871428571428574,0.18332704639758582,-2.409638554216864,3.1544851984704745
2409,Campinas,SP,industrial,Construtora Atlantica,2296.0,14274003.01,858606.83,15671714.46,9504745.55,4866944.17,9648362.66,68,378,389,12,12,6825.659608013938,230466.38911764708,40287.18370179949,6.015178989373073,109.79200753300108,60.649047519718536,31.055594985617162,33.76470588235294,0.16942508710801393,2.910052910052907,0.8406891880009489
2410,Belo Horizonte,MG,residencial_padrao,Construtora Atlantica,1533.0,6522164.95,1530.49,6729357.69,3545024.31,2471225.31,3732920.28,39,262,307,10,9,4389.665812133073,172547.63307692308,21919.731889250816,0.02346598118466783,103.17674792938195,52.67998036823036,36.72304882340115,39.30769230769231,0.20026092628832354,17.17557251908397,1.3799099024626784
2411,Sao Paulo,SP,residencial_padrao,Beta Engenharia,3163.0,8672164.69,856971.11,10057630.55,4697367.77,3573511.65,5031678.85,85,438,505,16,16,3179.7757034460956,118325.06529411765,19916.100099009902,9.881859266212805,115.97600956076863,46.704516999781816,35.53035312079543,37.21176470588235,0.15965855200758775,15.296803652968038,1.844983412094311
2412,Goiania,GO,residencial_popular,Construtora Horizonte,2501.0,4156444.67,248804.92,4300454.75,2294767.68,1474251.12,2433990.32,73,505,577,19,13,1719.4941023590563,58910.33904109589,7453.127816291161,5.986003417675713,103.46474189923475,53.36104699160013,34.28128432231499,34.26027397260274,0.23070771691323472,14.257425742574249,3.1276730552508476
2413,Sao Paulo,SP,residencial_padrao,Construtora Atlantica,3470.0,13082744.49,230140.17,13838100.43,7926651.57,4940963.85,8582954.72,73,599,667,22,14,3987.925195965418,189563.0195890411,20746.777256371814,1.7591123191002564,105.7736810542877,57.28135599316503,35.705506510766085,47.534246575342465,0.19221902017291068,11.352253756260433,1.070111856934997
2414,Ribeirao Preto,SP,residencial_padrao,Construtora Planalto,1013.0,3150344.88,29654.0,3106998.19,1823304.16,1104563.57,1903995.0,25,154,450,15,19,3067.1255577492598,124279.9276,6904.440422222222,0.9412937671763735,98.6240652483737,58.68378571536921,35.55082759800385,40.52,0.4442250740375123,192.20779220779224,6.031085714018714
2415,Goiania,GO,comercial,Beta Engenharia,1310.0,5548263.16,65765.78,5724742.89,3353829.14,2165390.11,3570730.8,32,276,287,9,9,4370.032740458015,178898.2153125,19946.839337979094,1.185339954206498,103.18081037093417,58.584799430180176,37.825106762130936,40.9375,0.21908396946564884,3.985507246376807,1.6221292574737929
2416,Sao Paulo,SP,industrial,Alfa Construcoes,5149.0,33963096.8,1750440.51,34648993.78,19316159.42,13281661.82,20519481.68,190,846,758,25,18,6729.266610992426,182363.12515789474,45711.0735883905,5.15394847621787,102.01953603948155,55.748110732005216,38.332027487812375,27.1,0.1472130510778792,-10.401891252955087,0.5299870063674524
2417,Campinas,SP,comercial,Delta Obras,1617.0,8202315.72,810671.83,9075825.82,5787366.58,3349433.47,5964756.84,43,280,322,10,16,5612.755609152752,211065.71674418607,28185.79447204969,9.883450694580189,110.6495547089231,63.766831743802676,36.904999461525584,37.604651162790695,0.19913419913419914,14.999999999999991,1.950668633857464
2418,Campinas,SP,residencial_padrao,Estrutural Engenharia,3074.0,9758967.44,335778.35,10027665.75,5689999.36,3508374.52,5733453.94,91,546,581,19,15,3262.0903545868573,110194.12912087912,17259.321428571428,3.440715957548066,102.75334774556846,56.74300980764143,34.9869511755515,33.78021978021978,0.18900455432661029,6.41025641025641,1.5370478580057647
2419,Salvador,BA,residencial_padrao,Construtora Planalto,2380.0,7687995.39,160015.04,7913613.64,4802952.33,3038793.84,5258754.79,56,328,314,10,17,3325.0477478991597,141314.5292857143,25202.591210191084,2.081362330265393,102.9346824309165,60.692277238846856,38.39957291622339,42.5,0.1319327731092437,-4.268292682926833,2.2112396193827584
2420,Sao Paulo,SP,industrial,Engenharia Vale Verde,2028.0,13367850.93,182937.29,14301661.88,7072291.0,4675518.07,7041745.67,56,259,271,9,15,7052.101518737673,255386.8192857143,52773.66007380074,1.3684869090622034,106.98549792999526,49.450833471948926,32.69213123083567,36.214285714285715,0.133629191321499,4.633204633204624,1.1220950980487931
2421,Ribeirao Preto,SP,residencial_popular,Beta Engenharia,2813.0,5320807.8,285793.1,5464379.94,2984852.69,2034159.08,3217245.21,67,448,483,16,18,1942.5453039459653,81557.90955223881,11313.41602484472,5.371235172223285,102.69831471830275,54.62381318236081,37.2257987609844,41.985074626865675,0.17170280838961963,7.8125,3.382944973129832
2422,Campinas,SP,comercial,Delta Obras,2801.0,10104572.8,967461.4,11420498.37,5956912.01,4146263.05,6142327.26,93,366,354,11,9,4077.2932416993926,122801.05774193548,32261.294830508472,9.574490868134475,113.023069812511,52.159825403486316,36.30544758792343,30.118279569892472,0.12638343448768297,-3.2786885245901676,0.8906858486882294
2423,Salvador,BA,residencial_padrao,Engenharia Vale Verde,3409.0,11932367.47,590735.55,12231140.72,6444129.7,4871225.04,6947891.25,87,616,702,23,18,3587.8969551188034,140587.8243678161,17423.27737891738,4.950698605999268,102.50388911296243,52.686252635968366,39.82641645218517,39.18390804597701,0.2059254913464359,13.961038961038952,1.5085019838062361
2424,Curitiba,PR,comercial,Construtora Serrana,3144.0,17775989.94,1272883.61,18591815.41,9758619.0,6277998.06,10241942.9,79,493,520,17,16,5913.4272932569975,235339.43556962025,35753.49117307692,7.16069042734843,104.58947981380327,52.48879028107778,33.76753652912908,39.79746835443038,0.16539440203562342,5.476673427991896,0.900090518390561
2425,Belo Horizonte,MG,residencial_padrao,Construtora Horizonte,1286.0,4735325.77,401371.53,5068351.94,2856611.41,1762457.68,3041171.11,36,222,260,8,17,3941.1756920684297,140787.5538888889,19493.66130769231,8.476112299238919,107.03280378532438,56.36174132769478,34.773782500983934,35.72222222222222,0.20217729393468117,17.117117117117118,3.590038114737775
2426,Ribeirao Preto,SP,residencial_popular,Alfa Construcoes,2095.0,4910036.7,110184.95,5037265.6,2712783.87,1714018.12,2811454.05,67,301,287,9,18,2404.422720763723,75183.06865671641,17551.44808362369,2.2440758945854724,102.59120059122979,53.854294877760665,34.02675689763113,31.26865671641791,0.1369928400954654,-4.651162790697672,3.6659603786668233
2427,Ribeirao Preto,SP,industrial,Beta Engenharia,2464.0,15965109.91,21175.13,15458255.01,7827792.2,5714348.72,8360920.5,68,433,448,14,13,6273.642455357142,227327.27955882353,34505.033504464285,0.13263378779958554,96.82523388277757,50.638265411821536,36.966324570938745,36.23529411764706,0.18181818181818182,3.4642032332563577,0.8142756343855324
2428,Contagem,MG,comercial,Delta Obras,3871.0,17602699.56,415735.99,17475416.4,9149356.51,6186132.61,9673733.62,151,597,638,21,6,4514.444949625419,115731.23443708608,27390.93479623824,2.361774048252858,99.27691113760054,52.35558512929054,35.39905698613282,25.635761589403973,0.16481529320588995,6.867671691792299,0.34085680889732806
2429,Salvador,BA,industrial,Construtora Horizonte,1990.0,11128098.03,376447.74,11648187.62,7227363.26,4169477.0,7120531.82,54,340,327,10,16,5853.360613065326,215707.17814814814,35621.36886850153,3.3828578700973213,104.6736611108017,62.04710548781493,35.79507075281811,36.851851851851855,0.16432160804020102,-3.8235294117647034,1.4378018558846217
2430,Campinas,SP,residencial_padrao,Construtora Atlantica,1310.0,3006119.21,53725.82,3730719.1,1612202.54,2283828.58,1720279.74,99,212,236,7,12,2847.8771755725193,37684.031313131316,15808.131779661016,1.7872152182547678,124.10416352051455,43.21425700476886,61.21684637152125,13.232323232323232,0.1801526717557252,11.32075471698113,3.9918576615596026
2431,Rio de Janeiro,RJ,residencial_popular,Alfa Construcoes,2296.0,3793392.21,186229.39,3914486.9,2325964.72,1464118.32,2478909.73,64,320,308,10,11,1704.9158972125435,61163.8578125,12709.373051948052,4.90931018177,103.19225335257384,59.41940232320104,37.40256021804544,35.875,0.13414634146341464,-3.749999999999998,2.8997792453419944
2432,Curitiba,PR,comercial,Estrutural Engenharia,2131.0,10412805.97,707686.01,10841081.11,5587340.64,3898956.67,5901206.51,50,369,378,12,20,5087.321027686532,216821.62219999998,28680.108756613754,6.796304589165411,104.11296571965221,51.53859272251123,35.96464808665194,42.62,0.17738151102768654,2.4390243902439046,1.9207118674468107
2433,Curitiba,PR,residencial_padrao,Alfa Construcoes,3205.0,8004629.4,265321.45,8008431.49,4416314.18,2680820.57,4849497.84,118,632,675,22,17,2498.730574102964,67868.06347457628,11864.342948148149,3.3146000488167506,100.04749863872524,55.14580708487774,33.47497663365788,27.161016949152543,0.21060842433697347,6.803797468354422,2.123771026801066
2434,Campinas,SP,residencial_padrao,Engenharia Vale Verde,2613.0,9956103.9,3081322.84,12901519.11,5862805.23,3506776.79,6267316.47,61,373,390,13,11,4937.4355568312285,211500.31327868853,33080.818230769226,30.949082803364476,129.58401438538624,45.442751198622226,27.181115340765484,42.83606557377049,0.14925373134328357,4.557640750670244,1.1048498599939278
2435,Rio de Janeiro,RJ,residencial_padrao,Engenharia Mineira,5946.0,17955536.4,1093352.6,18843155.71,10153426.61,5565534.35,10731777.16,158,794,749,24,17,3169.0473780692905,119260.4791772152,25157.75128170895,6.089222709047,104.94342964880738,53.88389697704196,29.53610549981492,37.63291139240506,0.12596703666330306,-5.6675062972292185,0.9467831882761242
2436,Rio de Janeiro,RJ,residencial_padrao,Delta Obras,1802.0,4902850.95,1486836.85,6402960.36,2595560.61,1912393.04,2694133.39,70,309,336,11,16,3553.252142064373,91470.86228571429,19056.429642857143,30.3259647328255,130.5966757973746,40.53688394222699,29.867325931719495,25.742857142857144,0.1864594894561598,8.737864077669899,3.2634073854519277
2437,Ribeirao Preto,SP,residencial_popular,Beta Engenharia,6292.0,9572034.43,747931.96,10798313.56,5089310.02,3762015.46,5531406.34,153,963,1063,35,10,1716.1973235855055,70577.21281045752,10158.338250235183,7.813719909488458,112.81106058453658,47.130600456466084,34.83891664283177,41.12418300653595,0.1689446916719644,10.384215991692635,1.0447099906639177
2438,Sao Paulo,SP,residencial_popular,Construtora Horizonte,1685.0,3196391.98,234495.13,3452161.7,1958172.04,1392406.27,2081559.86,52,257,252,8,18,2048.7606528189913,66387.725,13699.054365079366,7.33624447399596,108.00182585866706,56.723068331358874,40.33432935658837,32.40384615384615,0.14955489614243322,-1.945525291828798,5.631349381623714
2439,Campinas,SP,comercial,Construtora Horizonte,3642.0,11849400.75,138271.38,11447714.69,7095646.55,3612387.68,7606315.22,114,627,656,21,21,3143.2495030203186,100418.5499122807,17450.784588414634,1.1669060986058726,96.61007279207769,61.98308345506119,31.555535561657155,31.94736842105263,0.1801208127402526,4.6251993620414655,1.7722415203148565
2440,Ribeirao Preto,SP,residencial_padrao,Beta Engenharia,5701.0,16618765.11,373253.95,17451467.59,10219509.17,6026855.59,10596410.32,185,1064,1039,34,16,3061.123941413787,94332.25724324324,16796.40769008662,2.245978852997941,105.01061585796731,58.55959745102446,34.53494990560848,30.816216216216215,0.18224872829328187,-2.3496240601503793,0.9627670825176012
2441,Rio de Janeiro,RJ,residencial_popular,Engenharia Vale Verde,3699.0,7109368.9,432343.94,7295151.2,3945608.68,2383664.23,4038676.26,85,774,937,31,16,1972.1955123006219,85825.30823529411,7785.646958377802,6.081326571758008,102.6132038246039,54.085358504975204,32.67463777858367,43.51764705882353,0.2533117058664504,21.05943152454781,2.250551381571998
2442,Salvador,BA,residencial_padrao,Estrutural Engenharia,4058.0,16020271.05,732477.3,16674155.32,8601965.35,4987533.56,8861424.42,91,692,1711,57,23,4108.958925579103,183232.47604395603,9745.269035651665,4.5721904311974795,104.08160553563168,51.5886123459716,29.9117614312831,44.59340659340659,0.4216362740266141,147.25433526011562,1.435681077318601
2443,Salvador,BA,residencial_padrao,Construtora Serrana,2335.0,9474196.79,590278.08,10162654.09,5682276.58,3646819.44,5966401.01,65,353,357,11,9,4352.314385438972,156348.52446153847,28466.818179271708,6.230375968367446,107.26665611090817,55.91331289718235,35.88451803735455,35.92307692307692,0.15289079229122055,1.1331444759206777,0.9499486024503404
2444,Salvador,BA,residencial_popular,Beta Engenharia,2220.0,3916771.96,261420.72,4317331.82,2345737.36,1661367.52,2477522.03,64,362,342,11,16,1944.744063063063,67458.3096875,12623.777251461988,6.674392144085917,110.22678532451505,54.33303386905294,38.481348880892824,34.6875,0.15405405405405406,-5.524861878453036,4.084996564364702
2445,Ribeirao Preto,SP,residencial_popular,Construtora Planalto,4892.0,7151891.09,140058.6,7174516.08,4343355.14,2558642.37,4459579.6,176,897,887,29,18,1466.5813736713,40764.295909090906,8088.51869222097,1.9583435798656716,100.31634975582382,60.538649458292106,35.66292613285216,27.795454545454547,0.18131643499591169,-1.114827201783719,2.516816849346066
2446,Belo Horizonte,MG,residencial_popular,Alfa Construcoes,4344.0,8525921.99,293257.72,8797003.34,4958279.62,3122030.64,4951753.37,121,667,784,26,12,2025.092849907919,72702.50694214876,11220.667525510204,3.4396012577168786,103.179496016008,56.363279953011826,35.4897062026124,35.900826446280995,0.18047882136279927,17.541229385307354,1.407472413432204
2447,Ribeirao Preto,SP,residencial_padrao,Estrutural Engenharia,2685.0,8943861.64,345030.76,9457292.96,4775862.38,3422647.38,4908313.94,78,364,341,11,13,3522.269258845438,121247.34564102565,27733.99695014663,3.857738121270847,105.7405999853996,50.49925385836836,36.19056102498065,34.42307692307692,0.12700186219739293,-6.318681318681318,1.4535108573079403
2448,Campinas,SP,comercial,Construtora Serrana,5035.0,23255449.47,1470599.82,25711433.53,14481196.1,9631168.28,15515989.38,244,847,816,27,11,5106.540919563059,105374.72758196722,31509.109718137257,6.323678335682584,110.56089697672053,56.32200975143372,37.45869816539941,20.635245901639344,0.16206554121151936,-3.65997638724912,0.47300741334585783
2449,Campinas,SP,industrial,Obras & Cia,2472.0,19042585.72,1662868.76,20032317.6,11628640.7,6806157.28,12317286.71,71,419,429,14,15,8103.688349514564,282145.3183098592,46695.379020979024,8.73236851576058,105.19746579877811,58.04940263127617,33.97588544622515,34.816901408450704,0.17354368932038836,2.3866348448687402,0.7877081516427592
2450,Rio de Janeiro,RJ,residencial_popular,Construtora Horizonte,2694.0,4584084.61,254509.26,5051944.48,2918068.79,1480366.22,2893867.43,87,435,455,15,17,1875.257787676318,58068.327356321846,11103.174681318682,5.552019250360215,110.2061787642266,57.761299664955935,29.302899623314936,30.96551724137931,0.16889383815887157,4.597701149425282,3.7084830334316186
2451,Curitiba,PR,residencial_popular,Construtora Serrana,5995.0,11948201.93,607572.01,12987192.63,6286369.44,4512370.97,6626621.51,157,1295,1332,44,16,2166.3373861551295,82720.9721656051,9750.144617117117,5.085049730156344,108.69579126706309,48.404375133996915,34.74477586154045,38.18471337579618,0.22218515429524605,2.857142857142847,1.3391136251076066
2452,Sao Paulo,SP,comercial,Obras & Cia,4362.0,19443212.67,1061023.36,20380371.8,11328856.8,7619081.15,11879903.45,118,644,712,23,19,4672.25396607061,172715.01525423728,28624.117696629215,5.457037260293466,104.81998086379004,55.58709581539626,37.384407040111014,36.96610169491525,0.1632278771205869,10.559006211180133,0.9772047615009706
2453,Ribeirao Preto,SP,residencial_popular,Construtora Atlantica,4236.0,7136291.19,218451.03,7458183.38,4285027.87,2944867.34,4282785.32,99,566,620,20,17,1760.6665203021719,75335.18565656565,12029.328032258065,3.061128311385511,104.5106369881748,57.45404278327091,39.485048703642896,42.78787878787879,0.14636449480642116,9.540636042402827,2.3821897884186534
2454,Rio de Janeiro,RJ,residencial_popular,Estrutural Engenharia,4226.0,8276148.1,583497.17,9026207.11,5288776.07,3372186.1,5390688.35,107,564,590,19,20,2135.8748485565543,84357.07579439251,15298.656118644067,7.050347129481649,109.0628998048017,58.593559903368984,37.35994597624517,39.495327102803735,0.1396119261713204,4.6099290780141855,2.416583144518644
2455,Contagem,MG,residencial_popular,Beta Engenharia,2937.0,4815829.63,352758.28,5422956.33,2961108.53,2088553.18,3255794.49,84,481,533,17,11,1846.4270786516854,64559.00392857143,10174.402120075047,7.324974243326794,112.6068973914262,54.60321547527563,38.51318456034847,34.964285714285715,0.1814776983316309,10.81081081081081,2.2841339592821104
2456,Curitiba,PR,industrial,Beta Engenharia,2322.0,15716326.08,903653.16,16538325.66,9242711.28,6657975.95,9858349.0,60,318,326,10,10,7122.448604651163,275638.761,50731.06030674847,5.749773550129853,105.23022731785927,55.88662038718132,40.257859754830825,38.7,0.14039621016365203,2.515723270440251,0.6362810207104077
2457,Salvador,BA,comercial,Vertice Engenharia,3192.0,16360661.74,101542.57,16654084.29,8429009.92,5860775.36,8686619.89,104,554,480,16,10,5217.444953007519,160135.4258653846,34696.008937499995,0.6206507512574488,101.79346382599313,50.612268877858554,35.19121951075462,30.692307692307693,0.15037593984962405,-13.357400722021662,0.6112222206483928
2458,Belo Horizonte,MG,residencial_padrao,Construtora Horizonte,1742.0,6003878.09,219212.29,6357875.77,3467422.92,2163243.74,3631321.38,36,323,345,11,18,3649.7564695752008,176607.66027777776,18428.625420289853,3.6511782337006116,105.89615036637095,54.53744372233936,34.02463052529887,48.388888888888886,0.19804822043628015,6.811145510835903,2.99806220748896
2459,Uberlandia,MG,residencial_popular,Vertice Engenharia,1343.0,2215581.3,151993.59,2343283.33,1267143.96,884174.91,1299848.58,38,280,301,10,15,1744.8126061057335,61665.35078947368,7784.994451827243,6.860212712573445,105.76381602426417,54.07557608494573,37.73230913566052,35.3421052631579,0.22412509307520476,7.499999999999996,6.770232263650177
2460,Uberlandia,MG,residencial_popular,Engenharia Mineira,2708.0,4008875.57,159093.19,4353250.15,2338434.9,1345251.83,2407661.04,100,545,601,20,9,1607.5517540620385,43532.501500000006,7243.344675540766,3.9685240218119318,108.5903035399026,53.71698890310726,30.902240478875303,27.08,0.22193500738552438,10.275229357798166,2.245018545187722
2461,Uberlandia,MG,industrial,Construtora Horizonte,3020.0,16675306.22,1327466.52,17496357.53,10211465.21,5757172.79,10603677.31,92,460,503,16,4,5793.495870860927,190177.79923913046,34784.01099403579,7.960672520711287,104.92375551709658,58.36337759154148,32.904979108528764,32.82608695652174,0.16655629139072847,9.347826086956523,0.239875654889173
2462,Sao Paulo,SP,residencial_padrao,Alfa Construcoes,2513.0,7919271.41,149662.87,8190166.6,4740493.51,2676513.9,4862353.06,72,527,533,17,20,3259.1192200557102,113752.31388888888,15366.166228893058,1.8898565568925236,103.42070849671762,57.88030624431987,32.679602634700984,34.90277777777778,0.21209709510545166,1.1385199240986799,2.525484853915368
2463,Uberlandia,MG,residencial_padrao,Construtora Serrana,2515.0,7377663.55,73091.66,7330531.04,3891101.33,2339004.24,4086744.56,69,475,536,17,16,2914.7240715705766,106239.58028985508,13676.363880597015,0.990715549775918,99.36114584677694,53.08075647954694,31.90770528406357,36.44927536231884,0.21312127236580516,12.8421052631579,2.1687082762130028
2464,Salvador,BA,industrial,Alfa Construcoes,3366.0,19550445.48,1880016.7,21505210.01,11835395.73,7231185.79,12243966.5,93,505,502,16,15,6388.951280451575,231238.81731182797,42839.06376494024,9.616234586179875,109.9985677155015,55.035015814756036,33.625273999358626,36.193548387096776,0.14913844325609033,-0.5940594059405946,0.7672459441062311
2465,Belo Horizonte,MG,comercial,Engenharia Mineira,3566.0,11784747.48,97691.32,11395551.88,6282542.98,3680430.49,6503140.44,122,628,602,20,18,3195.6118564217613,93406.16295081968,18929.488172757476,0.8289640500638034,96.69746338934706,55.131537692582555,32.29707984972115,29.229508196721312,0.16881660123387549,-4.140127388535031,1.5273980227873325
2466,Goiania,GO,comercial,Obras & Cia,2563.0,7877686.17,329578.79,8019780.69,4490202.78,2956020.71,4758442.91,62,462,462,15,19,3129.0599648849006,129351.3014516129,17358.832662337663,4.183700427863071,101.8037595930278,55.9890968789073,36.85912151794764,41.33870967741935,0.18025751072961374,0.0,2.411875719593435
2467,Campinas,SP,residencial_padrao,Construtora Atlantica,2635.0,10621512.45,478035.97,11036099.79,5767048.67,4301820.71,6091213.96,75,402,450,15,17,4188.273165085388,147147.99719999998,24524.6662,4.50063936045191,103.90327970664856,52.256220764020476,38.97953798766802,35.13333333333333,0.17077798861480076,11.940298507462677,1.600525356442999
2468,Salvador,BA,residencial_popular,Construtora Serrana,3934.0,6361634.17,60839.26,6184775.76,3478163.91,1916643.38,3641832.87,122,644,693,23,11,1572.1341535332995,50694.883278688525,8924.640346320346,0.9563464099665449,97.2199217170641,56.23751037984278,30.989698808417266,32.24590163934426,0.17615658362989323,7.608695652173902,1.7291154609099442
2469,Campinas,SP,industrial,Construtora Horizonte,5984.0,28836665.09,927790.23,30533052.12,16887898.07,10825024.88,18250229.11,192,1071,1069,35,13,5102.448549465241,159026.31312500002,28562.256426566884,3.2173978062454243,105.8827434611649,55.31021924577909,35.45346478123393,31.166666666666668,0.17864304812834225,-0.18674136321195078,0.4508149593382818
2470,Sao Paulo,SP,comercial,Beta Engenharia,1641.0,5815739.86,492332.15,6191801.64,3324582.97,1867205.74,3464642.39,41,264,274,9,8,3773.1880804387565,151019.55219512194,22597.81620437956,8.46551190135248,106.46627581447564,53.69330549161456,30.156097507025436,40.02439024390244,0.16697135892748324,3.7878787878787845,1.3755773457171103
2471,Uberlandia,MG,residencial_popular,Engenharia Mineira,3208.0,4978956.46,149561.88,5264691.05,2784253.19,1957280.34,2914299.56,78,420,404,13,18,1641.1131701995012,67496.0391025641,13031.41349009901,3.003880054014371,105.73884492253623,52.88540511793185,37.17749667380767,41.12820512820513,0.1259351620947631,-3.809523809523807,3.6152153859164295
2472,Contagem,MG,residencial_popular,Vertice Engenharia,2236.0,3697015.2,53748.15,3710664.07,2011434.54,1392017.22,1997607.23,74,342,374,12,10,1659.5098703041144,50144.10905405405,9921.561684491979,1.4538255076689974,100.36918620188524,54.20686168446394,37.513964986865545,30.216216216216218,0.167262969588551,9.35672514619883,2.7048847405333905
2473,Curitiba,PR,comercial,Engenharia Vale Verde,5787.0,25842898.49,2534844.87,29122620.18,18024625.0,9418715.24,18947081.37,143,949,863,28,16,5032.420974598237,203654.68657342656,33745.79395133256,9.808670923584161,112.69099784325316,61.89218170821881,32.34157909482443,40.46853146853147,0.14912735441506825,-9.062170706006324,0.6191255987091098
2474,Sao Paulo,SP,industrial,Alfa Construcoes,1257.0,8888707.77,52876.35,9031000.72,5176191.91,3204691.87,5481054.72,34,205,202,6,11,7184.567000795545,265617.6682352941,44707.924356435644,0.5948710585183296,101.60082830577745,57.31581770929146,35.485456920658955,36.970588235294116,0.16070007955449483,-1.4634146341463428,1.2375252156591037
2475,Campinas,SP,industrial,Estrutural Engenharia,2799.0,17875499.34,166921.79,18228567.69,9434462.28,5187218.3,9688550.12,98,516,551,18,15,6512.528649517685,186005.79275510204,33082.69998185118,0.9338021099443032,101.97515237635875,51.75646512904931,28.456532560403264,28.56122448979592,0.19685602000714542,6.782945736434098,0.839137397769611
2476,Goiania,GO,residencial_popular,Construtora Horizonte,7743.0,15321731.1,900923.81,16047984.48,8136643.13,5400647.53,8540577.94,243,1489,1613,53,10,2072.5796822936845,66041.08839506173,9949.153428394296,5.880039299214696,104.74002170681615,50.701962854839444,33.65312034499176,31.864197530864196,0.20831718971974686,8.327736736064484,0.6526677654589566
2477,Ribeirao Preto,SP,comercial,Obras & Cia,1701.0,7375452.92,39074.47,7363792.02,4226947.49,2704229.58,4354496.57,59,307,338,11,18,4329.095837742504,124810.03423728813,21786.366923076923,0.5297907860552109,99.8418958113287,57.40177721640759,36.72332913063452,28.83050847457627,0.1987066431510876,10.097719869706845,2.440528086239889
2478,Goiania,GO,residencial_popular,Alfa Construcoes,7077.0,11883648.99,550109.46,12336570.16,7288370.99,4580040.18,7220503.48,234,1408,1277,42,18,1743.1920531298574,52720.3852991453,9660.587439310884,4.62912915437769,103.81129710563759,59.079394803198696,37.12571744495311,30.243589743589745,0.1804436908294475,-9.30397727272727,1.5146862731427746
2479,Contagem,MG,industrial,Obras & Cia,2621.0,17740870.16,1517476.25,19378710.13,10638669.19,6639715.09,11342169.98,66,411,445,14,14,7393.632251049217,293616.82015151513,43547.663213483145,8.553561557659243,109.23201599035883,54.89874774240199,34.26293620916038,39.71212121212121,0.1697825257535292,8.272506082725052,0.7891382933158223
2480,Curitiba,PR,comercial,Estrutural Engenharia,1568.0,7735837.68,41841.5,7511581.73,3948748.14,3107122.49,4136769.89,54,236,233,7,7,4790.549572704082,139103.3653703704,32238.548197424894,0.5408787222639864,97.10107735869661,52.56879685179169,41.364423655149395,29.037037037037038,0.1485969387755102,-1.2711864406779627,0.9048793795270017
2481,Rio de Janeiro,RJ,comercial,Engenharia Vale Verde,1885.0,8906308.02,58669.47,9155179.58,5102547.17,2493172.76,5416151.64,56,264,285,9,18,4856.859193633953,163485.34964285715,32123.43712280702,0.6587406349325879,102.79432913662019,55.73399325936542,27.23237417916383,33.660714285714285,0.15119363395225463,7.954545454545459,2.0210394654641646
2482,Ribeirao Preto,SP,residencial_padrao,Construtora Serrana,2943.0,8940018.03,760589.4,9655988.79,4837719.23,3139862.72,5219664.58,86,505,573,19,11,3281.001967380224,112278.93941860464,16851.63837696335,8.507694251260924,108.00860532492685,50.100712989746555,32.51725730307109,34.22093023255814,0.1946992864424057,13.465346534653456,1.2304225744385888
2483,Rio de Janeiro,RJ,comercial,Vertice Engenharia,1946.0,9086773.76,122775.67,8778423.82,5184909.15,3115505.7,5504664.78,52,392,421,14,18,4511.009157245632,168815.8426923077,20851.36299287411,1.3511469883894194,96.60660705169796,59.06423814019042,35.490490820252965,37.42307692307692,0.21634121274409043,7.397959183673475,1.980901084963295
2484,Uberlandia,MG,comercial,Construtora Serrana,3853.0,12652501.11,949935.8,13212084.64,7944250.98,5072269.71,8114926.35,110,621,696,23,8,3429.0383181936154,120109.86036363637,18982.880229885057,7.507889481623607,104.42271077579855,60.12867156442921,38.3911384782046,35.027272727272724,0.18063846353490787,12.077294685990347,0.6322860539942684
2485,Sao Paulo,SP,residencial_popular,Construtora Atlantica,3038.0,3545788.92,136692.98,3747905.73,2246656.59,1241767.19,2369853.01,79,600,673,22,16,1233.6753554970376,47441.8446835443,5568.95353640416,3.855079450132638,105.70019294887976,59.94431962406909,33.13229519249408,38.45569620253165,0.22152732060566163,12.166666666666659,4.512394945382141
2486,Curitiba,PR,residencial_padrao,Construtora Horizonte,2780.0,9871872.51,35508.59,9974877.26,5238433.83,3210561.02,5527312.42,91,418,458,15,11,3588.085345323741,109614.03582417582,21779.207991266376,0.35969457632308904,101.04341653415456,52.51627356866344,32.186471435338746,30.54945054945055,0.1647482014388489,9.569377990430628,1.1142769508882162
2487,Belo Horizonte,MG,industrial,Estrutural Engenharia,2029.0,9244364.39,897063.28,10126119.14,5780559.4,3589551.25,6226993.38,67,356,420,14,7,4990.694499753574,151136.10656716418,24109.80747619048,9.703893552382999,109.53829503901673,57.08563488222992,35.44843982548678,30.28358208955224,0.20699852143913258,17.97752808988764,0.7572180957700217
2488,Rio de Janeiro,RJ,residencial_popular,Construtora Horizonte,2703.0,4571822.11,55782.16,4504524.41,2523528.39,1400147.96,2605177.5,77,410,510,17,17,1666.4907177210507,58500.31701298701,8832.40080392157,1.220129713227184,98.52798953282108,56.02208269529613,31.083147354950174,35.103896103896105,0.18867924528301888,24.390243902439025,3.718429893152601
2489,Goiania,GO,residencial_popular,Construtora Serrana,2844.0,5247874.07,286711.28,5612665.81,2577026.97,2057572.35,2669048.42,82,396,375,12,16,1973.5111849507734,68447.14402439023,14967.108826666665,5.463379573816641,106.95122891925644,45.91449156670884,36.65944881902741,34.68292682926829,0.13185654008438819,-5.303030303030298,3.0488536475114008
2490,Rio de Janeiro,RJ,residencial_padrao,Construtora Horizonte,1330.0,5064212.38,142449.18,5124259.76,2754703.07,1734744.39,2794080.48,37,240,264,8,17,3852.826887218045,138493.50702702702,19410.07484848485,2.812859519134148,101.18572001911184,53.75806846294615,33.85356073361901,35.945945945945944,0.19849624060150375,10.000000000000009,3.3568892306210905
2491,Campinas,SP,residencial_popular,Construtora Planalto,2682.0,4289021.04,211710.31,4796880.83,2765326.58,1579264.62,3044056.71,64,545,539,17,14,1788.5461707680836,74951.26296875,8899.593376623377,4.936098658075131,111.84092559266159,57.64843192904586,32.9227403383294,41.90625,0.20096942580164057,-1.1009174311926606,3.2641481283104175
2492,Goiania,GO,comercial,Engenharia Mineira,4256.0,15060781.25,19978.75,15609415.13,8835066.48,5427885.48,9099738.1,108,841,899,29,15,3667.625735432331,144531.6215740741,17363.086907675195,0.13265414103269044,103.64279827781179,56.60088098380916,34.77315091433538,39.407407407407405,0.2112312030075188,6.896551724137923,0.9959642697818216
2493,Campinas,SP,comercial,Engenharia Vale Verde,2227.0,9245579.64,665436.59,10041034.18,5352346.82,3254678.53,5496836.16,59,435,421,14,18,4508.771522227212,170187.02,23850.437482185273,7.197348526652244,108.60362001056755,53.30473658441426,32.41377801982544,37.74576271186441,0.18904355635383924,-3.218390804597704,1.9468763128841535
2494,Uberlandia,MG,industrial,Estrutural Engenharia,2491.0,14943475.85,802269.37,16401060.9,9877291.49,6307800.64,10184825.25,82,376,436,14,19,6584.127217984746,200012.93780487805,37617.1121559633,5.3686931879372635,109.7539893973195,60.22349133524649,38.45971110320065,30.378048780487806,0.17503010839020475,15.957446808510634,1.271457871697233
2495,Contagem,MG,comercial,Construtora Serrana,4289.0,21538377.35,1641846.0,27684972.34,12914273.74,14569903.59,13294191.36,325,908,963,32,14,6454.87813942644,85184.53027692308,28748.673250259606,7.622886224527958,128.53787400098642,46.6472336739203,52.62748111526558,13.196923076923078,0.22452786197248775,6.057268722466969,0.6500025406974309
2496,Campinas,SP,comercial,Delta Obras,5780.0,31749111.24,1846082.16,32151984.93,18880601.85,12586344.73,20705974.16,154,1312,1415,47,17,5562.627150519031,208779.12292207792,22722.250833922262,5.814594764700569,101.26892903223204,58.72297430813707,39.146400315260415,37.532467532467535,0.24480968858131488,7.850609756097571,0.5354480593643226
2497,Goiania,GO,comercial,Delta Obras,6093.0,31298177.43,173977.06,30500498.32,17426717.32,9950102.74,19069257.11,230,944,1015,33,14,5005.826082389627,132610.86226086956,30049.752039408868,0.5558696201691256,97.4513560357179,57.135844592325334,32.62275466979977,26.491304347826087,0.166584605284753,7.521186440677963,0.44731039151758045
2498,Campinas,SP,residencial_popular,Delta Obras,2285.0,3819444.23,45409.03,3774084.6,2144098.31,1174618.94,2282194.21,95,297,308,10,3,1651.678161925602,39727.20631578947,12253.521428571428,1.1888910340235548,98.81240234786725,56.811082348286526,31.123280596306714,24.05263157894737,0.13479212253829323,3.703703703703698,0.7854545895542504
2499,Campinas,SP,comercial,Engenharia Vale Verde,1924.0,7774744.14,230885.19,7846489.31,4059330.38,2473523.46,4362374.34,46,331,347,11,10,4078.2168970893968,170575.8545652174,22612.36112391931,2.969682163714265,100.92279782727358,51.73435175431342,31.52395118728582,41.82608695652174,0.18035343035343035,4.8338368580060465,1.2862159602849645
2500,Uberlandia,MG,residencial_padrao,Vertice Engenharia,2671.0,9023262.32,371037.61,9097212.88,5437603.37,3127354.44,5982816.35,71,352,402,13,15,3405.920209659304,128129.75887323945,22629.882786069655,4.112011785112327,100.81955458433353,59.77219002926092,34.37706120822359,37.61971830985915,0.1505054286783976,14.204545454545459,1.6623699354004815
2501,Goiania,GO,residencial_padrao,Obras & Cia,2099.0,7220277.53,190238.69,7279566.57,4246334.23,2556315.45,4565532.42,69,308,335,11,19,3468.1117532158173,105500.9647826087,21730.04946268657,2.634783624446081,100.82114627524574,58.332239827295105,35.116313937355756,30.420289855072465,0.15959980943306337,8.766233766233755,2.631477795840349
2502,Goiania,GO,residencial_popular,Construtora Planalto,2744.0,6162359.26,551540.32,6864646.84,3670832.28,2019191.3,3719213.21,74,418,452,15,19,2501.6934548104955,92765.49783783783,15187.271769911504,8.950148745466034,111.39640761548199,53.47445200837163,29.41435076068677,37.08108108108108,0.16472303206997085,8.133971291866038,3.083234715530039
2503,Uberlandia,MG,residencial_popular,Construtora Atlantica,2023.0,3941968.33,2185900.42,6056347.23,2315786.69,1434414.42,2389544.46,59,283,328,10,15,2993.745541275334,102649.95305084747,18464.473262195123,55.4520035933419,153.63764299953166,38.237350040446735,23.68448118190211,34.28813559322034,0.16213544241225902,15.901060070671381,3.805205609046585
2504,Curitiba,PR,industrial,Delta Obras,7042.0,48820127.61,993559.18,46414305.09,25603843.66,16067989.06,27408516.83,215,1211,1331,44,11,6591.068601249645,215880.48879069768,34871.75438767844,2.0351425296079846,95.07206835013024,55.16369061295365,34.618613870967685,32.753488372093024,0.1890088043169554,9.909165978530133,0.22531690387771192
2505,Salvador,BA,residencial_popular,Engenharia Mineira,3283.0,7007962.14,658919.73,7914231.75,4372871.62,3124952.93,4363096.18,72,425,461,15,18,2410.670651842827,109919.88541666667,17167.530911062906,9.402444203273049,112.93199923023558,55.253267254904436,39.4852340531979,45.59722222222222,0.14042034724337496,8.47058823529412,2.568507026780256
2506,Rio de Janeiro,RJ,residencial_padrao,Estrutural Engenharia,2196.0,6978766.33,570987.39,7644854.31,4812161.51,2698696.54,4837835.08,50,437,439,14,16,3481.2633469945354,152897.0862,17414.246719817766,8.18178117736176,109.54449466428831,62.94641225151091,35.30082367259658,43.92,0.1999089253187614,0.4576659038901587,2.2926688247491445
2507,Curitiba,PR,residencial_padrao,Obras & Cia,1447.0,4144334.6,96288.05,4319716.16,2580318.5,1353560.85,2786408.02,36,264,235,7,10,2985.291057360055,119992.11555555556,18381.77089361702,2.323365734031224,104.23183880954015,59.73351962088176,31.33448587510898,40.19444444444444,0.16240497581202487,-10.984848484848486,2.4129325851247625
2508,Uberlandia,MG,comercial,Vertice Engenharia,2810.0,10664569.37,944974.22,11158391.73,6366683.76,3578162.35,6526005.49,76,379,464,15,10,3970.9579110320287,146820.94381578948,24048.258038793105,8.860875551696093,104.63049508017784,57.05736018285494,32.067007832140334,36.973684210526315,0.16512455516014235,22.427440633245375,0.937684368965758
2509,Belo Horizonte,MG,comercial,Obras & Cia,3857.0,20512114.36,240112.93,20806600.3,11038198.6,6081339.9,11147310.82,119,637,720,24,16,5394.503577910293,174845.38067226892,28898.055972222224,1.1705908312808373,101.43566838031222,53.0514281086084,29.22793638708963,32.411764705882355,0.18667358050298158,13.02982731554161,0.780026852385392
2510,Contagem,MG,comercial,Construtora Atlantica,2095.0,9158030.69,850972.53,10319050.76,5614440.86,3324040.14,5951698.89,56,299,297,9,12,4925.56122195704,184268.76357142857,34744.27865319865,9.292090830501465,112.67761715701347,54.40850123311149,32.212654218981676,37.410714285714285,0.14176610978520288,-0.6688963210702337,1.3103253752035635
2511,Goiania,GO,residencial_popular,Delta Obras,2432.0,4104192.02,19378.21,3953967.09,2499888.28,1311218.27,2689884.42,70,391,402,13,18,1625.808836348684,56485.24414285714,9835.739029850745,0.4721565147431868,96.33971974829774,63.22481252619632,33.162093668311236,34.74285714285714,0.16529605263157895,2.813299232736566,4.385759709166824
2512,Ribeirao Preto,SP,residencial_popular,Construtora Planalto,7381.0,13340018.42,386287.09,13112621.64,8190446.66,4372301.91,9106590.28,199,1207,1283,42,23,1776.5372767917627,65892.57105527639,10220.281870615745,2.895701323926658,98.29537881552642,62.46231215133269,33.344223832878015,37.09045226130653,0.17382468500203224,6.296603148301583,1.7241355503315714
2513,Campinas,SP,residencial_padrao,Construtora Planalto,3318.0,10221624.49,285760.1,10554450.9,5692541.34,3753626.29,5973141.94,116,526,582,19,12,3180.9677215189877,90986.64568965518,18134.795360824744,2.795642710995344,103.25610092921738,53.93498339169875,35.56439198556507,28.603448275862068,0.17540687160940324,10.646387832699622,1.1739816906539482
2514,Salvador,BA,comercial,Obras & Cia,4546.0,23104019.97,1451136.84,25395953.94,15563407.14,9504200.1,16075310.94,130,703,785,26,14,5586.439494060713,195353.49184615386,32351.533681528665,6.280884633428579,109.92006574170219,61.28301845549811,37.42407204885645,34.96923076923077,0.1726792784865816,11.664295874822184,0.6059551549115113
2515,Goiania,GO,residencial_padrao,Engenharia Vale Verde,6582.0,17886296.24,442339.31,17598902.29,9015177.91,6818172.82,9812344.86,190,1028,1078,35,10,2673.7925083561227,92625.80152631579,16325.5123283859,2.473062640049397,98.39321709680014,51.22579670848324,38.74203463175203,34.642105263157895,0.16378000607718018,4.863813229571989,0.5590872400758135
2516,Salvador,BA,residencial_popular,Construtora Horizonte,3559.0,5644671.94,230469.8,5753098.79,3186660.35,2067075.14,3313381.83,128,461,492,16,16,1616.493057038494,44946.084296875,11693.290223577236,4.082961816909416,101.92087071051287,55.39032904387168,35.92976959813339,27.8046875,0.13824107895476256,6.724511930585675,2.834531425399365
2517,Contagem,MG,comercial,Construtora Serrana,1365.0,6062906.34,263675.99,6461250.16,3787863.34,2409728.96,4089559.72,31,216,245,8,16,4733.516600732601,208427.42451612905,26372.44963265306,4.349003187801182,106.57017934405366,58.62431025267717,37.29508841675927,44.03225806451613,0.1794871794871795,13.425925925925931,2.63899837845755
2518,Salvador,BA,residencial_padrao,Construtora Horizonte,1932.0,6383608.14,499616.75,7008296.02,4129576.22,2705952.86,4536660.95,72,383,491,16,19,3627.4824120082812,97337.44472222222,14273.51531568228,7.826557317473439,109.7858118214631,58.924112340791226,38.6107101109579,26.833333333333332,0.25414078674948243,28.198433420365543,2.9763731706752288
2519,Campinas,SP,residencial_popular,Construtora Atlantica,3029.0,5409142.65,326709.96,5602953.63,3056557.42,1840705.88,3155730.24,63,522,559,18,15,1849.7700990425883,88935.7719047619,10023.172862254025,6.039958291726694,103.5830258608543,54.55260960280337,32.852420376000865,48.07936507936508,0.18454935622317598,7.088122605363978,2.7730827176465755
2520,Curitiba,PR,residencial_padrao,Construtora Planalto,5561.0,18905192.21,1393615.86,20233341.98,10989012.66,6949243.21,11706363.36,145,867,933,31,15,3638.435889228556,139540.28951724138,21686.32580921758,7.37160376112357,107.02531746436024,54.311406740726675,34.345503658610134,38.351724137931036,0.16777557993166697,7.61245674740485,0.7934328217020545
2521,Campinas,SP,residencial_popular,Delta Obras,4398.0,8453345.33,594349.84,9123853.86,5254587.46,3513937.46,5597759.54,120,650,666,22,16,2074.546125511596,76032.1155,13699.48027027027,7.0309423878700095,107.93187198469745,57.591753886334175,38.513741165950684,36.65,0.15143246930422918,2.4615384615384706,1.8927417933841821
2522,Ribeirao Preto,SP,residencial_popular,Alfa Construcoes,1333.0,2671577.66,167374.63,2921172.95,1515440.92,1030296.26,1593969.41,35,258,284,9,7,2191.4275693923482,83462.08428571429,10285.820246478874,6.265010840074176,109.3426177998509,51.87782257123803,35.269950723047735,38.08571428571429,0.21305326331582897,10.077519379844958,2.620174627452155
2523,Contagem,MG,industrial,Construtora Atlantica,1365.0,9207467.53,841441.75,10186390.01,6202773.78,3468687.35,6626346.13,38,230,265,8,23,7462.556783882784,268062.895,38439.20758490566,9.138688214304244,110.6318320082091,60.89275762964823,34.052174976559726,35.921052631578945,0.19413919413919414,15.217391304347828,2.4979724256491624
2524,Salvador,BA,residencial_popular,Engenharia Mineira,3497.0,6584075.04,501846.08,7015116.19,2852351.7,2778296.64,2935520.63,103,600,592,19,15,2006.0383728910497,68107.92417475728,11849.858429054055,7.622119689571461,106.5467229243487,40.660077791241825,39.60442799166239,33.95145631067961,0.16928796110952246,-1.3333333333333308,2.2782243380992813
2525,Campinas,SP,comercial,Engenharia Vale Verde,2083.0,9591197.27,243579.12,10108528.94,5017718.99,3293746.09,5377785.13,65,394,395,13,14,4852.870350456073,155515.82984615385,25591.212506329113,2.539611199134475,105.39381742901008,49.638468859149356,32.58383202491974,32.04615384615385,0.18963034085453673,0.2538071065989911,1.4596717808933148
2526,Sao Paulo,SP,residencial_padrao,Engenharia Mineira,1782.0,6322396.14,60010.41,6016612.57,2935254.83,2286828.46,3220250.14,73,267,315,10,11,3376.3257968574635,82419.35027397261,19100.357365079366,0.9491719384733144,95.16348607033031,48.78583747665175,38.00857099229841,24.410958904109588,0.17676767676767677,17.97752808988764,1.739846690466947
2527,Belo Horizonte,MG,industrial,Beta Engenharia,2727.0,17134213.81,746049.33,18417222.74,10744204.13,7398958.65,11745759.73,78,321,371,12,17,6753.657037037036,236118.24025641024,49642.10981132075,4.354149762999835,107.48799416318245,58.33780848327842,40.17412806725929,34.96153846153846,0.13604693802713605,15.576323987538942,0.9921669116839392
2528,Belo Horizonte,MG,industrial,Engenharia Mineira,1447.0,7466087.44,649980.19,8234665.03,4327028.86,2848567.69,4509922.02,37,273,294,9,16,5690.853510711818,222558.51432432432,28009.064727891157,8.705767180246148,110.29424844239435,52.54650728640507,34.59239300715065,39.108108108108105,0.20317899101589496,7.692307692307687,2.143023387896459
2529,Goiania,GO,industrial,Vertice Engenharia,6595.0,37815637.1,3160277.93,42024341.16,23204993.27,15223437.33,23540528.33,168,852,808,26,16,6372.151805913571,250144.88785714284,52010.32321782178,8.357066473964021,111.12953366056072,55.21798231565661,36.225284941504604,39.25595238095238,0.12251705837755876,-5.164319248826288,0.4231053930861844
2530,Rio de Janeiro,RJ,industrial,Alfa Construcoes,5540.0,34646587.21,1154220.51,34741759.6,20145043.36,10739554.57,20347835.14,158,907,979,32,13,6271.075740072202,219884.55443037977,35486.986312563844,3.331411844416407,100.27469484778729,57.9850980259503,30.912523411738764,35.063291139240505,0.17671480144404333,7.93825799338479,0.37521733154276815
2531,Rio de Janeiro,RJ,comercial,Delta Obras,1937.0,9566167.08,25941.41,9764953.23,5832410.5,3284344.66,6008360.76,72,441,456,15,14,5041.276835312339,135624.35041666668,21414.371118421055,0.27117872584763597,102.07801252411326,59.72799216366549,33.63400297617196,26.90277777777778,0.23541559112028912,3.401360544217691,1.4634910599951596
2532,Goiania,GO,residencial_padrao,Alfa Construcoes,6385.0,22948506.65,1963238.49,24581155.28,13918836.01,8141437.65,14277094.89,191,929,1063,35,12,3849.8285481597495,128697.14806282723,23124.32293508937,8.554972748085115,107.11440031763462,56.62401075723565,33.12064692347527,33.42931937172775,0.16648394675019576,14.42411194833153,0.5229098425888206
2533,Uberlandia,MG,comercial,Alfa Construcoes,2971.0,11272672.65,580420.84,11403540.91,6802465.42,4522349.67,7058801.42,93,434,497,16,10,3838.2837125546953,122618.7194623656,22944.75032193159,5.148919497808711,101.16093373828254,59.65222095213232,39.657416110414076,31.946236559139784,0.1672837428475261,14.516129032258075,0.8871010726990285
2534,Belo Horizonte,MG,residencial_padrao,Vertice Engenharia,2028.0,6841846.89,38989.01,6769312.53,3695681.07,2066861.55,3652465.26,51,375,457,15,22,3337.9253106508877,132731.61823529413,14812.500065645514,0.5698608961417434,98.93984239685317,54.594629124030114,30.532813204297423,39.76470588235294,0.22534516765285997,21.866666666666656,3.2155060400657405
2535,Goiania,GO,industrial,Estrutural Engenharia,9600.0,65700643.93,5698112.26,65868551.81,38040814.79,23115835.55,40435135.92,283,1887,1916,63,17,6861.307480208334,232751.0664664311,34378.158564718164,8.672840811227038,100.25556504465756,57.75262055211109,35.093887621331625,33.92226148409894,0.19958333333333333,1.5368309485956466,0.2587493665680424
2536,Contagem,MG,comercial,Delta Obras,1395.0,6366557.27,153498.48,6699721.01,3488115.71,2285468.31,3888968.25,41,247,270,9,7,4802.667390681004,163407.8295121951,24813.781518518517,2.4110123178079887,105.23302824227952,52.06359645116029,34.11288778426312,34.02439024390244,0.1935483870967742,9.31174089068827,1.0994953321137722
2537,Sao Paulo,SP,residencial_padrao,Delta Obras,4900.0,16836416.1,813102.17,17512163.52,8740064.28,6719823.49,9453051.04,132,972,1136,37,13,3573.9109224489794,132667.90545454546,15415.63690140845,4.829425485629332,104.01360607855254,49.90853511628242,38.37232037221178,37.121212121212125,0.23183673469387756,16.872427983539097,0.7721358228964179
2538,Contagem,MG,comercial,Construtora Planalto,3841.0,16046879.6,786385.45,17140522.92,10416564.33,6090477.49,10922693.11,101,536,606,20,15,4462.515730278574,169708.1477227723,28284.691287128717,4.900550571838278,106.81530208527272,60.771566763845264,35.5326235869588,38.02970297029703,0.15777141369435044,13.059701492537323,0.9347611731317532
2539,Rio de Janeiro,RJ,residencial_popular,Obras & Cia,4470.0,6438247.39,1280.4,6417163.4,3165517.79,2317719.59,3528379.61,133,675,835,27,18,1435.6070246085012,48249.34887218045,7685.225628742515,0.0198873998223296,99.67251972900657,49.328926079706804,36.11750933442025,33.609022556390975,0.18680089485458612,23.703703703703695,2.7957919150416495
2540,Uberlandia,MG,residencial_popular,Construtora Serrana,3791.0,8182696.4,706315.36,8150365.92,4203566.04,2835505.77,4285709.56,229,699,733,24,12,2149.9250646267474,35591.11755458515,11119.189522510233,8.631816768858734,99.60489209889298,51.57518179257404,34.789919837120635,16.554585152838428,0.1933526773938275,4.864091559370531,1.4665092548221632
2541,Uberlandia,MG,industrial,Delta Obras,3043.0,19197615.59,540071.38,20549938.48,11349907.27,6655191.9,11534500.8,89,441,433,14,17,6753.183858034834,230898.18516853932,47459.44221709007,2.813221139198777,107.04422319355338,55.230857654616194,32.38545899530109,34.19101123595506,0.14229378902398948,-1.814058956916098,0.8855266384672931
2542,Goiania,GO,comercial,Vertice Engenharia,3623.0,14532728.43,450830.35,15329688.87,8187886.67,4830080.34,8728950.87,102,756,1889,62,12,4231.214151255865,150291.06735294117,8115.240269984118,3.102172810642688,105.48390100206393,53.411955972724186,31.50801285636269,35.51960784313726,0.5213911123378415,149.8677248677249,0.825722441439718
2543,Goiania,GO,residencial_padrao,Obras & Cia,2500.0,9443283.58,554158.54,10281395.1,5765490.89,3782257.08,6070827.47,84,473,1408,46,20,4112.55804,122397.5607142857,7302.127201704545,5.868282312030282,108.87521287378303,56.076931524594364,36.78739162548087,29.761904761904763,0.5632,197.67441860465115,2.1179073815339136
2544,Campinas,SP,residencial_popular,Estrutural Engenharia,3062.0,5203404.23,332774.53,5447149.89,3302212.96,1903412.86,3488737.48,84,591,625,20,19,1778.9516296538209,64847.0225,8715.439824,6.395323432329223,104.68434988376829,60.62276652350391,34.94328040236837,36.45238095238095,0.20411495754408884,5.752961082910324,3.651455693266406
2545,Rio de Janeiro,RJ,residencial_padrao,Construtora Planalto,1679.0,4225420.84,269055.05,4644032.39,2621016.92,1720190.85,2645110.7,52,395,410,13,6,2765.951393686718,89308.31519230768,11326.908268292682,6.367532612443877,109.906978875032,56.43838586577989,37.04088829578556,32.28846153846154,0.24419297200714712,3.797468354430378,1.41997690341301
2546,Contagem,MG,residencial_padrao,Beta Engenharia,3198.0,8056856.04,736397.7,9283688.47,5282691.87,3579321.63,5469937.1,104,538,481,16,24,2902.967001250782,89266.23528846154,19300.80762993763,9.140013130978073,115.22718569016408,56.90294204798968,38.55495196296693,30.75,0.15040650406504066,-10.594795539033452,2.9788294442455996
2547,Curitiba,PR,residencial_popular,Construtora Planalto,4598.0,7745895.95,570026.54,8671631.46,4379485.97,3125821.05,4656674.78,129,855,887,29,11,1885.9572553284038,67221.9493023256,9776.360157835401,7.359078196757859,111.9513031930154,50.503598892566394,36.04651632646759,35.64341085271318,0.19290996085254458,3.7426900584795364,1.4201068631705542
2548,Sao Paulo,SP,industrial,Beta Engenharia,2949.0,16185538.36,195778.45,15741431.13,7685210.29,5470774.15,8009976.37,72,452,475,15,17,5337.887802644965,218630.98791666667,33139.85501052632,1.2095887430215824,97.25614792586981,48.821547586950565,34.753982054235244,40.958333333333336,0.1610715496778569,5.088495575221241,1.0503203305249835
2549,Salvador,BA,residencial_padrao,Obras & Cia,8534.0,28281791.43,1169998.61,29627176.42,13191583.95,10340494.11,14283708.25,224,1367,1506,50,19,3471.6635130067966,132264.18044642857,19672.759907038515,4.136932460222164,104.75707132389387,44.52528233873459,34.902057365883806,38.098214285714285,0.17647058823529413,10.168251645940018,0.671810342956058
2550,Goiania,GO,residencial_popular,Estrutural Engenharia,2545.0,3109021.63,102160.65,3260814.56,1813359.78,1073976.85,1956532.8,75,426,445,14,16,1281.2630884086445,43477.52746666667,7327.673168539326,3.2859420794701903,104.88233753458962,55.610637975070865,32.93584563729377,33.93333333333333,0.17485265225933203,4.460093896713624,5.146313504419074
2551,Goiania,GO,residencial_padrao,Beta Engenharia,3949.0,11355745.35,196281.17,11858816.02,6050354.43,4464883.03,6371271.29,147,556,597,19,16,3002.9921549759433,80672.21782312925,19864.013433835844,1.728474564639652,104.43009819694487,51.01988613193782,37.65032716984508,26.86394557823129,0.15117751329450493,7.374100719424459,1.4089784075688172
2552,Curitiba,PR,industrial,Construtora Planalto,3296.0,21607121.11,2022453.14,23386519.71,11381343.27,8336070.27,12421235.38,86,640,728,24,13,7095.424669296117,271936.2756976744,32124.34026098901,9.36012312655566,108.23524147868304,48.666254796062596,35.64476618740121,38.325581395348834,0.220873786407767,13.749999999999996,0.6016534981137985
2553,Campinas,SP,residencial_padrao,Construtora Planalto,4959.0,13759135.87,94978.73,14331156.13,7751550.79,5213399.38,8702802.17,123,801,1026,34,15,2889.928640855011,116513.46447154472,13967.988430799222,0.6902957489291803,104.15738506694463,54.088802882925535,36.378079568099714,40.31707317073171,0.20689655172413793,28.08988764044944,1.0901847428300744
2554,Belo Horizonte,MG,comercial,Engenharia Vale Verde,1290.0,5545114.53,209851.0,5811812.55,2866439.17,2149325.85,2938353.64,33,191,194,6,11,4505.281046511628,176115.5318181818,29957.796649484535,3.784430400213934,104.8096034546648,49.320915727056615,36.98202293189928,39.09090909090909,0.15038759689922482,1.5706806282722585,1.983728188207503
2555,Uberlandia,MG,comercial,Vertice Engenharia,4612.0,21244640.4,1991797.65,23294479.23,12233787.88,7453043.89,12805913.52,118,648,681,22,19,5050.841116652212,197410.8409322034,34206.28374449339,9.375530074870083,109.64873394609214,52.51797114332828,31.994893796129737,39.08474576271186,0.1476582827406765,5.092592592592582,0.8943432151480428
2556,Contagem,MG,residencial_popular,Estrutural Engenharia,1551.0,2595505.45,247892.98,3014813.7,1711123.41,1046536.97,1885076.31,54,263,318,10,14,1943.7870406189556,55829.88333333334,9480.546226415096,9.550855691711222,116.1551673875314,56.75718569276768,34.71315557574917,28.72222222222222,0.20502901353965183,20.912547528517102,5.393939743027702
2557,Ribeirao Preto,SP,industrial,Construtora Atlantica,4415.0,31679096.6,2272478.52,33953207.3,18011209.94,11766035.48,18378494.98,127,736,872,29,17,7690.420679501698,267348.0889763779,38937.164334862384,7.173432212078926,107.17858444233536,53.047153339178074,34.65367903550013,34.76377952755905,0.19750849377123442,18.47826086956521,0.5366314644212423
2558,Campinas,SP,industrial,Construtora Atlantica,1622.0,9213266.89,5129575.92,14310839.09,4767209.31,3324872.67,4834293.73,57,213,217,7,15,8822.958748458694,251067.35245614036,65948.56723502305,55.67597228261776,155.32860668057776,33.311878360306544,23.233247534194724,28.45614035087719,0.1337854500616523,1.8779342723004744,1.6280869944493706
2559,Contagem,MG,industrial,Engenharia Vale Verde,2629.0,13784911.93,418406.2,14347014.01,8704984.93,5429241.07,8821875.41,65,412,412,13,15,5457.213392925067,220723.29246153845,34822.84953883495,3.0352475382118747,104.07766174244975,60.67454122462378,37.84230688152789,40.44615384615385,0.15671357930772156,0.0,1.088146233807676
2560,Ribeirao Preto,SP,residencial_popular,Construtora Planalto,3790.0,6004353.91,426953.05,6059072.29,3472539.45,2187342.69,3713145.81,120,546,568,18,10,1598.6998126649078,50492.26908333333,10667.380792253522,7.110724257757816,100.91131170514231,57.31140484544376,36.10029036309781,31.583333333333332,0.14986807387862797,4.029304029304037,1.6654581242030753
2561,Sao Paulo,SP,industrial,Alfa Construcoes,3173.0,14478813.49,895941.1,15858561.81,9881053.94,6369475.66,10270790.43,103,822,836,27,22,4997.970945477467,153966.61951456312,18969.5715430622,6.187945584206845,109.52942947260797,62.307377291736884,40.164270482482046,30.805825242718445,0.2634730538922156,1.7031630170316392,1.51946152322458
2562,Goiania,GO,residencial_popular,Construtora Horizonte,2259.0,4277978.51,401505.33,4463402.5,2214244.71,1761252.38,2373652.63,67,306,287,9,18,1975.8311199645862,66617.94776119402,15551.925087108013,9.38539847877824,104.33438339081324,49.60889612800997,39.45986005071243,33.71641791044776,0.1270473660911908,-6.209150326797386,4.207594768866663
2563,Salvador,BA,residencial_popular,Construtora Planalto,4037.0,4857366.73,252823.9,5223145.78,2859498.86,2024799.12,3107286.3,133,606,588,19,15,1293.8186227396582,39271.77278195489,8882.900986394558,5.204958037006194,107.53039805993811,54.746679117196685,38.765893300416366,30.353383458646615,0.1456527124102056,-2.970297029702973,3.088092959371836
2564,Salvador,BA,residencial_padrao,Construtora Serrana,4418.0,13132902.24,63771.68,13476437.2,6961402.98,4358211.54,7526910.33,124,913,1021,34,13,3050.3479402444545,108680.94516129032,13199.25288932419,0.4855871066013509,102.6158342894967,51.656108188594544,32.339493556946934,35.62903225806452,0.23110004526935266,11.829134720700996,0.9898802079257693
2565,Belo Horizonte,MG,comercial,Vertice Engenharia,851.0,4367663.9,31266.02,4234782.34,2437439.56,1584544.38,2501756.06,21,120,138,4,19,4976.242467685076,201656.3019047619,30686.828550724636,0.7158522431178828,96.95760564360273,57.55761133168418,37.41737479711885,40.523809523809526,0.16216216216216217,14.999999999999991,4.350151576452574
2566,Rio de Janeiro,RJ,comercial,Obras & Cia,2899.0,13939896.94,308545.95,13919568.06,6860815.82,4970059.71,7220951.14,91,435,420,14,12,4801.5067471541915,152962.28637362638,33141.828714285715,2.2134019449931457,99.85416764494387,49.288999417414395,35.70555988933467,31.857142857142858,0.144877543980683,-3.4482758620689613,0.8608385020097574
2567,Salvador,BA,comercial,Obras & Cia,4743.0,18701609.43,969049.74,19211069.62,10414444.15,6806772.47,11110243.43,129,762,734,24,16,4050.4047269660555,148923.02031007753,26173.119373297006,5.181638209412654,102.72415158656214,54.2106418643024,35.43151216793102,36.76744186046512,0.15475437486822685,-3.6745406824146953,0.85554134043318
2568,Ribeirao Preto,SP,residencial_popular,Delta Obras,2080.0,4220104.52,362991.85,4523861.94,2438267.66,1412022.75,2538916.11,57,458,466,15,8,2174.933625,79365.99894736843,9707.858240343348,8.601489566898216,107.19786485288284,53.89792377262512,31.212772819499435,36.49122807017544,0.22403846153846155,1.7467248908296984,1.8956876451960485
2569,Curitiba,PR,residencial_popular,Construtora Planalto,3315.0,6071281.02,356022.55,6543866.7,3855163.28,1983402.69,4199449.9,80,557,579,19,3,1974.0171040723983,81798.33375,11302.015025906736,5.864043334959976,107.78395331138866,58.9126193539364,30.309338208249258,41.4375,0.17466063348416289,3.9497307001795434,0.4941296556883806
2570,Campinas,SP,industrial,Delta Obras,5433.0,36161793.9,3183259.51,41618260.34,24563389.51,14074680.01,27399560.0,184,1126,1144,38,11,7660.272471930794,226186.1975,36379.5981993007,8.802825210504835,115.08903694072545,59.020702233417765,33.81852075271053,29.527173913043477,0.210565065341432,1.5985790408525657,0.30418844901386377
2571,Rio de Janeiro,RJ,residencial_padrao,Beta Engenharia,4443.0,14149662.94,1061813.21,15238315.96,6971635.92,4640710.03,7239630.22,144,764,888,29,14,3429.7357551204145,105821.63861111112,17160.265720720723,7.504159035466042,107.69384418990266,45.750698031857844,30.45421844632758,30.854166666666668,0.199864956110736,16.230366492146597,0.989422861828255
2572,Uberlandia,MG,residencial_padrao,Construtora Planalto,7011.0,27270141.86,1653405.54,27567770.81,15500591.07,9966049.99,16287497.27,218,1227,1225,40,10,3932.0739994294677,126457.66426605504,22504.302702040815,6.063061748957107,101.09140961395791,56.22721973724941,36.15109128223342,32.1605504587156,0.17472543146484096,-0.16299918500407573,0.36670142939989825
2573,Contagem,MG,industrial,Construtora Atlantica,4634.0,26615673.27,2596673.37,34898566.28,19024278.87,17815657.73,20451919.51,262,819,950,31,17,7530.9810703495905,133200.63465648855,36735.332926315794,9.756181418588628,131.12035876746396,54.51306714827025,51.04982705323905,17.68702290076336,0.20500647388864912,15.995115995116006,0.6387213965074346
2574,Rio de Janeiro,RJ,comercial,Obras & Cia,4531.0,13742152.96,1364079.41,16037855.79,8229096.43,5787788.63,8165453.92,173,783,852,28,17,3539.5841514014564,92704.3687283237,18823.77440140845,9.926242372432448,116.70555433840839,51.31045282955496,36.088294506356824,26.190751445086704,0.18803796071507395,8.812260536398476,1.2370696243509138
2575,Sao Paulo,SP,residencial_padrao,Obras & Cia,3106.0,9418343.11,217535.85,9524692.21,5508140.67,3548725.69,5827274.46,82,442,466,15,20,3066.5461075338058,116154.7830487805,20439.253669527898,2.3097040260619686,101.129169948025,57.830117221184196,37.25816658174196,37.8780487804878,0.15003219575016097,5.429864253393668,2.123515757114948
2576,Campinas,SP,residencial_padrao,Construtora Horizonte,2344.0,8336945.37,706151.42,8955804.1,4259496.32,3294224.91,4631792.09,59,352,393,13,17,3820.735537542662,151793.28983050847,22788.305597964376,8.470145702777947,107.42308726439454,47.561294021605505,36.783128273205534,39.728813559322035,0.16766211604095563,11.64772727272727,2.0391161565210063
2577,Belo Horizonte,MG,residencial_popular,Engenharia Mineira,4186.0,6848628.65,470004.49,7334055.68,3935247.42,2222297.43,3986207.81,115,622,653,21,26,1752.0438795986622,63774.3972173913,11231.325696784073,6.862753319235669,107.08794497128997,53.657179488443695,30.301071153034936,36.4,0.15599617773530816,4.983922829581999,3.7963804622404225
2578,Campinas,SP,industrial,Construtora Serrana,5685.0,39562536.99,3801435.2,44756286.1,24715127.17,17897432.47,26902286.74,184,908,841,28,21,7872.697642919965,243240.68532608697,53217.93828775268,9.608673986101719,113.12794756138311,55.22157739982809,39.988645237478714,30.89673913043478,0.14793315743183816,-7.378854625550657,0.5308051909135162
2579,Goiania,GO,residencial_popular,Obras & Cia,5851.0,10371837.31,776930.7,12030869.98,6680062.86,3849803.1,7243678.93,129,1002,1044,34,15,2056.2074824816273,93262.55798449613,11523.821819923372,7.4907721436290045,115.99555238299433,55.52435419138326,31.999374163297205,45.35658914728682,0.17843103742949923,4.191616766467066,1.4462239959681744
2580,Goiania,GO,residencial_popular,Vertice Engenharia,7266.0,12838647.01,615426.67,13271619.53,7868915.05,3858366.28,8322475.35,153,952,1043,34,20,1826.537232314891,86742.61130718954,12724.467430488974,4.793547712003027,103.37241548632623,59.29129472264189,29.072309308432985,47.490196078431374,0.14354527938342967,9.558823529411775,1.5577965485321028
2581,Curitiba,PR,residencial_popular,Engenharia Vale Verde,2799.0,5685324.46,493198.94,5944277.86,3406463.74,2144958.57,3587329.71,79,452,486,16,19,2123.7148481600575,75244.0235443038,12231.024403292182,8.67494799056728,104.55476906941561,57.306603429873995,36.08442641003999,35.43037974683544,0.17363344051446947,7.52212389380531,3.3419376736855577
2582,Ribeirao Preto,SP,comercial,Delta Obras,1959.0,8167639.58,538951.47,8522166.97,5009628.73,3092708.49,5431969.6,61,367,418,13,15,4350.263894844309,139707.65524590164,20387.95925837321,6.598619646730297,104.34063460474097,58.78350832171034,36.2901654108286,32.114754098360656,0.2133741704951506,13.89645776566757,1.8365159056149245
2583,Curitiba,PR,residencial_padrao,Obras & Cia,2766.0,8599126.93,100257.27,8872010.23,4433959.68,3473741.15,4601065.83,63,560,602,20,14,3207.523582791034,140825.55920634922,14737.558521594685,1.16590057125718,103.17338378909126,49.97694507843235,39.15393535338608,43.904761904761905,0.21764280549530007,7.499999999999996,1.6280722582612235
2584,Ribeirao Preto,SP,residencial_popular,Delta Obras,1139.0,1967147.86,13527.73,1949180.71,1001587.74,729014.43,1044169.7,34,162,154,5,13,1711.3087884108868,57328.8444117647,12657.017597402597,0.6876824195614863,99.0866395777692,51.385063214585166,37.401069395972016,33.5,0.13520632133450394,-4.938271604938271,6.6085525467312864
2585,Uberlandia,MG,comercial,Vertice Engenharia,1610.0,9245816.25,590633.83,10094517.43,5904257.07,3486962.91,6114623.6,46,245,237,7,10,6269.886602484472,219446.03108695653,42592.900548523205,6.388119923971017,109.17929966432114,58.48974070274105,34.54313625371589,35.0,0.14720496894409937,-3.2653061224489743,1.081570272392121
2586,Goiania,GO,residencial_padrao,Construtora Planalto,3558.0,11061850.84,427370.66,11982243.43,6549413.17,4065517.87,6823889.45,109,651,657,21,21,3367.690677346824,109928.83880733945,18237.813439878235,3.86346431697139,108.32042126867081,54.659323258299054,33.929521577079164,32.642201834862384,0.18465430016863407,0.9216589861751112,1.8984164859702628
2587,Curitiba,PR,industrial,Estrutural Engenharia,2508.0,17263793.1,424824.04,18418632.57,11084447.84,7682227.83,11975044.91,67,356,355,11,13,7343.952380382775,274904.9637313433,51883.47202816902,2.4607804179488224,106.68937274277226,60.18062306131339,41.709002016320696,37.43283582089552,0.14154704944178628,-0.2808988764044895,0.7530210727560214
2588,Rio de Janeiro,RJ,industrial,Alfa Construcoes,1943.0,9975642.71,535959.34,16227033.78,8468512.08,3974221.77,9239586.88,47,309,322,10,21,8351.53565620175,345256.0378723404,50394.51484472049,5.372679791977031,162.66654943178088,52.187677642216634,24.491363140552973,41.340425531914896,0.16572310859495626,4.207119741100329,2.105127520149526
2589,Rio de Janeiro,RJ,comercial,Estrutural Engenharia,4770.0,28003701.86,2612822.94,29700700.75,14863391.62,10130051.19,15922928.1,128,614,666,22,13,6226.562002096436,232036.724609375,44595.646771771775,9.330276950748825,106.059909145169,50.04390887982668,34.10711173203548,37.265625,0.13962264150943396,8.469055374592838,0.4642243395173755
2590,Belo Horizonte,MG,residencial_popular,Construtora Planalto,2972.0,4230538.15,895.95,4105032.09,2187877.42,1437523.78,2237858.73,91,549,544,18,10,1381.2355619111709,45110.24274725275,7546.014871323529,0.021178156731667813,97.03333109051385,53.29744986232251,35.01857594492033,32.65934065934066,0.18304172274562583,-0.910746812386154,2.363765470357477
2591,Belo Horizonte,MG,residencial_padrao,Engenharia Mineira,1906.0,6602313.2,418208.19,7272147.1,4548496.29,2693019.7,4837269.45,49,299,315,10,14,3815.39721930745,148411.16530612245,23086.18126984127,6.334267662430798,110.14544266091465,62.54681358136994,37.03197505452001,38.89795918367347,0.1652675760755509,5.351170568561869,2.1204689289808303
2592,Belo Horizonte,MG,residencial_padrao,Obras & Cia,2935.0,11306452.19,1048705.43,12123145.69,7272282.82,3311773.56,8057011.39,103,458,496,16,19,4130.543676320272,117700.443592233,24441.825987903223,9.275282930285844,107.22325169978895,59.98676421086547,27.317774154374614,28.49514563106796,0.16899488926746167,8.296943231441055,1.680456404954736
2593,Rio de Janeiro,RJ,residencial_popular,Construtora Atlantica,1020.0,1752541.58,46657.41,1688591.86,931790.09,536506.93,996523.93,30,134,137,4,16,1655.4822156862747,56286.395333333334,12325.48802919708,2.6622712141300524,96.35102979981794,55.181486543468225,31.772445592625324,34.0,0.13431372549019607,2.238805970149249,9.129597940837442
2594,Contagem,MG,industrial,Construtora Planalto,2691.0,17970692.01,1633575.72,19431788.75,9555188.73,7176815.56,10153196.37,68,465,425,14,17,7221.02889260498,285761.5992647059,45721.85588235294,9.090221562369315,108.1304422733802,49.17297554503314,36.93337578096097,39.5735294117647,0.1579338535860275,-8.602150537634412,0.9459847172574185
2595,Contagem,MG,industrial,Beta Engenharia,5978.0,36022589.46,1828050.78,38324440.71,20163360.42,12671820.28,21112311.51,196,1027,1237,41,19,6410.913467714955,195532.86076530613,30981.7629021827,5.0747345135471,106.39002160729174,52.6122757343691,33.064592842690956,30.5,0.2069253931080629,20.447906523855885,0.527446812814439
2596,Goiania,GO,comercial,Estrutural Engenharia,1973.0,12318046.5,84962.78,13148605.97,8283307.8,3910436.25,9062044.46,58,355,387,12,10,6664.2706386213895,226700.1029310345,33975.726020671835,0.6897423223723015,106.74262327228593,62.99761220998852,29.740310561607007,34.01724137931034,0.19614799797263052,9.014084507042263,0.8118170360860385
2597,Uberlandia,MG,comercial,Beta Engenharia,1862.0,8609805.13,277076.5,8989929.8,4815081.35,3292492.87,4852665.91,60,329,366,12,16,4828.104081632653,149832.16333333336,24562.64972677596,3.2181506528475867,104.41502059872985,53.560833700837115,36.624233372767826,31.033333333333335,0.19656283566058003,11.246200607902734,1.8583463572537322
2598,Rio de Janeiro,RJ,comercial,Beta Engenharia,2010.0,11138780.53,752038.35,12040300.37,6568174.26,4417463.33,6777274.65,49,282,318,10,15,5990.199189054726,245720.4157142857,37862.57977987421,6.751532162560707,108.09352368126784,54.55158142371162,36.68897946272748,41.02040816326531,0.1582089552238806,12.765957446808507,1.3466465166093007
2599,Campinas,SP,residencial_popular,Construtora Atlantica,12223.0,18971243.3,1812782.73,20991524.32,11492828.13,7463639.08,11891555.03,329,1954,2470,82,19,1717.3790656958195,63804.0252887538,8498.592842105263,9.555423971606542,110.64917563942684,54.749850248131004,35.55548880692243,37.151975683890576,0.20207804957866318,26.407369498464696,1.0015158047127042
2600,Salvador,BA,comercial,Obras & Cia,3975.0,23006013.53,1395064.04,24267311.29,11495775.95,8900357.11,12363077.21,132,556,551,18,13,6104.983972327043,183843.26734848483,44042.307241379305,6.063910369264222,105.4824698696941,47.371444708574465,36.67632150772151,30.113636363636363,0.13861635220125787,-0.8992805755395739,0.5650696494222222
2601,Salvador,BA,residencial_popular,Construtora Horizonte,6615.0,10487755.36,987206.94,11741699.32,6724926.86,4322847.87,7214804.2,205,899,935,31,14,1775.0112350718066,57276.58204878049,12557.967187165776,9.41294782451905,111.95626630253513,57.273880694127676,36.81620310815454,32.26829268292683,0.14134542705971279,4.004449388209119,1.334890023597957
2602,Contagem,MG,comercial,Construtora Atlantica,3499.0,13975061.16,1195877.0,16221671.81,8850387.77,5930573.71,9294287.77,105,574,600,20,8,4636.087970848814,154492.1124761905,27036.119683333334,8.557221942061254,116.07585558502129,54.55903604549622,36.55957153777481,33.32380952380952,0.17147756501857675,4.529616724738683,0.5724482997539883
2603,Belo Horizonte,MG,industrial,Estrutural Engenharia,2919.0,18334181.82,1614030.56,19732568.6,11543481.64,7222002.35,12604113.11,77,499,548,18,7,6760.044056183625,256267.12467532468,36008.336861313874,8.803395623792282,107.62721125888781,58.49964023436868,36.59940323227864,37.90909090909091,0.18773552586502226,9.819639278557112,0.38180051167399187
2604,Sao Paulo,SP,residencial_padrao,Beta Engenharia,8886.0,24958949.91,902333.9,26145111.37,14758951.7,9416092.4,15579177.28,278,1846,5157,171,9,2942.281270537925,94047.16320143886,5069.829623812294,3.615271889457468,104.75244937898913,56.45013896148494,36.014734329280465,31.964028776978417,0.5803511141120864,179.3607800650054,0.3605920935156843
2605,Ribeirao Preto,SP,industrial,Obras & Cia,2464.0,15739029.37,1110514.11,17344545.65,10533840.42,6410714.93,11176463.8,51,498,506,16,13,7039.182487824674,340089.13039215683,34277.758201581026,7.0557979395904775,110.2008595463978,60.73287033609901,36.96098508063254,48.31372549019608,0.20535714285714285,1.6064257028112428,0.8259721545967228
2606,Goiania,GO,industrial,Vertice Engenharia,4366.0,28473676.05,1409107.14,30384758.55,17700151.82,11359545.3,19402014.14,125,679,672,22,11,6959.404157123225,243078.06840000002,45215.414508928574,4.948806531076622,106.71175192358066,58.25338974102199,37.385669138384515,34.928,0.1539166284928997,-1.0309278350515427,0.3863217373367567
2607,Ribeirao Preto,SP,comercial,Alfa Construcoes,1986.0,9828552.05,173029.25,10354131.31,5008003.13,3900776.19,5249684.55,62,342,387,12,17,5213.560579053374,167002.11790322582,26754.861266149874,1.760475491402622,105.3474739445471,48.36719740228985,37.67362102345213,32.03225806451613,0.19486404833836857,13.157894736842103,1.7296545730762038
2608,Contagem,MG,comercial,Estrutural Engenharia,1747.0,8782380.58,859417.18,9607621.11,6314540.62,3495125.98,6770876.53,58,348,387,12,13,5499.496914710932,165648.6398275862,24825.89434108527,9.785697308052665,109.39654712617795,65.72428853826857,36.378682506142255,30.120689655172413,0.22152261018889524,11.206896551724132,1.480236466819114
2609,Goiania,GO,industrial,Construtora Planalto,3202.0,29460726.28,835264.87,30649664.91,15883703.76,11768318.91,16935449.11,104,549,641,21,20,9572.037760774516,294708.31644230767,47815.38987519501,2.835180850809629,104.03567318300342,51.82341734123709,38.396240039023645,30.78846153846154,0.20018738288569643,16.757741347905288,0.6788698896937037
2610,Campinas,SP,industrial,Vertice Engenharia,7791.0,46274955.98,1802425.25,49702779.29,24886854.16,16143913.77,25964181.87,187,1129,1259,41,14,6379.51216660249,265790.2635828877,39477.9819618745,3.8950339591441363,107.40751284881071,50.07135318287349,32.480907507818365,41.663101604278076,0.16159671415736107,11.514614703277237,0.30253945581387026
2611,Rio de Janeiro,RJ,industrial,Delta Obras,2904.0,19195937.2,104477.53,20340795.9,11222973.45,6959027.54,12253828.94,68,514,498,16,20,7004.406301652892,299129.35147058824,40844.97168674698,0.5442689716655251,105.964067750753,55.17470164478667,34.21216934780807,42.705882352941174,0.17148760330578514,-3.11284046692607,1.0418871343254863
2612,Salvador,BA,comercial,Vertice Engenharia,2740.0,12526479.37,704462.64,13319006.24,7467418.1,4469703.5,8296330.82,73,396,369,12,9,4860.951182481752,182452.14027397262,36094.86785907859,5.623787971001145,106.32681255914606,56.06588033252547,33.558836293480105,37.534246575342465,0.13467153284671532,-6.818181818181824,0.7184780123898452
2613,Ribeirao Preto,SP,residencial_popular,Engenharia Mineira,7536.0,11662080.99,160910.22,11384915.25,5934445.09,4050677.02,6143466.12,264,1526,1372,45,16,1510.7371616242037,43124.67897727273,8298.043185131195,1.3797727878753139,97.62335949958104,52.12550958602876,35.57933397879268,28.545454545454547,0.18205944798301485,-10.09174311926605,1.37196783436161
2614,Sao Paulo,SP,industrial,Delta Obras,1892.0,13064933.86,112370.75,13180188.23,7166422.23,4356401.96,7566056.73,43,273,281,9,17,6966.2728488372095,306516.00534883724,46904.58444839858,0.8600942890651572,100.88216573642876,54.37268500982554,33.05265360387042,44.0,0.14852008456659618,2.93040293040292,1.3011929629470012
2615,Goiania,GO,residencial_popular,Construtora Planalto,4294.0,6837274.86,294991.67,7767552.96,4095050.06,3399734.42,4360077.87,137,800,991,33,16,1808.9317559385188,56697.46686131387,7838.095822401615,4.314462648354025,113.6059778061928,52.71995029950849,43.768409916319385,31.343065693430656,0.23078714485328364,23.875,2.3401136165527796
2616,Ribeirao Preto,SP,comercial,Alfa Construcoes,3697.0,16613931.76,1496815.38,19074389.69,9630300.25,7044914.29,10090754.49,113,539,502,16,5,5159.423773329727,168799.90876106196,37996.79221115538,9.00939886850721,114.80960657322454,50.48811734746518,36.93389096319758,32.716814159292035,0.13578577224776847,-6.864564007421148,0.3009522413013691
2617,Uberlandia,MG,comercial,Beta Engenharia,2782.0,9884465.26,228368.93,10698559.45,6082351.37,3750801.24,6787036.46,69,375,358,11,10,3845.6360352264555,155051.58623188405,29884.244273743014,2.3103822411532255,108.23609743760684,56.85205936767497,35.05893721046716,40.31884057971015,0.1286843997124371,-4.533333333333333,1.0116885169769922
2618,Ribeirao Preto,SP,comercial,Construtora Planalto,5568.0,18699837.28,1395447.86,20691674.2,12155259.51,6989630.34,12952139.55,178,965,932,31,11,3716.1771192528736,116245.3606741573,22201.367167381974,7.462352955832779,110.65162701779401,58.74468828626733,33.77991685177413,31.280898876404493,0.16738505747126436,-3.4196891191709877,0.5882404127529391
2619,Contagem,MG,residencial_popular,Engenharia Vale Verde,2191.0,3674889.4,310359.49,3829872.36,2406859.66,1282942.56,2551028.07,83,309,328,10,13,1748.0019899589229,46143.04048192771,11676.440121951218,8.445410357111701,104.21735032352267,62.84438314805876,33.49831115520519,26.397590361445783,0.14970333181195802,6.148867313915862,3.5375214285360532
2620,Belo Horizonte,MG,residencial_popular,Obras & Cia,681.0,1085481.08,69306.75,1150262.99,747915.35,390942.41,807529.3,15,120,119,3,9,1689.0792804698972,76684.19933333334,9666.075546218488,6.384887887682021,105.96803677130879,65.02124788001741,33.98721974007005,45.4,0.17474302496328928,-0.8333333333333304,8.291254602060866
2621,Belo Horizonte,MG,residencial_popular,Delta Obras,6785.0,13139089.9,1112842.05,15360139.54,8962564.18,4868872.61,9424421.45,162,1169,1368,45,14,2263.8378098747235,94815.6761728395,11228.172178362573,8.46970420683399,116.90413610763099,58.3494971296335,31.698101422326015,41.882716049382715,0.20162122328666177,17.02309666381523,1.065522810678082
2622,Ribeirao Preto,SP,comercial,Delta Obras,3228.0,15006046.21,895814.14,15691195.7,7856137.26,5300277.87,8061536.65,80,473,517,17,9,4860.965210656753,196139.94624999998,30350.475241779495,5.969688000847493,104.56582287173963,50.067167666515054,33.77867417713744,40.35,0.16016109045848823,9.302325581395344,0.599758249045136
2623,Goiania,GO,comercial,Engenharia Mineira,1520.0,6683279.84,200089.44,7088239.89,4032597.43,2748494.41,4265652.09,44,226,253,8,12,4663.315717105263,161096.36113636362,28016.75845849802,2.9938809205990093,106.05930111703957,56.891379137564726,38.7754146678577,34.54545454545455,0.16644736842105262,11.946902654867264,1.7955255933140755
2624,Salvador,BA,industrial,Construtora Atlantica,1092.0,6984536.66,586120.67,7645203.52,3735352.77,2510761.19,3873531.07,26,195,187,6,16,7001.102124542124,294046.2892307692,40883.44128342246,8.391690079553538,109.45899337580396,48.858774789032694,32.84099871810868,42.0,0.17124542124542125,-4.102564102564099,2.2907747183332847
2625,Curitiba,PR,comercial,Estrutural Engenharia,4426.0,16781993.54,1291972.48,19413012.01,10491351.59,6903304.19,10493122.45,144,695,711,23,17,4386.130142340714,134812.5834027778,27303.81436005626,7.698563802450374,115.67762771287542,54.04288414696138,35.560191208061795,30.73611111111111,0.16064166290103932,2.302158273381294,1.012990498386284
2626,Campinas,SP,residencial_popular,Estrutural Engenharia,4953.0,7376645.37,588707.53,8020190.75,4913817.85,2565528.37,5181279.58,138,758,867,28,13,1619.2591863517061,58117.32427536232,9250.508362168397,7.980694481995954,108.72409269689483,61.268092033845946,31.98837097484246,35.891304347826086,0.17504542701393094,14.379947229551448,1.762318689315005
2627,Campinas,SP,residencial_padrao,Beta Engenharia,5797.0,23204125.11,414601.26,23730280.15,12601173.18,7266933.14,13126155.62,163,980,1075,35,9,4093.5449629118507,145584.540797546,22074.679209302325,1.7867566996582187,102.26750647786005,53.10166209731831,30.623039821129122,35.56441717791411,0.18544074521304124,9.693877551020403,0.3878620700989661
2628,Belo Horizonte,MG,comercial,Alfa Construcoes,4904.0,24183257.48,2175140.05,26069431.58,12509082.79,9481813.53,12215709.15,146,817,828,27,23,5315.9526060358885,178557.75054794518,31484.82074879227,8.994404710775134,107.79950385741002,47.98371898371863,36.37138577764111,33.58904109589041,0.16884176182707994,1.346389228886169,0.9510712119333561
2629,Contagem,MG,comercial,Vertice Engenharia,4996.0,19245947.23,165623.89,19772026.02,10129620.46,6939615.5,10927401.47,156,817,878,29,10,3957.571261008807,126743.75653846153,22519.39182232346,0.8605650219274763,102.73345231446942,51.23208137473411,35.0981507559234,32.02564102564103,0.1757405924739792,7.466340269277838,0.5195899105663296
2630,Curitiba,PR,comercial,Construtora Planalto,4602.0,17783790.25,1022265.73,18021755.54,9094904.65,5668627.21,9470640.13,128,731,663,22,14,3916.0703042155583,140794.96515625,27182.135052790345,5.748300646989469,101.33810220799246,50.4662524680989,31.454356360667845,35.953125,0.1440677966101695,-9.302325581395355,0.7872337563135621
2631,Sao Paulo,SP,residencial_padrao,Obras & Cia,3894.0,11991820.86,908608.37,12612124.4,7806727.28,3928583.64,8103445.22,109,671,663,22,7,3238.860914227016,115707.5633027523,19022.812066365008,7.576900794363602,105.1727218680283,61.89859085119712,31.149261737380264,35.72477064220183,0.17026194144838214,-1.1922503725782407,0.5837312016016891
2632,Salvador,BA,industrial,Construtora Planalto,6902.0,55479838.17,3499625.38,56493909.94,32739450.36,18110123.07,33837036.12,216,1232,1258,41,9,8185.150672268907,261545.87935185185,44907.71855325914,6.307922833654509,101.82782034600154,57.952176428877564,32.05677052488324,31.953703703703702,0.18226600985221675,2.110389610389607,0.16222109322710015
2633,Rio de Janeiro,RJ,comercial,Vertice Engenharia,1690.0,6774517.84,457288.45,7224525.97,4009702.61,2044776.05,4324197.66,53,244,259,8,12,4274.867437869822,136311.81075471698,27893.922664092664,6.750125408186984,106.64265916229398,55.50125539932138,28.30325558370164,31.88679245283019,0.15325443786982249,6.1475409836065475,1.7713437743342042
2634,Goiania,GO,industrial,Engenharia Mineira,4454.0,30183720.04,324663.62,30713479.64,18553890.26,10308756.53,19892133.31,139,795,840,28,9,6895.707148630445,220960.28517985612,36563.66623809524,1.0756249381115053,101.75511699451876,60.40960020640631,33.564274223667866,32.0431654676259,0.18859452177817693,5.660377358490565,0.29817398213583485
2635,Belo Horizonte,MG,residencial_padrao,Delta Obras,2550.0,5879274.17,386630.5,6201042.27,3622112.25,2223420.53,3960505.08,67,458,478,15,13,2431.781282352941,92552.86970149253,12972.891778242676,6.576160403827536,105.47292217875935,58.4113459042749,35.85559383713087,38.059701492537314,0.18745098039215685,4.366812227074246,2.211157300051547
2636,Rio de Janeiro,RJ,residencial_padrao,Engenharia Mineira,2177.0,6974825.45,27642.43,6791044.85,3821187.5,2055238.47,4138984.74,57,298,286,9,19,3119.4510105649974,119141.13771929823,23744.912062937063,0.39631715801576084,97.36508674923184,56.26803510213896,30.26395076745812,38.19298245614035,0.13137344970142398,-4.026845637583898,2.724082507326402
2637,Salvador,BA,comercial,Alfa Construcoes,2721.0,11527107.41,1148439.33,12163780.53,6324565.32,3799073.81,6943561.12,98,444,481,16,16,4470.3346306504955,124120.20948979592,25288.52501039501,9.962944641287072,105.52326873824107,51.995062755378406,31.23267310381175,27.76530612244898,0.17677324513046674,8.333333333333325,1.3880325246314331
2638,Curitiba,PR,residencial_padrao,Vertice Engenharia,5622.0,20384698.16,1627264.53,22069777.54,11879224.16,8586815.64,13221528.71,193,1284,1406,46,19,3925.6096655994306,114351.17896373056,15696.854580369843,7.98277471281429,108.26639357999697,53.82575396815713,38.90757677297367,29.129533678756477,0.25008893632159374,9.50155763239875,0.9320716868539594
2639,Ribeirao Preto,SP,residencial_popular,Alfa Construcoes,4311.0,9264102.93,456077.98,10147318.06,5938681.57,3161231.67,6234125.9,118,728,762,25,21,2353.8200092785896,85994.22084745763,13316.690367454068,4.923066846797221,109.53373614988537,58.524642027432414,31.153371278085274,36.53389830508475,0.1767571329157968,4.670329670329676,2.2668141922296194
2640,Curitiba,PR,comercial,Construtora Planalto,3492.0,13617847.83,1178123.25,14040792.82,7995151.51,4887637.27,8196842.62,136,550,569,18,12,4020.8455956471935,103241.1236764706,24676.261546572936,8.651317482081161,103.10581374736951,56.94230811960659,34.81026557872107,25.676470588235293,0.1629438717067583,3.4545454545454435,0.8811965113579918
2641,Rio de Janeiro,RJ,residencial_popular,Construtora Atlantica,2646.0,5073702.68,209101.93,5094442.04,2790098.55,1942849.14,2932973.99,74,461,451,15,11,1925.337127739985,68843.81135135135,11295.880354767183,4.121288597068522,100.40876183150725,54.767500112730694,38.13664233973697,35.75675675675676,0.17044595616024188,-2.1691973969631184,2.168041900318842
2642,Campinas,SP,industrial,Construtora Planalto,3756.0,22814838.51,1851347.9,24917433.27,12972467.97,8477960.57,13436541.66,78,551,585,19,20,6634.034416932907,319454.2726923077,42593.903025641026,8.114665809221194,109.21590901937968,52.06181483234289,34.024213000330434,48.15384615384615,0.15575079872204473,6.17059891107079,0.8766224661740987
2643,Goiania,GO,residencial_popular,Construtora Planalto,1495.0,2607708.59,228765.1,2888511.18,1562800.93,1002440.67,1619311.09,37,308,312,10,7,1932.114501672241,78067.86972972973,9258.048653846154,8.772648173851358,110.76817367848608,54.10402912132747,34.70440678716708,40.4054054054054,0.20869565217391303,1.298701298701288,2.684349020762324
2644,Belo Horizonte,MG,residencial_popular,Vertice Engenharia,3527.0,6072443.23,274131.04,6604380.28,3614121.01,2361151.71,3745760.55,92,699,834,27,19,1872.5206351006523,71786.74217391305,7918.9211990407675,4.514345043946997,108.7598521690914,54.72309068792749,35.751298530617014,38.33695652173913,0.23646158208108875,19.313304721030033,3.128888864062711
2645,Belo Horizonte,MG,residencial_padrao,Construtora Planalto,2009.0,6809629.95,44521.81,6966134.8,3731230.0,2756808.51,3918721.36,42,309,291,9,23,3467.46381284221,165860.3523809524,23938.607560137458,0.6538065992851785,102.29828714848152,53.562414554481485,39.57443530952057,47.833333333333336,0.1448481831757093,-5.825242718446599,3.3775697312304023
2646,Campinas,SP,residencial_padrao,Delta Obras,4119.0,10976842.37,949418.73,11911323.56,7208147.14,4310365.73,7938153.29,98,684,782,26,21,2891.7998446224815,121544.11795918368,15231.871560102303,8.649288183228235,108.51320587926054,60.515081331566144,36.18712654632984,42.03061224489796,0.1898519058023792,14.327485380116967,1.9131184809024455
2647,Goiania,GO,industrial,Construtora Atlantica,2679.0,16412640.17,611527.99,17167391.76,9936787.11,6083013.47,10536375.16,77,608,719,23,13,6408.134288913774,222953.13974025976,23876.761835883175,3.7259574551435497,104.59859950734544,57.88175192199376,35.43353326492736,34.79220779220779,0.2683837252706234,18.25657894736843,0.7920724432722392
2648,Curitiba,PR,residencial_padrao,Construtora Planalto,4863.0,16159163.67,1522259.48,17068768.03,9332591.72,6637079.9,9609636.66,162,802,848,28,17,3509.925566522723,105362.76561728396,20128.264186320757,9.420410060120394,105.62903117126483,54.6764224787464,38.88435233482988,30.01851851851852,0.17437795599424225,5.735660847880308,1.05203464406769
2649,Belo Horizonte,MG,comercial,Delta Obras,833.0,4285670.34,124615.26,4329578.65,2003168.67,1648215.95,2124380.7,22,133,366,12,11,5197.573409363746,196799.02954545457,11829.44986338798,2.9077192157528384,101.02453773894331,46.26705811199434,38.068737935965196,37.86363636363637,0.43937575030012005,175.18796992481205,2.56669298553654
2650,Goiania,GO,industrial,Construtora Serrana,2603.0,16194772.04,145413.43,15614581.22,8582501.24,5798417.12,8773697.95,76,408,428,14,17,5998.686600076835,205455.01605263157,36482.66640186916,0.8979035310953349,96.41741903765632,54.96465847580381,37.13463101125679,34.25,0.16442566269688821,4.90196078431373,1.049721475424979
2651,Contagem,MG,residencial_popular,Estrutural Engenharia,2551.0,3843904.35,207370.18,4063425.05,2073511.84,1493152.97,2256059.06,80,470,464,15,8,1592.8753626029009,50792.813125,8757.381573275861,5.394779919536759,105.71087831568961,51.028671982026594,36.74616737424504,31.8875,0.18188945511564092,-1.276595744680853,2.081217239445617
2652,Goiania,GO,residencial_padrao,Estrutural Engenharia,1941.0,5227018.34,486391.65,5594249.51,3398634.84,1748414.8,3411699.1,51,328,338,11,17,2882.148124678001,109691.1668627451,16551.034053254436,9.30533658697666,107.02563385304671,60.75229275928381,31.253786533378992,38.05882352941177,0.17413704276146316,3.0487804878048808,3.252332189062111
2653,Goiania,GO,residencial_padrao,Construtora Planalto,2912.0,7476441.35,637335.67,7943283.43,4024269.16,2844300.54,4008327.23,88,496,519,17,16,2727.7759031593405,90264.58443181818,15304.977707129094,8.524585964952431,106.24417497771181,50.66254018837145,35.807617404884674,33.09090909090909,0.17822802197802198,4.63709677419355,2.1400555760395283
2654,Curitiba,PR,industrial,Delta Obras,5554.0,31724284.6,1099263.31,32503393.01,17855713.39,11240894.77,18872356.26,168,913,1070,35,19,5852.249371624055,193472.5774404762,30377.002813084113,3.4650531095033745,102.45587385128931,54.93492136192215,34.583757968103896,33.05952380952381,0.19265394310406914,17.1960569550931,0.5989102745598242
2655,Uberlandia,MG,residencial_padrao,Engenharia Vale Verde,1524.0,4067473.74,363657.83,4533588.8,2399331.95,1491879.19,2619627.31,39,222,225,7,12,2974.7958005249343,116245.86666666667,20149.283555555554,8.940631292188748,111.45957146363776,52.92345768103186,32.90724535934975,39.07692307692308,0.14763779527559054,1.3513513513513598,2.950234166723839
2656,Campinas,SP,residencial_padrao,Engenharia Vale Verde,2046.0,5984783.93,352050.53,6239634.68,3650207.14,1901279.42,3901602.65,65,350,363,12,14,3049.674819159335,95994.37969230769,17189.076253443527,5.882426736164559,104.25831162796884,58.50033418943688,30.47100539546331,31.476923076923075,0.1774193548387097,3.7142857142857144,2.3392657385376987
2657,Curitiba,PR,residencial_padrao,Engenharia Mineira,2387.0,7024603.65,592635.94,7622963.79,4154226.11,2520612.4,4311096.69,75,360,356,11,6,3193.5332174277337,101639.5172,21412.81963483146,8.43657478098426,108.51806265254554,54.49620678311001,33.06604188920068,31.826666666666668,0.14914118139924593,-1.1111111111111072,0.8541407172488656
2658,Curitiba,PR,industrial,Estrutural Engenharia,2224.0,15168570.73,171176.55,16065122.85,9513558.68,5320100.41,9860579.74,59,346,345,11,8,7223.5264613309355,272290.21779661014,46565.57347826087,1.1284949191781892,105.91059062820483,59.218711047702946,33.11584019415078,37.69491525423729,0.15512589928057555,-0.28901734104046506,0.5274063154927188
2659,Curitiba,PR,comercial,Construtora Serrana,4808.0,22163904.55,1141829.23,23740141.26,13760795.58,6823130.25,14303987.03,146,818,909,30,7,4937.633373544094,162603.70726027398,26116.767062706273,5.151751251338068,107.11172847024375,57.96425315794435,28.740899960424244,32.93150684931507,0.18905990016638935,11.124694376528122,0.3158288280933785
2660,Contagem,MG,residencial_padrao,Engenharia Vale Verde,3220.0,11509750.01,102722.99,11512714.59,6714436.61,4274727.04,7159268.54,92,566,546,18,10,3575.377201863354,125138.2020652174,21085.557857142856,0.8924867170073314,100.02575711894197,58.32192362201173,37.130487397933486,35.0,0.16956521739130434,-3.5335689045936425,0.8688286010827094
2661,Salvador,BA,residencial_popular,Engenharia Vale Verde,2901.0,4920453.27,454351.93,5342477.49,2743217.06,1827154.32,2947912.89,97,470,491,16,11,1841.5985832471563,55077.0875257732,10880.809551934828,9.233944619902875,108.57693787222982,51.3472834491999,34.200505728288995,29.90721649484536,0.1692519820751465,4.4680851063829685,2.235566399353286
2662,Ribeirao Preto,SP,residencial_popular,Beta Engenharia,3149.0,4593813.96,213280.08,4793830.44,2526959.63,1844746.39,2575084.4,100,694,801,26,22,1522.3342140362022,47938.3044,5984.807041198503,4.64276703099226,104.35403962244916,52.71274530102069,38.48167792100715,31.49,0.25436646554461734,15.417867435158495,4.789048967059171
2663,Salvador,BA,residencial_padrao,Estrutural Engenharia,1982.0,6404666.73,70619.96,6469203.48,3527631.31,2343317.3,3602314.92,55,388,394,13,8,3263.977537840565,117621.88145454547,16419.298172588835,1.1026328609607452,101.00765196255574,54.52960817983112,36.22265565219166,36.03636363636364,0.1987891019172553,1.546391752577314,1.2490891934356745
2664,Belo Horizonte,MG,comercial,Construtora Atlantica,4778.0,21302798.76,66922.1,21355327.05,9926717.25,6195001.25,10328150.43,131,822,806,26,14,4469.511730849728,163017.76374045803,26495.442990074444,0.31414698488190573,100.24657929031669,46.483564624218666,29.00916120598584,36.47328244274809,0.16868982838007535,-1.9464720194647178,0.6571906423060065
2665,Campinas,SP,comercial,Engenharia Vale Verde,4401.0,22031907.66,172678.32,22171329.56,12439179.47,8042413.27,13677847.37,126,634,606,20,12,5037.793583276528,175962.93301587302,36586.35240924092,0.7837647228047615,100.6328181025065,56.10479712701542,36.27393318129903,34.92857142857143,0.13769597818677573,-4.416403785488954,0.5446645921536146
2666,Campinas,SP,comercial,Vertice Engenharia,4121.0,11172980.57,466872.44,11850840.6,6777371.35,3722635.42,7273431.55,117,636,661,22,16,2875.7196311574858,101289.2358974359,17928.65446293495,4.17858455114095,106.06695792365457,57.188950377072835,31.412416601063725,35.22222222222222,0.1603979616597913,3.9308176100628867,1.4320261187028986
2667,Goiania,GO,comercial,Delta Obras,2692.0,12649367.1,280275.13,12877963.68,6503167.59,4768469.05,7108263.46,64,409,352,11,12,4783.7903714710255,201218.1825,36585.12409090909,2.2157245321783727,101.80717800497703,50.498415367483005,37.028129357171785,42.0625,0.13075780089153047,-13.936430317848414,0.9486640639909961
2668,Sao Paulo,SP,industrial,Alfa Construcoes,6934.0,34860771.88,1720196.66,36161390.72,18779476.17,13573400.09,20239188.48,181,1287,1403,46,10,5215.083749639458,199786.68906077347,25774.33408410549,4.9344766831938545,103.73089512899219,51.932394733960066,37.535614144654225,38.30939226519337,0.20233631381597925,9.01320901320901,0.2868553810117184
2669,Sao Paulo,SP,comercial,Beta Engenharia,2843.0,11161690.44,96090.36,11062514.3,5986830.86,3579763.82,6472532.24,89,411,466,15,13,3891.1411537108693,124297.91348314607,23739.301072961374,0.8608943288342981,99.11145950039447,54.11817510599738,32.35940513089325,31.9438202247191,0.16391136123812874,13.381995133819945,1.1646981315134914
2670,Uberlandia,MG,comercial,Engenharia Vale Verde,3916.0,17088915.24,928504.14,18042380.26,8781431.6,6273778.6,9391638.87,109,579,590,19,13,4607.349402451481,165526.42440366975,30580.305525423733,5.433370854497843,105.57943559675589,48.67113692015711,34.77245523922905,35.92660550458716,0.15066394279877426,1.899827288428324,0.7607270454224572
2671,Ribeirao Preto,SP,comercial,Obras & Cia,2434.0,14302487.85,585844.98,14626803.09,7456076.1,4417939.26,7643135.58,62,430,418,13,11,6009.368566146261,235916.17887096773,34992.35188995215,4.096105419869313,102.26754424405962,50.97543225352875,30.20440784507751,39.25806451612903,0.17173377156943304,-2.7906976744186074,0.769096965182879
2672,Salvador,BA,industrial,Construtora Horizonte,2179.0,12469219.57,1059721.52,14023947.35,8537008.01,4171239.17,8925159.57,68,338,383,12,16,6435.955644791188,206234.51985294116,36616.05052219321,8.49869965037435,112.46852516528425,60.87450128654398,29.743688177779703,32.044117647058826,0.17576870123910052,13.313609467455612,1.283159696577546
2673,Sao Paulo,SP,industrial,Alfa Construcoes,2142.0,14048336.52,852157.64,14963501.96,8307611.15,5259725.95,8790058.19,55,329,346,11,14,6985.761886087769,272063.672,43247.11549132948,6.065897117333576,106.51440431183521,55.519163710524886,35.15036763493029,38.945454545454545,0.161531279178338,5.167173252279644,0.9965592709192875
2674,Ribeirao Preto,SP,industrial,Engenharia Mineira,2005.0,13011569.1,1105871.19,14462160.17,7924487.03,5417349.6,8472138.53,51,356,385,12,17,7213.047466334165,283571.7680392157,37564.05238961039,8.499137817282929,111.14847147835536,54.79462913457694,37.45878579907887,39.31372549019608,0.19201995012468828,8.14606741573034,1.3065295868120934
2675,Sao Paulo,SP,residencial_padrao,Alfa Construcoes,6980.0,29453358.52,1799850.91,32008800.24,18358658.39,10892498.69,19215913.99,175,1336,1289,42,13,4585.788,182907.42994285712,24832.27326609775,6.1108511913092345,108.67623201022984,57.355034404126116,34.02969998353178,39.885714285714286,0.1846704871060172,-3.5179640718562832,0.4413758108832473
2676,Goiania,GO,industrial,Construtora Serrana,2663.0,15722330.58,1350349.89,15823079.13,8052989.96,5661918.54,8573086.71,71,410,409,13,11,5941.824682688697,222860.26943661974,38687.23503667482,8.588738693217325,100.64079908183689,50.8939498680242,35.78265957897665,37.50704225352113,0.15358618099887344,-0.24390243902439046,0.6996418211682203
2677,Salvador,BA,comercial,Construtora Serrana,2681.0,13766814.45,212655.43,14517883.81,7714492.02,5546209.48,8571111.35,76,418,407,13,18,5415.100264826558,191024.7869736842,35670.476191646194,1.544695984480273,105.45565107111618,53.137854806953435,38.202602752473744,35.276315789473685,0.15180902648265573,-2.631578947368418,1.3074920175160782
2678,Curitiba,PR,residencial_padrao,Construtora Atlantica,3996.0,13291546.08,1021523.72,14661744.66,8368278.45,5070476.51,8995890.05,98,719,754,25,7,3669.1052702702705,149609.6393877551,19445.284694960214,7.685514641047687,110.30879757518773,57.075598055054385,34.583036518383885,40.775510204081634,0.18868868868868868,4.8678720445062496,0.5266505459837371
2679,Rio de Janeiro,RJ,industrial,Engenharia Mineira,5495.0,31697546.45,1602338.62,33079910.29,17685980.55,11808374.76,18154176.63,162,1041,1142,38,15,6020.001872611465,204196.97709876543,28966.64648861646,5.05508722111203,104.36110675689223,53.46441509349088,35.696513855328234,33.91975308641975,0.2078252957233849,9.702209414024976,0.4732227468665796
2680,Curitiba,PR,comercial,Alfa Construcoes,2669.0,14147639.35,929071.69,15363942.72,8016777.92,5752677.32,8667092.27,66,371,398,13,19,5756.4416335706255,232787.01090909092,38602.8711557789,6.566973238542443,108.59721781075795,52.17917084241772,37.44271522511898,40.43939393939394,0.14911952041963283,7.277628032345018,1.342980233659971
2681,Curitiba,PR,comercial,Engenharia Mineira,1701.0,6936224.34,665244.23,7843456.18,3840616.63,2326406.2,3906207.52,64,273,262,8,8,4611.085349794239,122554.0028125,29936.855648854962,9.590869576747282,113.07962077824027,48.96587093573843,29.660472967670742,26.578125,0.1540270429159318,-4.029304029304026,1.1533652327052617
2682,Uberlandia,MG,residencial_popular,Alfa Construcoes,1170.0,1897242.41,119715.44,1995366.92,1071154.21,768971.73,1193690.34,34,236,243,8,15,1705.441811965812,58687.26235294117,8211.386502057612,6.309970690566631,105.17195427863118,53.68206715584921,38.53786099651286,34.411764705882355,0.2076923076923077,2.9661016949152463,7.906211626378308
2683,Rio de Janeiro,RJ,residencial_padrao,Engenharia Vale Verde,4045.0,16970227.81,844451.45,17543675.41,10730514.1,5865528.46,11521189.94,106,578,695,23,16,4337.126182941904,165506.37179245282,25242.698431654677,4.976076099004354,103.37913908063207,61.16457269771157,33.43386333206219,38.160377358490564,0.17181705809641531,20.242214532871984,0.9428276496424949
2684,Sao Paulo,SP,residencial_popular,Engenharia Mineira,8893.0,12863284.72,994547.37,12812462.69,6354352.57,4825277.47,6678925.45,268,1662,1479,49,17,1440.7357123580343,47807.69660447761,8662.922711291412,7.731675008745355,99.60490628088965,49.59509130871078,37.660811873162224,33.18283582089552,0.16631058135612278,-11.010830324909747,1.3215908976630348
2685,Contagem,MG,industrial,Engenharia Vale Verde,1393.0,8395848.12,3682715.63,12467711.24,5517281.53,3310656.09,5812344.54,39,256,269,8,17,8950.259325197416,319684.9035897436,46348.368921933084,43.86353322932669,148.49853239126963,44.252561065891356,26.553839965257325,35.717948717948715,0.19310839913854988,5.078125,2.024810329703773
2686,Ribeirao Preto,SP,residencial_popular,Delta Obras,2127.0,4166906.02,235529.58,4308702.18,2289762.79,1595903.62,2498834.72,81,290,331,11,15,2025.7179971791254,53193.85407407407,13017.227129909365,5.652385219861522,103.40291236038004,53.14274912358877,37.039079363800454,26.25925925925926,0.15561824165491303,14.137931034482754,3.599793210598976
2687,Belo Horizonte,MG,residencial_popular,Beta Engenharia,3624.0,5942847.78,466597.56,6125822.2,2942471.81,2572656.64,3095163.31,100,606,596,19,13,1690.348289183223,61258.222,10278.225167785235,7.851413619751169,103.07890134113447,48.03390816664578,41.99691985836612,36.24,0.16445916114790288,-1.650165016501648,2.1875034463696124
2688,Goiania,GO,residencial_popular,Obras & Cia,2047.0,3929978.39,302095.14,4281957.97,2475835.77,1476780.0,2587083.39,48,390,351,11,17,2091.8211871030776,89207.45770833333,12199.310455840456,7.686941505039675,108.95627265777408,57.82017916443959,34.48842819912126,42.645833333333336,0.1714704445530044,-9.999999999999998,4.325723531523032
2689,Curitiba,PR,residencial_padrao,Construtora Planalto,1739.0,6257543.01,478162.36,6480375.51,4065773.63,1954995.87,4258489.87,68,279,278,9,18,3726.495405405405,95299.63985294117,23310.703273381296,7.6413755244808135,103.56102226774786,62.73978450362979,30.167941147595627,25.573529411764707,0.15986198964922368,-0.35842293906810374,2.8765283708373586
2690,Sao Paulo,SP,residencial_popular,Beta Engenharia,2405.0,3364267.71,104597.96,3442583.03,1642902.54,1095907.03,1688716.56,56,366,374,12,16,1431.4274553014552,61474.69696428571,9204.767459893048,3.1090855132928765,102.32785636432007,47.72296051200834,31.83385906599325,42.94642857142857,0.15550935550935552,2.1857923497267784,4.755864092634887
2691,Ribeirao Preto,SP,residencial_popular,Engenharia Vale Verde,2247.0,4269859.15,55788.76,4255655.97,2334089.73,1532645.79,2450139.04,57,359,391,13,21,1893.927890520694,74660.63105263158,10884.03061381074,1.3065714357345957,99.66736186133913,54.846767371564574,36.01432542490036,39.421052631578945,0.17400979083222073,8.913649025069637,4.91819501821272
2692,Sao Paulo,SP,industrial,Alfa Construcoes,2130.0,9727342.61,667562.36,10324553.39,6281216.34,3263577.56,6580413.48,57,350,362,12,16,4847.208164319249,181132.5156140351,28520.865718232046,6.8627413134778035,106.13950596729318,60.83765663010436,31.609866661748164,37.36842105263158,0.1699530516431925,3.4285714285714253,1.6448479961579148
2693,Uberlandia,MG,comercial,Delta Obras,6424.0,29055527.45,248974.04,30653564.19,15538128.06,12375376.17,16941594.89,151,981,864,28,10,4771.725434308842,203003.7363576159,35478.662256944444,0.8568904502884873,105.49994056294443,50.689466202657584,40.37173652399343,42.54304635761589,0.13449564134495642,-11.926605504587151,0.34416859295390284
2694,Goiania,GO,residencial_padrao,Vertice Engenharia,2126.0,6501571.74,18405.0,6486729.89,3251403.14,2442706.33,3464197.99,62,323,341,11,20,3051.1429397930383,104624.67564516129,19022.668299120232,0.2830853943634251,99.77171904589335,50.12391752294777,37.65697618711854,34.29032258064516,0.16039510818438382,5.572755417956654,3.0761792378530304
2695,Curitiba,PR,comercial,Construtora Serrana,5779.0,18426012.4,809570.62,19005989.91,9800209.87,7312649.98,10551617.67,231,879,964,32,12,3288.8025454230838,82277.0125974026,19715.757168049793,4.393628976392092,103.14760186528476,51.56379602644964,38.47550174775401,25.017316017316016,0.16681086693199515,9.670079635949946,0.651253225033106
2696,Uberlandia,MG,comercial,Delta Obras,2518.0,11018160.46,523483.19,11634916.42,5905926.34,4155599.23,6156211.45,83,532,585,19,16,4620.697545671168,140179.71590361444,19888.746017094018,4.75109426750897,105.59763094973114,50.760367559219645,35.716622964791355,30.337349397590362,0.23232724384432088,9.962406015037594,1.4521480294361224
2697,Curitiba,PR,residencial_padrao,Delta Obras,2071.0,6786637.88,79480.89,6662898.93,3673584.58,2384455.58,3677755.8,69,362,407,13,11,3217.23753259295,96563.75260869565,16370.75904176904,1.171137924335518,98.17672679479989,55.134928783918994,35.787059132232706,30.014492753623188,0.19652341863833897,12.430939226519344,1.620832022350366
2698,Goiania,GO,residencial_popular,Construtora Serrana,2631.0,4912090.18,287683.34,5097475.17,3096075.89,2014231.36,3329172.08,64,579,564,18,13,1937.4668072976056,79648.04953125,9038.076542553192,5.856637998449777,103.77405510091837,60.73743935470706,39.51429468169435,41.109375,0.21436716077537057,-2.590673575129532,2.6465312165746924
2699,Goiania,GO,comercial,Delta Obras,2549.0,12799632.74,6444575.81,19383050.11,7211602.02,4124214.08,6987790.55,61,462,416,13,16,7604.178152216556,317754.91983606556,46593.870456730765,50.34969315846166,151.43442396926147,37.20571313118274,21.2774256713718,41.78688524590164,0.16320125539427227,-9.956709956709952,1.2500358662634565
2700,Uberlandia,MG,comercial,Obras & Cia,5208.0,20085743.29,972185.48,20856591.85,12156590.08,5984190.65,12811176.14,131,775,857,28,19,4004.721937403994,159210.6248091603,24336.746616102686,4.840176765995101,103.83778956481923,58.286560754651774,28.69208302601942,39.7557251908397,0.16455453149001537,10.580645161290313,0.9459445799777519
2701,Ribeirao Preto,SP,comercial,Engenharia Vale Verde,6679.0,31600242.28,2602045.46,32997032.15,15833524.45,13317316.11,16185097.49,199,1040,1156,38,19,4940.415054648899,165814.23190954773,28544.145458477506,8.2342579431641,104.42018721762787,47.984692617272245,40.35913305615274,33.562814070351756,0.1730798023656236,11.153846153846159,0.6012612128618148
2702,Uberlandia,MG,comercial,Obras & Cia,4244.0,21244569.53,1037894.32,23230817.66,10465877.71,8851695.81,10790076.07,110,662,693,23,16,5473.802464655985,211189.25145454545,33522.10340548341,4.88545705072707,109.34943928703835,45.051697547524036,38.10324690052258,38.58181818181818,0.1632893496701225,4.682779456193353,0.753133640924378
2703,Campinas,SP,residencial_padrao,Engenharia Mineira,4260.0,17821165.97,1234486.22,17233085.96,9191663.26,5781342.29,9547132.04,140,636,597,19,16,4045.3253427230047,123093.47114285715,28866.140636515913,6.9270788571192465,96.70010362402793,53.33730291449205,33.54792231303882,30.428571428571427,0.14014084507042254,-6.132075471698117,0.8978088205302764
2704,Campinas,SP,comercial,Estrutural Engenharia,3803.0,19640544.36,992525.39,20418591.09,11627465.06,7514265.86,12519180.36,143,649,626,20,17,5369.074701551407,142787.35027972027,32617.55765175719,5.053451532745603,103.96143159649165,56.94548173646784,36.80109869911695,26.594405594405593,0.1646068892979227,-3.5439137134052334,0.8655564575196937
2705,Salvador,BA,residencial_popular,Obras & Cia,2599.0,4204358.13,349803.26,4535957.18,2753592.12,1828846.19,2973938.23,71,348,372,12,13,1745.2701731435166,63886.72084507042,12193.433279569892,8.320015783241567,107.88703149795663,60.705866716316756,40.31885922697357,36.605633802816904,0.1431319738360908,6.896551724137923,3.0920296506710763
2706,Campinas,SP,residencial_popular,Construtora Horizonte,2971.0,5691757.73,274362.86,5885770.2,3287285.3,2173666.66,3449093.1,82,593,579,19,14,1981.073779872097,71777.68536585366,10165.40621761658,4.820353799563425,103.4086565030237,55.85140412039872,36.930878816845414,36.23170731707317,0.1948838774823292,-2.360876897133224,2.4596971030950745
2707,Ribeirao Preto,SP,comercial,Construtora Horizonte,3346.0,13068883.52,1175252.45,14890180.9,8513763.64,5138958.92,8677439.87,106,557,597,19,17,4450.143723849373,140473.40471698114,24941.676549413736,8.992753269255552,113.93613599212797,57.17703295330684,34.51240085337042,31.566037735849058,0.17842199641362821,7.181328545780974,1.3007997181996462
2708,Campinas,SP,residencial_padrao,Construtora Planalto,2309.0,9515723.8,543991.71,9669890.36,4684590.96,3282002.69,5050923.7,71,321,336,11,19,4187.912672152446,136195.63887323943,28779.435595238094,5.716766495471421,101.62012436720786,48.44513004385295,33.94043332255527,32.521126760563384,0.1455175400606323,4.672897196261672,1.9966951962182846
2709,Uberlandia,MG,residencial_padrao,Obras & Cia,2057.0,6666676.46,297077.7,6926367.73,3890531.18,2546510.81,3919262.09,61,368,372,12,16,3367.2181477880413,113547.01196721313,18619.26809139785,4.456158953902497,103.89536332771128,56.169861775444595,36.76545787441176,33.721311475409834,0.1808458920758386,1.0869565217391353,2.3999964744051794
2710,Ribeirao Preto,SP,comercial,Delta Obras,2648.0,9943016.98,423505.11,10617090.36,4915785.52,3469378.87,5213687.98,94,399,452,15,14,4009.4752114803623,112947.76978723404,23489.13796460177,4.259322003088845,106.77936466724208,46.30068458793827,32.67730378438637,28.170212765957448,0.17069486404833836,13.283208020050118,1.408023342227059
2711,Sao Paulo,SP,residencial_padrao,Engenharia Vale Verde,939.0,3348766.39,38883.32,3570140.83,1935734.14,1132519.09,2081163.38,27,147,157,5,15,3802.066911608094,132227.43814814815,22739.750509554142,1.161123693671567,106.61062654776585,54.220105933468176,31.721972435468327,34.77777777777778,0.16719914802981894,6.802721088435382,4.479261391535884
2712,Goiania,GO,comercial,Engenharia Vale Verde,2295.0,8844519.81,876002.01,9619575.75,4870073.7,3487826.41,5064506.48,67,345,373,12,14,4191.536274509804,143575.75746268657,25789.747319034854,9.904460940994827,108.763120628931,50.626699415512164,36.257590777846936,34.25373134328358,0.1625272331154684,8.115942028985511,1.5829010845982827
2713,Rio de Janeiro,RJ,residencial_popular,Obras & Cia,4312.0,7313302.0,686696.99,8189210.09,4570511.39,2590781.16,4921715.82,104,620,727,24,23,1899.167460575139,78742.40471153846,11264.388019257221,9.389698251214021,111.9769167196979,55.811382780143084,31.636520879634684,41.46153846153846,0.16859925788497218,17.258064516129036,3.1449542217728736
2714,Curitiba,PR,industrial,Engenharia Vale Verde,4559.0,26498799.58,1955342.64,33364886.64,16245936.1,16338224.53,16137955.37,275,699,676,22,15,7318.466032024567,121326.86050909091,49356.341183431956,7.378985731398177,125.91093622664398,48.691716759868484,48.968320217257,16.578181818181818,0.14827813116911603,-3.290414878397707,0.5660633778792481
2715,Ribeirao Preto,SP,industrial,Delta Obras,5213.0,39313030.72,3608138.11,43157781.28,24108056.04,15945990.79,25702131.15,123,1260,1365,45,16,8278.876132745061,350876.2705691057,31617.422183150185,9.177969858641314,109.77983759986236,55.860276698635694,36.948124572357536,42.38211382113821,0.26184538653366585,8.333333333333325,0.4069897361502634
2716,Uberlandia,MG,industrial,Beta Engenharia,2891.0,15497191.95,772862.81,16453235.09,8525747.34,4745452.76,9103098.42,75,496,544,18,13,5691.191660325147,219376.46786666667,30244.91744485294,4.987115165725234,106.16913788694472,51.81806066322972,28.842065004493893,38.54666666666667,0.18817018332756832,9.677419354838701,0.8388616493841647
2717,Salvador,BA,industrial,Obras & Cia,4897.0,22158764.21,764205.74,24319860.25,14282758.54,7590923.2,14324015.7,135,962,985,32,14,4966.2773636920565,180147.11296296297,24690.21345177665,3.4487741859499663,109.75278232810798,58.72878541725996,31.21285698999853,36.27407407407407,0.20114355727996733,2.3908523908523938,0.6318041867010777
2718,Uberlandia,MG,residencial_popular,Estrutural Engenharia,7461.0,12536498.48,1219315.75,13916281.09,8562120.03,4702360.72,9208652.28,242,1239,1185,39,15,1865.2032019836483,57505.293760330576,11743.69712236287,9.726126892171887,111.00612433528568,61.52592042821405,33.79035454651053,30.830578512396695,0.1588258946521914,-4.358353510895885,1.1965063469620425
2719,Belo Horizonte,MG,industrial,Construtora Atlantica,4040.0,30705032.01,475295.35,29309761.08,15883423.93,10521604.22,16773801.07,118,561,595,19,14,7254.8913564356435,248387.80576271185,49260.10265546218,1.5479396010569408,95.45588837182912,54.19158445763762,35.897952874066895,34.23728813559322,0.14727722772277227,6.060606060606055,0.4559513240513961
2720,Belo Horizonte,MG,comercial,Delta Obras,3514.0,16416678.95,1578673.33,17971397.39,9780860.11,5953294.67,10037125.28,94,603,604,20,11,5114.2280563460445,191185.0786170213,29753.96918874172,9.616277048531794,109.47035904603592,54.42459424686952,33.12649840636572,37.38297872340426,0.17188389299943085,0.16583747927032544,0.6700502600740694
2721,Salvador,BA,residencial_padrao,Engenharia Mineira,4733.0,15585712.36,837513.81,16575218.41,10020969.31,6045188.04,10600241.76,123,805,857,28,13,3502.0533298119585,134757.87325203253,19340.97830805134,5.373599811513524,106.34880220514991,60.457540058441985,36.47124213067911,38.479674796747965,0.18106908937249103,6.459627329192541,0.8340972616281493
2722,Rio de Janeiro,RJ,industrial,Delta Obras,3545.0,20352051.81,394703.22,20297627.21,9725498.95,6679675.6,9762181.79,96,656,740,24,18,5725.7058420310295,211433.61677083335,27429.22595945946,1.939378022839261,99.73258421063346,47.914462362421126,32.90865247889238,36.927083333333336,0.20874471086036672,12.804878048780477,0.8844317107700995
2723,Goiania,GO,comercial,Alfa Construcoes,1990.0,9699474.44,569763.94,9649195.96,5415773.67,2741069.12,5597443.18,49,236,243,8,10,4848.842190954774,196922.36653061226,39708.625349794245,5.8741733227352055,99.48163706898744,56.12668342990103,28.407228243294995,40.61224489795919,0.1221105527638191,2.9661016949152463,1.030983695236172
2724,Contagem,MG,residencial_popular,Vertice Engenharia,2132.0,3344668.98,60041.62,3445115.38,1871468.13,1114673.68,1927421.52,64,409,406,13,17,1615.9077767354597,53829.9278125,8485.505862068965,1.795143865029059,103.00317910683047,54.32236437898344,32.35519154078375,33.3125,0.1904315196998124,-0.7334963325183352,5.082715240776982
2725,Goiania,GO,comercial,Construtora Horizonte,1240.0,6469655.47,258710.65,6449179.37,3452792.86,2103961.16,3695548.96,37,208,215,7,9,5200.951104838709,174302.14513513513,29996.18311627907,3.998831950165656,99.68350555767694,53.5384839203193,32.62370356431876,33.513513513513516,0.17338709677419356,3.3653846153846256,1.3911096258113418
2726,Belo Horizonte,MG,industrial,Construtora Planalto,2051.0,12660157.92,1227561.96,13910943.35,8517255.61,6086531.91,8910892.06,63,393,343,11,19,6782.517479278401,220808.6246031746,40556.6861516035,9.696261040004469,109.87969848325557,61.227016714146856,43.75355255831734,32.55555555555556,0.16723549488054607,-12.722646310432573,1.5007711688954983
2727,Sao Paulo,SP,residencial_popular,Construtora Horizonte,4618.0,9555164.03,639068.84,9909564.77,6141824.13,3447518.22,6327254.24,155,784,917,30,17,2145.8563815504544,63932.675935483865,10806.504656488549,6.688203760746952,103.708996924462,61.97874752878779,34.78980459804796,29.793548387096774,0.1985708098744045,16.964285714285722,1.779142665330048
2728,Ribeirao Preto,SP,residencial_padrao,Beta Engenharia,5990.0,20068626.42,930649.29,20843404.5,12379338.56,7049449.96,13333605.48,177,940,1166,38,18,3479.7002504173624,117759.34745762713,17875.99013722127,4.637334267543757,103.86064329359317,59.3921139898235,33.821010190537734,33.84180790960452,0.1946577629382304,24.042553191489358,0.8969223714315371
2729,Uberlandia,MG,residencial_popular,Estrutural Engenharia,2024.0,3738443.72,134774.86,3976282.18,2324037.95,1370270.33,2556223.19,47,330,361,12,12,1964.5662944664032,84601.7485106383,11014.632077562328,3.605106030591788,106.36196443797206,58.44751063416732,34.46109375466909,43.06382978723404,0.1783596837944664,9.393939393939398,3.209891842373382
2730,Sao Paulo,SP,industrial,Alfa Construcoes,2347.0,13861499.4,1177040.82,15298773.42,9039817.73,5350936.75,8760331.32,69,480,480,16,20,6518.437758841073,221721.35391304348,31872.444625,8.491439389305894,110.368820706366,59.088513058061885,34.97624680815751,34.01449275362319,0.20451640391989775,0.0,1.4428453533677605
2731,Belo Horizonte,MG,residencial_padrao,Alfa Construcoes,1982.0,7082293.14,674202.05,7575358.49,4782295.38,2737368.08,5155453.45,52,323,371,12,22,3822.0779465186683,145679.97096153846,20418.75603773585,9.519544541190793,106.9619449555854,63.12962464169798,36.13516223177446,38.11538461538461,0.18718466195761857,14.860681114551078,3.106338521311192
2732,Campinas,SP,residencial_popular,Delta Obras,2917.0,4937549.58,108042.61,5084476.7,3188063.06,1947395.21,3477988.94,100,544,539,17,20,1743.0499485773055,50844.767,9433.16641929499,2.1881827868146693,102.9757092585995,62.70189142571938,38.30079917565558,29.17,0.18477888241343846,-0.9191176470588203,4.050592237293545
2733,Rio de Janeiro,RJ,industrial,Vertice Engenharia,1865.0,9307804.93,114767.84,9382367.05,5359166.03,2962777.76,5781349.08,71,357,353,11,15,5030.75981233244,132146.0147887324,26578.943484419266,1.2330279895541387,100.80107093520706,57.119552043106225,31.578148075117134,26.267605633802816,0.18927613941018767,-1.1204481792717047,1.6115507483030158
2734,Salvador,BA,residencial_popular,Obras & Cia,3834.0,6240215.12,359704.22,6522049.95,3433093.18,2457994.11,3352124.58,99,706,700,23,22,1701.1084898278561,65879.29242424242,9317.214214285714,5.764291984857086,104.5164281131385,52.638253406814215,37.687446873969435,38.72727272727273,0.1825769431403234,-0.8498583569405138,3.5255194856167074
2735,Salvador,BA,industrial,Engenharia Vale Verde,4808.0,30056347.79,178985.17,30008076.1,16141085.46,11878386.39,17398698.8,147,931,934,31,18,6241.280386855242,204136.57210884354,32128.56113490364,0.5954987320833102,99.83939602263966,53.789137984757375,39.58396516463113,32.70748299319728,0.19425956738768718,0.3222341568206222,0.5988751569473372
2736,Campinas,SP,residencial_padrao,Construtora Planalto,1328.0,4700058.38,2791768.44,7517709.92,3144073.99,1550923.76,3365870.25,44,193,212,7,22,5660.926144578313,170857.04363636364,35460.8958490566,59.39859070431376,159.949288119268,41.82223075188834,20.63026874545859,30.181818181818183,0.15963855421686746,9.844559585492219,4.680792922406211
2737,Salvador,BA,industrial,Estrutural Engenharia,2436.0,13539377.67,571799.16,13894969.31,8390954.63,5394987.9,8433773.48,69,402,396,13,16,5704.010389983579,201376.3668115942,35088.30633838384,4.223230741742062,102.62635143702288,60.3884358633391,38.82691483253085,35.30434782608695,0.1625615763546798,-1.4925373134328401,1.181738215003201
2738,Goiania,GO,industrial,Construtora Planalto,5846.0,31295853.27,788819.6,31347706.21,17541461.76,11281523.08,18923643.7,140,892,875,29,9,5362.2487529935,223912.18721428572,35825.949954285716,2.5205243429363766,100.1656862957295,55.95772029535044,35.988352718455566,41.75714285714286,0.14967499144714336,-1.905829596412556,0.28757803541427457
2739,Rio de Janeiro,RJ,industrial,Beta Engenharia,6312.0,37731162.3,889381.05,41035975.58,23373114.3,14573280.23,23722796.32,179,963,1049,34,12,6501.263558301647,229251.26022346367,39119.13782650143,2.3571525386060004,108.75884303198366,56.957618210962,35.51342455984569,35.262569832402235,0.166191381495564,8.930425752855653,0.31803950020378785
2740,Rio de Janeiro,RJ,residencial_padrao,Construtora Horizonte,6851.0,24682051.73,2335728.14,26070696.19,14628596.21,8739300.89,15176448.84,233,1319,1402,46,13,3805.38551890235,111891.39995708155,18595.36104850214,9.463265718550538,105.62613057938033,56.11126033378091,33.52154781870442,29.40343347639485,0.2046416581520946,6.292645943896891,0.5266985152696623
2741,Uberlandia,MG,industrial,Construtora Planalto,4012.0,19913459.04,1458851.65,21627605.97,11551851.88,8433560.56,12227125.95,159,773,769,25,16,5390.729304586241,136022.67905660375,28124.325058517552,7.32595802200721,108.6079818004336,53.41253163213609,38.99442486467679,25.232704402515722,0.19167497507477568,-0.5174644243208237,0.8034766821706331
2742,Contagem,MG,residencial_padrao,Alfa Construcoes,1528.0,4893853.09,443086.38,5570939.23,3118740.01,1813329.31,3414365.85,44,230,230,7,15,3645.9026374345553,126612.25522727273,24221.47491304348,9.053937089067789,113.83544065479907,55.98230174914328,32.54979519853782,34.72727272727273,0.1505235602094241,0.0,3.065069531950335
2743,Curitiba,PR,residencial_popular,Engenharia Vale Verde,3502.0,7007351.5,487589.43,7371047.78,4159281.24,2397429.76,4177838.66,95,592,615,20,17,2104.810902341519,77589.97663157895,11985.443544715448,6.958255626251944,105.19021030984388,56.42727281303826,32.52495210389207,36.863157894736844,0.1756139348943461,3.8851351351351315,2.4260235839460886
2744,Curitiba,PR,industrial,Alfa Construcoes,1700.0,9222962.19,273545.37,9535368.03,5034766.1,3112996.4,5379822.21,50,257,287,9,13,5609.040017647058,190707.36059999999,33224.27885017421,2.9659166368110204,103.38726141953316,52.80096252351992,32.6468405855542,34.0,0.1688235294117647,11.673151750972766,1.4095254574604303
2745,Sao Paulo,SP,residencial_padrao,Vertice Engenharia,3195.0,10608969.41,911240.9,11184653.78,5741443.22,3807707.54,6048211.58,89,512,509,16,17,3500.6741095461657,125670.26719101123,21973.77952848723,8.589344212276318,105.42639296760872,51.333222582773594,34.04403582709737,35.89887640449438,0.1593114241001565,-0.5859375,1.6024176659399
2746,Rio de Janeiro,RJ,residencial_popular,Construtora Planalto,2139.0,3483718.81,89083.17,3516448.56,1690662.27,1077079.21,1826939.29,51,293,312,10,11,1643.968471248247,68949.97176470589,11270.668461538462,2.557128599021458,100.9395060791373,48.07868624132525,30.629744517007808,41.94117647058823,0.1458625525946704,6.484641638225264,3.157545312906583
2747,Curitiba,PR,residencial_popular,Construtora Planalto,1414.0,2004383.18,53091.07,2090744.32,1313687.71,726548.69,1325858.97,41,244,246,8,16,1478.6027722772278,50993.76390243902,8498.960650406505,2.648748529210867,104.30861428402129,62.83349415006422,34.750719303640146,34.48780487804878,0.173974540311174,0.8196721311475308,7.982505620507153
2748,Curitiba,PR,industrial,Alfa Construcoes,4129.0,30049887.53,856892.94,31873965.31,16964731.84,10864919.73,18498944.34,146,727,828,27,14,7719.536282392831,218314.83089041096,38495.127185990335,2.851567877398974,106.07016508191236,53.22441583594733,34.08712917997463,28.28082191780822,0.20053281666263018,13.892709766162303,0.46589192675091523
2749,Goiania,GO,residencial_padrao,Construtora Atlantica,2611.0,8492847.48,306438.1,9043262.89,4977939.02,3461504.72,5277878.71,66,504,599,19,15,3463.5246610494064,137019.1346969697,15097.26692821369,3.608190312161357,106.4809289380998,55.04582892867774,38.277165687925724,39.56060606060606,0.22941401761777097,18.849206349206348,1.7661920852015582
2750,Campinas,SP,residencial_popular,Estrutural Engenharia,2989.0,5084667.14,171683.02,5325655.43,2739860.36,1771807.25,2831409.11,89,534,597,19,16,1781.7515657410504,59838.82505617977,8920.695862646566,3.376484935452432,104.73950965451004,51.446444405059836,33.269280622610616,33.58426966292135,0.1997323519571763,11.79775280898876,3.1467153226474527
2751,Contagem,MG,industrial,Obras & Cia,4045.0,23931090.31,1886756.9,27216017.23,15978561.44,10842447.86,17273402.58,123,981,933,31,17,6728.310810877627,221268.43276422765,29170.43647374062,7.8841242733164885,113.7266078454743,58.71013861053467,39.83848102524147,32.886178861788615,0.23065512978986402,-4.892966360856265,0.7103729825839264
2752,Curitiba,PR,residencial_padrao,Estrutural Engenharia,856.0,2734143.38,186019.4,2856703.33,1668326.64,911647.57,1705012.01,23,127,129,4,20,3337.270245327103,124204.49260869565,22144.987054263565,6.803571508382271,104.48257216123027,58.4004163988565,31.912574204896522,37.21739130434783,0.15070093457943926,1.5748031496062964,7.314905336091043
2753,Contagem,MG,residencial_popular,Beta Engenharia,1441.0,2039272.22,24011.54,2084115.64,1064750.56,641270.36,1130119.75,36,210,235,7,11,1446.2981540596807,57892.10111111111,8868.577191489361,1.1774563378301697,102.19899136369347,51.088842651744606,30.769423140071055,40.02777777777778,0.16308119361554477,11.904761904761907,5.394081227664642
2754,Uberlandia,MG,comercial,Engenharia Mineira,2351.0,10850632.54,946423.09,11574940.6,6538353.97,4574720.71,7091127.26,61,387,404,13,9,4923.4115695448745,189753.12459016393,28650.84306930693,8.722284959066544,106.67526116408325,56.487149229949395,39.52262796061346,38.540983606557376,0.17184176945980434,4.392764857881137,0.8294447320764214
2755,Goiania,GO,comercial,Estrutural Engenharia,1995.0,9780151.38,412415.05,10417793.64,6222617.5,3668810.7,6350256.42,57,368,405,13,13,5221.95169924812,182768.30947368423,25722.94725925926,4.216857530890284,106.51975859293907,59.73066577271921,35.21677263708979,35.0,0.20300751879699247,10.054347826086962,1.3292227793717442
2756,Rio de Janeiro,RJ,industrial,Alfa Construcoes,2058.0,14133477.43,869598.21,15141051.86,8272526.27,5675172.9,8345066.24,75,311,316,10,14,7357.168056365403,201880.69146666667,47914.72107594937,6.152754793057323,107.12899167943837,54.636404039104846,37.48202537363214,27.44,0.15354713313896987,1.6077170418006492,0.9905559385040884
2757,Salvador,BA,residencial_padrao,Engenharia Vale Verde,4705.0,15689515.52,1372694.46,16760383.56,9379555.85,5278035.62,9989650.62,156,859,808,26,14,3562.2494282678003,107438.35615384615,20743.04896039604,8.74911948842637,106.8253735345424,55.96265632240698,31.49113861926439,30.16025641025641,0.17173219978746015,-5.937136204889404,0.8923156347405176
2758,Campinas,SP,residencial_popular,Obras & Cia,2390.0,4367214.93,174873.91,4551091.53,2535382.95,1450888.75,2670255.56,91,369,354,11,19,1904.2223974895398,50011.994835164835,12856.190762711865,4.004243271809845,104.21038586255247,55.709337711342414,31.880016924203673,26.263736263736263,0.14811715481171547,-4.0650406504065035,4.350598792260495
2759,Belo Horizonte,MG,comercial,Construtora Atlantica,6886.0,23085628.49,2009371.28,25320144.86,14552717.79,8646789.9,15670049.0,222,1212,1243,41,12,3677.0468864362474,114054.70657657657,20370.188946098147,8.703992099978562,109.6792529212186,57.47485992068688,34.14984372249757,31.01801801801802,0.1805111821086262,2.5577557755775526,0.5198039119965064
2760,Goiania,GO,industrial,Estrutural Engenharia,2814.0,19614605.67,1641887.02,25344323.88,12470461.6,14985259.65,13299515.23,187,442,528,17,15,9006.511684434967,135531.1437433155,48000.6134090909,8.370736825523956,129.21148814509914,49.20415971262438,59.1266893563704,15.04812834224599,0.18763326226012794,19.457013574660632,0.76473625074921
2761,Contagem,MG,industrial,Construtora Horizonte,4103.0,22525894.63,1983603.31,24781686.45,12815745.74,8294211.32,13639483.66,127,605,587,19,11,6039.894333414574,195131.38937007874,42217.523764906306,8.805880266163706,110.01421633658775,51.714582725664336,33.46911573889275,32.30708661417323,0.14306604923226907,-2.975206611570247,0.48832688693083887
2762,Contagem,MG,industrial,Alfa Construcoes,2941.0,22546692.6,289393.15,23758734.86,13687383.27,8310423.97,14318106.68,120,511,546,18,15,8078.454559673581,197989.45716666666,43514.16641025641,1.2835281659004834,105.37569869560379,57.609899477618896,34.9783943419957,24.508333333333333,0.1856511390683441,6.849315068493156,0.6652860473203063
2763,Contagem,MG,residencial_padrao,Construtora Atlantica,3431.0,11952112.87,964683.09,13126242.31,7174253.23,4562214.26,7457495.37,92,585,643,21,10,3825.777414747887,142676.5468478261,20414.06269051322,8.071234772400539,109.82361405695127,54.655803698933845,34.7564379222556,37.29347826086956,0.18740891868259982,9.914529914529924,0.8366721523438894
2764,Rio de Janeiro,RJ,industrial,Engenharia Mineira,2664.0,20402780.7,1835260.25,22200342.01,12313746.93,7562708.63,12197792.29,67,343,373,12,17,8333.461715465466,331348.38820895524,59518.34319034853,8.995147656515272,108.81037411728884,55.466474005010156,34.065730278359794,39.76119402985075,0.140015015015015,8.746355685131203,0.8332197581283614
2765,Sao Paulo,SP,residencial_padrao,Estrutural Engenharia,5318.0,16923619.09,1309617.84,17377068.05,9189451.04,6273479.44,9899026.93,134,1122,1045,34,17,3267.594593832268,129679.61231343284,16628.77325358852,7.738402956456521,102.67938528744092,52.8826325221187,36.10205946106081,39.6865671641791,0.19650244452801804,-6.8627450980392135,1.0045132728167543
2766,Contagem,MG,industrial,Beta Engenharia,1319.0,7797177.56,589243.1,8507302.64,4328120.85,2475600.21,4566765.57,35,193,197,6,18,6449.81246398787,243065.78971428573,43184.27736040609,7.557133276313384,109.10746323955718,50.875360065949174,29.09970780115564,37.68571428571428,0.14935557240333586,2.0725388601036343,2.3085276513826116
2767,Rio de Janeiro,RJ,residencial_popular,Delta Obras,5774.0,10313247.54,483804.16,10775135.95,5964447.53,3938805.98,5988421.8,172,862,897,29,13,1866.1475493591963,62646.139244186044,12012.414659977703,4.691094227337823,104.47859326762557,55.353803030206784,36.55458268255075,33.56976744186046,0.15535157603048147,4.060324825986084,1.2605146875006552
2768,Curitiba,PR,comercial,Estrutural Engenharia,5522.0,28796538.73,2213717.59,30979657.99,16993632.73,11011980.67,17540211.84,168,966,989,32,13,5610.2241923216225,184402.72613095236,31324.224459049543,7.68744330961473,107.5811863379457,54.85416506368605,35.545843254804765,32.86904761904762,0.1791017747193046,2.3809523809523725,0.4514431446740752
2769,Campinas,SP,comercial,Vertice Engenharia,3130.0,12929318.09,782159.68,13567486.27,7255372.03,5267676.07,7500771.21,81,440,439,14,14,4334.660150159744,167499.83049382715,30905.435694760818,6.049504502522454,104.9358224119614,53.47617005548664,38.82573356014902,38.641975308641975,0.1402555910543131,-0.2272727272727315,1.0828103928255972
2770,Rio de Janeiro,RJ,comercial,Construtora Horizonte,3593.0,15144215.66,472327.62,15597970.86,7435800.44,5293062.6,7543654.02,101,682,742,24,15,4341.210926802115,154435.35504950496,21021.52407008086,3.118864856418718,102.9962278020016,47.67158822605981,33.93430240066495,35.57425742574257,0.2065126635123852,8.797653958944274,0.9904771786642663
2771,Rio de Janeiro,RJ,comercial,Construtora Planalto,2330.0,11497137.77,273297.04,11451778.1,5795772.15,4678389.73,6083862.37,65,430,458,15,21,4914.926223175966,176181.20153846152,25003.88231441048,2.3770876323072883,99.60546989252961,50.610237985662685,40.852954791361185,35.84615384615385,0.1965665236051502,6.511627906976747,1.8265415636573692
2772,Campinas,SP,residencial_padrao,Delta Obras,3024.0,8280887.02,49300.74,8050842.7,4498098.11,3113395.03,4744730.31,90,563,607,20,10,2662.3157076719576,89453.80777777778,13263.332289950577,0.5953557859312516,97.2219845598135,55.871146383222715,38.671666383445796,33.6,0.20072751322751323,7.815275310834813,1.207600100792101
2773,Uberlandia,MG,industrial,Delta Obras,4675.0,26881429.73,1731474.41,28467780.05,16483836.54,10105067.83,16940563.38,148,799,858,28,14,6089.36471657754,192349.8652027027,33179.23082750583,6.441154460127742,105.90128700717736,57.9034842585135,35.49650802504356,31.58783783783784,0.18352941176470589,7.3842302878598165,0.5208056320150201
2774,Campinas,SP,industrial,Construtora Serrana,2927.0,15506237.32,318788.55,15596048.13,8658439.67,4494624.22,9035469.45,99,561,697,23,15,5328.338957977451,157535.8396969697,22375.965753228124,2.055873023359609,100.57919150949768,55.51688221162215,28.818994289677146,29.565656565656564,0.23812777587974035,24.242424242424242,0.9673526652821794
2775,Sao Paulo,SP,comercial,Obras & Cia,4572.0,23720770.52,26827.31,24892043.5,14533655.01,8743082.57,15375134.58,133,756,791,26,16,5444.45395888014,187158.22180451127,31469.081542351454,0.11309628402408237,104.93775267128211,58.386749203616006,35.12400486524941,34.37593984962406,0.17300962379702536,4.629629629629628,0.6745143454134306
2776,Campinas,SP,residencial_popular,Alfa Construcoes,5277.0,9012806.66,733727.74,9649036.3,5466276.97,3331181.89,5455793.94,120,1005,1061,35,10,1828.50792116733,80408.63583333333,9094.2849198869,8.140946185569236,107.05917328531712,56.65101467179681,34.52346728139057,43.975,0.20106120902027666,5.572139303482593,1.1095322885801258
2777,Contagem,MG,residencial_padrao,Construtora Atlantica,2691.0,7892487.54,755227.5,8638522.71,4239128.1,3056000.2,4434891.86,119,482,524,17,10,3210.1533667781496,72592.62781512606,16485.730362595423,9.568941302376766,109.45247193890408,49.07237316274879,35.37642143907728,22.613445378151262,0.19472315124489037,8.713692946058082,1.2670276575438217
2778,Rio de Janeiro,RJ,residencial_padrao,Obras & Cia,1792.0,5724495.55,36493.04,5609516.84,3039054.35,2156899.47,3112815.35,48,348,360,12,16,3130.3107366071426,116864.93416666666,15581.991222222221,0.6374891845273598,97.9914612738235,54.17675776154726,38.45071744182517,37.333333333333336,0.20089285714285715,3.4482758620689724,2.7950061032015303
2779,Campinas,SP,comercial,Construtora Atlantica,2282.0,10954814.82,429518.26,11205925.19,5668144.32,4133349.73,5896728.1,60,361,366,12,19,4910.571950043821,186765.41983333332,30617.28193989071,3.9208171663097082,102.29223746933222,50.58167196277705,36.885394645401874,38.03333333333333,0.16038562664329536,1.3850415512465464,1.7343971862775858
2780,Campinas,SP,comercial,Beta Engenharia,5771.0,30211648.25,1280009.88,33898010.5,18849794.78,12109443.73,19779808.96,196,820,823,27,18,5873.8538381562985,172949.0331632653,41188.34811664642,4.236809158533745,112.20179124123094,55.60737784301531,35.723169446773284,29.443877551020407,0.1426095997227517,0.3658536585365857,0.5957966891131139
2781,Belo Horizonte,MG,comercial,Obras & Cia,4031.0,16186970.29,36110.34,14920167.95,8136583.69,5581355.91,8485438.48,125,699,801,26,14,3701.356474820144,119361.3436,18626.926279650437,0.22308275948531442,92.17393794326905,54.5341293560975,37.408130583409424,32.248,0.198709997519226,14.592274678111593,0.8648931671079259
2782,Curitiba,PR,comercial,Construtora Horizonte,3323.0,13945363.78,98960.92,14120039.89,8967962.74,4764047.43,9827339.07,93,498,474,15,16,4249.184438760157,151828.3859139785,29789.113691983122,0.709633119373527,101.25257478224066,63.51230456757584,33.73961736024529,35.73118279569893,0.14264219079145352,-4.81927710843374,1.147334716570585
2783,Uberlandia,MG,industrial,Delta Obras,3390.0,15707391.95,599293.75,16842659.73,9632353.4,5271440.88,9565393.21,90,466,453,15,23,4968.336203539823,187140.66366666666,37180.26430463576,3.8153612764466605,107.2276020335763,57.190215526606735,31.298149843937978,37.666666666666664,0.1336283185840708,-2.7896995708154515,1.4642787340644416
2784,Curitiba,PR,residencial_popular,Construtora Atlantica,1366.0,2721737.63,107285.31,2954820.05,1483541.3,1044690.94,1558019.27,39,239,244,8,15,2163.1186310395315,75764.61666666667,12109.918237704916,3.941794712960632,108.56373580726076,50.20750079179949,35.35548433820868,35.02564102564103,0.17862371888726208,2.092050209205021,5.511185146821077
2785,Curitiba,PR,residencial_popular,Vertice Engenharia,3382.0,7107262.44,402333.81,7101445.89,4194672.13,2284494.3,4356652.44,105,615,574,19,12,2099.77702247191,67632.818,12371.856951219512,5.660882982674831,99.91816047248706,59.06786019318666,32.16942486623664,32.20952380952381,0.16972205795387343,-6.666666666666665,1.688413802262802
2786,Sao Paulo,SP,residencial_popular,Obras & Cia,3836.0,6429057.36,481934.85,6803358.37,3987542.5,2277418.39,3934680.77,104,579,582,19,19,1773.5553623566216,65416.907403846155,11689.619192439863,7.496197700746599,105.8220200729396,58.61138401268725,33.47491438996473,36.88461538461539,0.15172054223149115,0.5181347150259086,2.9553321639675025
2787,Belo Horizonte,MG,industrial,Obras & Cia,4169.0,31560573.81,798664.71,32139373.91,17540806.79,12818752.7,18629801.07,91,669,667,22,12,7709.132624130487,353179.9330769231,48184.968380809594,2.530577279133443,101.83393401997212,54.577313295273214,39.88488617076486,45.81318681318681,0.1599904053729911,-0.2989536621823663,0.3802212238675391
2788,Belo Horizonte,MG,industrial,Alfa Construcoes,2351.0,13147925.06,838195.0,14800875.14,8172934.61,4326595.19,8357502.12,64,387,456,15,18,6295.565776265419,231263.6740625,32458.05951754386,6.3751123935901095,112.57194631439434,55.219265973755114,29.23202276267564,36.734375,0.1939600170140366,17.829457364341096,1.3690373133294995
2789,Rio de Janeiro,RJ,industrial,Alfa Construcoes,2674.0,18689144.69,1371833.36,20643725.98,11120842.15,6328544.72,11874803.01,63,471,553,18,8,7720.166783844428,327678.19015873014,37330.426726943944,7.340268282764309,110.45837742936324,53.87032438220729,30.656019781173242,42.44444444444444,0.20680628272251309,17.409766454352436,0.42805597220725455
2790,Salvador,BA,residencial_padrao,Beta Engenharia,2477.0,7182779.77,634745.83,7693557.52,4120984.95,2757007.51,4244506.91,71,451,430,14,18,3105.9981913605166,108359.96507042254,17891.99423255814,8.83704986544506,107.11114312780884,53.564101383361084,35.83527520049009,34.88732394366197,0.17359709325797335,-4.6563192904656265,2.505993581368011
2791,Belo Horizonte,MG,industrial,Delta Obras,5076.0,31971411.75,1439448.08,39339240.51,19618280.77,20719889.07,20385398.58,363,997,1080,36,16,7750.0473817966895,108372.56338842974,36425.22269444444,4.502297525225798,123.0450529292001,49.869495485082005,52.66977400016918,13.983471074380166,0.2127659574468085,8.324974924774331,0.5004470908295127
2792,Curitiba,PR,industrial,Construtora Horizonte,3670.0,24232312.03,366132.45,24652014.23,13843458.18,7758433.78,14522859.76,118,537,593,19,17,6717.170089918256,208915.3748305085,41571.69347386172,1.510926607195888,101.73199403953038,56.155485109015366,31.47180472806339,31.10169491525424,0.16158038147138964,10.428305400372428,0.7015426336105989
2793,Goiania,GO,residencial_popular,Obras & Cia,2528.0,4203427.35,234602.59,4224706.75,2066121.04,1557366.7,2082951.24,85,427,434,14,18,1671.165644778481,49702.43235294118,9734.347350230415,5.581221476326932,100.50623927162677,48.90566759456145,36.86330891487321,29.741176470588236,0.17167721518987342,1.6393442622950838,4.282219841387292
2794,Curitiba,PR,residencial_popular,Construtora Planalto,4846.0,9605730.76,822941.9,10507596.85,5478628.72,3443937.02,6059831.46,136,831,878,29,18,2168.3031056541477,77261.74154411764,11967.650170842824,8.567197234247695,109.3888337340823,52.13969281663105,32.77568666902176,35.63235294117647,0.1811803549319026,5.655836341756926,1.873881378703144
2795,Goiania,GO,residencial_padrao,Engenharia Mineira,2286.0,7990717.93,270025.73,8506279.03,4132289.2,2914480.83,4140698.47,76,324,367,12,19,3721.031946631671,111924.72407894736,23177.87201634877,3.3792424205868565,106.45199973915234,48.579281086668054,34.26269958604921,30.07894736842105,0.1605424321959755,13.271604938271597,2.37775881547104
2796,Contagem,MG,residencial_popular,Alfa Construcoes,3533.0,6991204.17,45307.22,6914303.78,3489967.83,2763974.67,3614738.81,100,582,662,22,11,1957.0630568921597,69143.0378,10444.567643504532,0.648060318341411,98.90004084947215,50.47460946241503,39.97473582220884,35.33,0.18737616756297765,13.745704467353947,1.5734056297772234
2797,Contagem,MG,residencial_popular,Beta Engenharia,1573.0,3289819.49,163075.09,3442063.99,2116929.55,1276722.4,2249528.23,52,290,335,11,16,2188.216141131596,66193.53826923078,10274.817880597016,4.956961635606335,104.62774630835445,61.5017488387832,37.091768302657265,30.25,0.2129688493324857,15.517241379310342,4.863488725942225
2798,Contagem,MG,comercial,Obras & Cia,2589.0,13039920.87,178146.08,13150670.67,6489063.22,4979070.75,6899177.14,80,372,397,13,16,5079.440196987253,164383.383375,33125.11503778338,1.366159210443123,100.84931343605616,49.34397174741203,37.86172488798246,32.3625,0.1533410583236771,6.720430107526876,1.227001310783261
2799,Contagem,MG,residencial_padrao,Alfa Construcoes,4165.0,13878419.39,719211.72,15466335.04,8052515.9,5759340.78,8434883.38,111,596,610,20,17,3713.405771908763,139336.3517117117,25354.647606557377,5.182230769868671,111.44161741605936,52.064796728986416,37.23791554434088,37.52252252252252,0.14645858343337334,2.348993288590595,1.2249233520244556
2800,Ribeirao Preto,SP,comercial,Construtora Planalto,5592.0,27947873.51,191347.68,36328169.56,15022164.09,24191067.65,15579836.17,429,995,1105,36,17,6496.453783977111,84681.04792540793,32876.171547511316,0.6846591742714667,129.98545147630446,41.351282687637834,66.59038410962536,13.034965034965035,0.19760371959942774,11.05527638190955,0.6082752590789151
2801,Sao Paulo,SP,residencial_padrao,Construtora Serrana,7442.0,21318683.68,1801423.62,23713900.42,11003811.4,9361169.02,11587592.38,267,1419,1304,43,16,3186.495622144585,88816.10644194757,18185.506457055217,8.44997583828309,111.23529377307221,46.402368252839274,39.47545049191869,27.872659176029963,0.17522171459285138,-8.10429880197322,0.7505153807882757
2802,Sao Paulo,SP,comercial,Construtora Serrana,2560.0,10668147.46,432657.16,11308448.94,6737937.05,3742945.63,7068808.27,80,417,411,13,13,4417.362867187499,141355.61174999998,27514.47430656934,4.055597859161949,106.0019931520519,59.583211506281074,33.098664988091635,32.0,0.160546875,-1.4388489208633115,1.2185808312777109
2803,Sao Paulo,SP,industrial,Construtora Serrana,3452.0,20721180.49,1899661.34,22548231.25,11878631.3,8021273.67,12145716.17,91,598,637,21,15,6531.932575318656,247782.760989011,35397.537284144426,9.167727393315129,108.81731019563163,52.68098933480647,35.573848702656,37.934065934065934,0.18453070683661646,6.521739130434789,0.7238969810257176
2804,Rio de Janeiro,RJ,industrial,Alfa Construcoes,3092.0,16625270.48,314998.97,16802948.82,8216319.26,5782690.36,8674335.46,100,523,546,18,14,5434.330148771022,168029.4882,30774.631538461537,1.8946998208476662,101.06872450715159,48.89807942651342,34.414735305966374,30.92,0.17658473479948253,4.397705544933084,0.8420915627713744
2805,Curitiba,PR,industrial,Construtora Atlantica,1547.0,12113663.16,1064123.2,13407163.35,7442496.71,3998274.77,7578714.27,47,227,213,7,11,8666.556787330317,285258.79468085105,62944.428873239434,8.784487284686888,110.67802672829148,55.51134506017635,29.821929259928055,32.91489361702128,0.13768584356819652,-6.167400881057272,0.9080655334979614
2806,Salvador,BA,residencial_padrao,Obras & Cia,3720.0,10256775.44,741255.45,11175888.73,6787396.15,3795789.48,6893682.74,113,589,607,20,20,3004.2711639784948,98901.67017699116,18411.67830313015,7.226983317868174,108.96103551624603,60.7324957681464,33.964095131072405,32.92035398230089,0.1631720430107527,3.056027164685915,1.9499305719420137
2807,Contagem,MG,residencial_popular,Obras & Cia,3269.0,4287029.61,125488.76,4339973.61,2257373.74,1543835.54,2384561.54,122,492,517,17,16,1327.6150535331906,35573.55418032787,8394.533094777564,2.927172691023237,101.2349809732245,52.013536091524756,35.57246376896748,26.795081967213115,0.15815234016518814,5.081300813008127,3.7321878912798083
2808,Ribeirao Preto,SP,residencial_popular,Engenharia Vale Verde,5594.0,9870901.71,65319.74,9669752.13,5874663.2,3122174.2,6617593.31,184,817,834,27,17,1728.5935162674295,52553.00070652174,11594.42701438849,0.6617403548231663,97.96219650534844,60.75298643668542,32.288047904698466,30.402173913043477,0.1490883089023954,2.080783353733162,1.7222337431217314
2809,Ribeirao Preto,SP,residencial_popular,Construtora Serrana,1727.0,1901068.58,187452.67,2093096.63,904759.43,751585.49,968714.7,54,317,332,11,19,1211.9841517081643,38761.0487037037,6304.507921686747,9.860384416010916,110.10105853203885,43.22587963843791,35.90782571753508,31.98148148148148,0.1922408801389693,4.731861198738163,9.994379056014907
2810,Sao Paulo,SP,residencial_padrao,Engenharia Vale Verde,5248.0,16253301.88,322202.17,16462788.55,9401228.44,5791556.4,10050221.05,133,816,838,27,17,3136.9642816310975,123780.36503759399,19645.33239856802,1.982379779683265,101.28888684617232,57.105929602673534,35.17968041932969,39.45864661654135,0.15967987804878048,2.6960784313725394,1.0459413186017805
2811,Sao Paulo,SP,comercial,Vertice Engenharia,1415.0,6850158.24,339320.63,6936138.17,4092626.74,2663765.03,4115932.68,36,244,255,8,13,4901.864431095406,192670.50472222222,27200.541843137256,4.953471410610801,101.2551524649159,59.00440042704629,38.404151773118436,39.30555555555556,0.18021201413427562,4.508196721311486,1.897766379189512
2812,Curitiba,PR,comercial,Engenharia Mineira,2365.0,9903525.34,402399.18,9972156.17,5296358.11,3525457.26,5625428.48,57,381,385,12,10,4216.556520084567,174950.10824561404,25901.704337662337,4.063191299917449,100.69299393543028,53.111463756789526,35.35300891702742,41.49122807017544,0.16279069767441862,1.049868766404205,1.009741446271697
2813,Salvador,BA,industrial,Engenharia Vale Verde,2811.0,16652685.8,1290121.44,18222386.19,10218921.18,6284617.76,10484189.51,88,420,426,14,9,6482.5279935965855,207072.5703409091,42775.55443661972,7.747227417213384,109.42610945076498,56.078940888695975,34.48844566497468,31.943181818181817,0.15154749199573106,1.4285714285714235,0.5404533603822633
2814,Rio de Janeiro,RJ,residencial_popular,Construtora Atlantica,3034.0,5833747.2,510730.8,5872803.26,3321772.16,2289182.87,3566241.19,124,393,370,12,10,1935.663566249176,47361.316612903225,15872.441243243242,8.754764004857805,100.66948495814148,56.56195198338724,38.97938971652186,24.467741935483872,0.12195121951219512,-5.852417302798985,1.7141640967918526
2815,Rio de Janeiro,RJ,residencial_padrao,Beta Engenharia,3738.0,12096731.68,349459.71,12943114.32,7098352.92,3922093.56,7715689.56,103,542,593,19,24,3462.5773996789726,125661.3040776699,21826.499696458686,2.888877088823715,106.99678774721737,54.8426966223381,30.302549008158646,36.29126213592233,0.1586409844836811,9.409594095940953,1.9840069726999185
2816,Uberlandia,MG,residencial_padrao,Obras & Cia,4272.0,13086389.71,1082976.39,19723668.8,10790595.72,4480857.91,11285059.05,139,635,641,21,15,4616.963670411985,141896.89784172663,30770.15413416537,8.275593299597677,150.7189472198593,54.70886694264507,22.71817660008568,30.73381294964029,0.15004681647940074,0.9448818897637823,1.1462290465442664
2817,Belo Horizonte,MG,residencial_popular,Construtora Atlantica,3828.0,8259829.48,13977.28,8482653.45,4714614.74,2840159.94,4930323.8,113,593,627,20,11,2215.9491771159874,75067.72964601769,13528.952870813397,0.16921995827933242,102.69768244658725,55.57948073429784,33.481975383539925,33.876106194690266,0.16379310344827586,5.733558178752118,1.3317466209968296
2818,Contagem,MG,comercial,Construtora Horizonte,2718.0,12233484.54,913753.16,13679090.29,6957691.67,4870482.26,7351353.06,80,463,473,15,22,5032.777884473878,170988.62862499998,28919.85262156448,7.469279558185472,111.81679467753673,50.86370162412314,35.60530822404565,33.975,0.17402501839587933,2.1598272138228847,1.798342894705616
2819,Sao Paulo,SP,residencial_padrao,Vertice Engenharia,3535.0,7288945.31,167137.67,7720980.04,3921630.91,2583774.99,4170831.36,100,554,568,18,22,2184.1527694483734,77209.80040000001,13593.27471830986,2.2930295521726176,105.92725986580356,50.79187991269565,33.46433971612755,35.35,0.1606789250353607,2.5270758122743597,3.0182693194058277
2820,Contagem,MG,residencial_popular,Construtora Atlantica,5547.0,11138535.87,347666.07,11799665.81,6774867.06,3379562.2,6828131.0,150,941,949,31,19,2127.215758067424,78664.43873333334,12433.7890516333,3.121290572276983,105.93551924342819,57.41575370938408,28.641168778999514,36.98,0.17108346854155398,0.8501594048884176,1.7057897215354574
2821,Belo Horizonte,MG,residencial_padrao,Construtora Planalto,2374.0,6905578.08,654132.21,7169752.11,3800636.31,2138859.25,3954994.35,61,360,357,11,17,3020.1146208930077,117536.91983606559,20083.33924369748,9.472519207255129,103.82551651635224,53.009312619038376,29.83170432094618,38.91803278688525,0.15037910699241785,-0.8333333333333304,2.461777971816083
2822,Goiania,GO,residencial_popular,Beta Engenharia,2793.0,2951469.68,282507.11,3189435.31,1719207.7,1148444.54,1731687.02,78,434,468,15,12,1141.9388865019691,40890.196282051285,6815.032713675214,9.571743593178295,108.06261475808215,53.903200187496516,36.007770290848136,35.80769230769231,0.16756176154672395,7.834101382488479,4.065771056811263
2823,Belo Horizonte,MG,industrial,Alfa Construcoes,1810.0,9841025.26,383095.72,10314748.11,5539208.16,3990338.77,5865238.12,51,291,322,10,15,5698.755861878452,202249.96294117646,32033.379223602482,3.8928435795926406,104.81375504568109,53.70182675260695,38.685760693772295,35.490196078431374,0.17790055248618786,10.65292096219932,1.5242314295207895
2824,Curitiba,PR,residencial_padrao,Construtora Serrana,3165.0,11103401.61,865151.28,11312658.28,5190741.02,3638931.1,5530832.28,76,507,489,16,11,3574.299614533965,148850.76684210525,23134.270511247443,7.791767877880083,101.88461768158992,45.884361495979,32.16689667390891,41.64473684210526,0.15450236966824646,-3.5502958579881616,0.9906873935004862
2825,Salvador,BA,comercial,Obras & Cia,1548.0,9243481.09,806680.92,10693791.09,6044430.79,3633261.03,6411269.64,39,282,271,9,13,6908.133779069767,274199.77153846156,39460.483726937266,8.727025155844183,115.69008456747976,56.522805982737786,33.97542554761092,39.69230769230769,0.17506459948320413,-3.900709219858156,1.4063965591993222
2826,Ribeirao Preto,SP,residencial_padrao,Construtora Atlantica,2190.0,7102254.67,603908.24,8002043.11,4467879.73,2892969.74,4554959.96,54,312,280,9,22,3653.9009634703198,148185.98351851854,28578.725392857144,8.503049637897595,112.66905344581231,55.83423718895711,36.152888708943735,40.55555555555556,0.1278538812785388,-10.256410256410254,3.09760787555651
2827,Uberlandia,MG,residencial_padrao,Engenharia Mineira,4013.0,12981664.84,977010.08,13872193.4,7078945.15,5073266.99,7372145.57,141,775,733,24,12,3456.813705457264,98384.35035460994,18925.22974079127,7.52607690956224,106.85989486692063,51.029746672937826,36.57148400194593,28.46099290780142,0.18265636680787442,-5.419354838709678,0.9243806667250238
2828,Curitiba,PR,industrial,Construtora Serrana,4855.0,28609092.33,1119141.03,29743185.56,18018606.14,9186475.51,19814899.17,121,811,928,30,13,6126.29980638517,245811.4509090909,32050.84650862069,3.9118368981823624,103.96410070238673,60.580619731035966,30.885983922160626,40.12396694214876,0.19114315139031926,14.426633785450061,0.45440099427299796
2829,Goiania,GO,residencial_padrao,Estrutural Engenharia,2274.0,8265794.04,799887.83,9051711.35,5224335.98,3452736.27,5356853.08,58,436,382,12,12,3980.5239006156553,156063.98879310343,23695.57945026178,9.677083969539604,109.50806790245163,57.71655522356003,38.14456887205092,39.206896551724135,0.167985927880387,-12.385321100917434,1.4517661511924147
2830,Ribeirao Preto,SP,residencial_padrao,Alfa Construcoes,2281.0,7356145.73,186957.3,7683834.37,3730744.42,2665748.13,3931191.04,80,465,474,15,15,3368.6253266111357,96047.929625,16210.621033755275,2.5415116402268447,104.45462409293513,48.55316031493271,34.69294107129485,28.5125,0.20780359491451117,1.9354838709677358,2.039111315974432
2831,Ribeirao Preto,SP,residencial_popular,Engenharia Vale Verde,2257.0,3725553.96,196769.94,3957450.87,2373619.04,1121494.46,2536663.08,65,351,401,13,11,1753.4119937970759,60883.85953846154,9868.954788029925,5.28162904396639,106.22449473259006,59.978484079070824,28.33880942153048,34.723076923076924,0.17766947275143996,14.245014245014254,2.9525810438134146
2832,Curitiba,PR,residencial_popular,Beta Engenharia,3177.0,5525981.06,73051.16,5432903.18,3083038.57,2160060.47,3147302.33,88,475,487,16,20,1710.0733962858042,61737.53613636363,11155.858685831621,1.321958204467679,98.31563157764424,56.74753382960158,39.758861854041,36.10227272727273,0.1532892666037142,2.5263157894736876,3.6192668383847124
2833,Sao Paulo,SP,comercial,Construtora Horizonte,2813.0,10702880.07,547174.32,11251074.64,6474273.95,3723136.07,6665524.85,75,395,434,14,22,3999.671041592606,150014.32853333335,25924.135115207373,5.112402609590299,105.12193509050505,57.54360500802792,33.091381837993026,37.50666666666667,0.15428368290081762,9.873417721518996,2.0555214910485304
2834,Campinas,SP,comercial,Alfa Construcoes,4187.0,23203179.67,1137824.38,23548793.29,13705945.8,8429542.42,14311460.09,160,878,896,29,9,5624.26398137091,147179.9580625,26282.13536830357,4.90374334975789,101.48950973493882,58.20232752996407,35.79606953184988,26.16875,0.2139957009792214,2.05011389521641,0.3878778739810534
2835,Campinas,SP,industrial,Construtora Planalto,4261.0,23338090.6,14922.88,22603415.4,12702004.91,8255763.25,12794881.62,136,854,931,31,15,5304.720816709692,166201.5838235294,24278.641675617615,0.06394216328905672,96.8520338163397,56.19506913101283,36.52440617447574,31.330882352941178,0.21849331142924197,9.016393442622949,0.6427261020231021
2836,Curitiba,PR,industrial,Estrutural Engenharia,3503.0,22098907.9,967409.96,22626491.52,12391176.16,7790480.98,13776763.26,105,562,611,20,20,6459.175426777048,215490.3954285714,37031.90101472995,4.377636960059913,102.3873741742686,54.76401919867778,34.43079530520161,33.36190476190476,0.17442192406508708,8.718861209964412,0.9050220983997134
2837,Ribeirao Preto,SP,residencial_popular,Construtora Serrana,5824.0,10268592.04,633207.41,11020389.95,5519483.34,3791953.52,6016723.0,164,978,1083,36,13,1892.237285370879,67197.49969512195,10175.7986611265,6.166448209583367,107.32133389924799,50.084283451331046,34.40852399238378,35.51219512195122,0.18595467032967034,10.73619631901841,1.2659963458826826
2838,Ribeirao Preto,SP,industrial,Estrutural Engenharia,7076.0,34669922.33,29452.58,35198925.73,19340188.96,10995585.3,19727709.86,188,1316,1163,38,16,4974.410080553985,187228.3283510638,30265.62831470335,0.08495138731393866,101.52582805050663,54.94539551676256,31.23841160478508,37.638297872340424,0.1643583945732052,-11.626139817629177,0.4614951209785419
2839,Rio de Janeiro,RJ,residencial_popular,Construtora Horizonte,4087.0,7150593.44,497947.27,7660527.09,3864431.54,2491482.31,4027519.36,139,621,1605,53,9,1874.3643479324687,55111.705683453234,4772.914074766355,6.963719503538157,107.13134726898974,50.446026684568515,32.52364074597901,29.402877697841728,0.39270858820650845,158.45410628019323,1.258636793647717
2840,Contagem,MG,residencial_popular,Construtora Serrana,2385.0,4531390.22,191104.68,5062755.42,3017532.69,1523428.11,3135798.93,70,369,359,11,12,2122.748603773585,72325.07742857143,14102.38278551532,4.217352086706847,111.72631740375694,59.602576851322596,30.09088892546186,34.07142857142857,0.15052410901467506,-2.7100271002710064,2.6481939134343633
2841,Goiania,GO,residencial_popular,Delta Obras,2206.0,3659221.5,330208.98,3847425.18,2267214.67,1401103.04,2282031.16,62,464,537,17,21,1744.0730643699003,62055.24483870968,7164.665139664805,9.024022732704209,105.14327104822708,58.92810292414835,36.41664163564059,35.58064516129032,0.24342701722574797,15.732758620689658,5.738925615735478
2842,Curitiba,PR,residencial_padrao,Engenharia Mineira,2139.0,6408050.56,88699.2,6763857.71,3978663.93,2564382.29,4197957.33,73,397,418,13,10,3162.158817204301,92655.58506849315,16181.477775119618,1.38418383515376,105.55250222619968,58.82240727976521,37.91301354859519,29.301369863013697,0.1954184198223469,5.289672544080615,1.5605370005070622
2843,Goiania,GO,comercial,Beta Engenharia,4458.0,21762804.83,447637.68,20966913.6,12650056.71,6352522.78,13224590.96,117,709,671,22,10,4703.210767160162,179204.38974358977,31247.26318926975,2.0568933255465858,96.34288302350228,60.333423179651966,30.29784402793552,38.1025641025641,0.15051592642440556,-5.359661495063472,0.4594995947496167
2844,Belo Horizonte,MG,residencial_popular,Construtora Serrana,1714.0,3253425.95,222915.06,3541458.71,1822598.72,1248064.6,1908949.93,42,276,276,9,16,2066.1952800466743,84320.44547619048,12831.372137681159,6.851702280176378,108.85321394820741,51.46463277557174,35.24154034256692,40.80952380952381,0.16102683780630106,0.0,4.917892783144488
2845,Campinas,SP,residencial_popular,Delta Obras,4316.0,7704958.79,547470.48,8099802.69,4675203.82,2619686.16,4909341.13,102,705,679,22,23,1876.6920041705284,79409.83029411765,11929.017216494845,7.105430345851336,105.12454265832616,57.71997169476729,32.34259228603506,42.31372549019608,0.157321594068582,-3.687943262411353,2.985090592548127
2846,Ribeirao Preto,SP,residencial_padrao,Alfa Construcoes,5641.0,17373485.43,1702316.53,18833421.12,9337297.53,8056140.49,9410164.47,154,905,987,32,14,3338.6671015777347,122294.94233766235,19081.48036474164,9.798359326681174,108.40324007455078,49.57833985926397,42.77576781546528,36.62987012987013,0.17496897713171425,9.060773480662988,0.805825639098602
2847,Rio de Janeiro,RJ,comercial,Construtora Atlantica,3195.0,15450725.86,293.03,15419331.41,7665806.99,6328255.11,8172294.33,88,580,562,18,18,4826.081818466354,175219.67511363636,27436.532758007117,0.0018965452021812,99.79680922252801,49.715560202749415,41.041047382222395,36.30681818181818,0.1758998435054773,-3.103448275862064,1.1649938108474085
2848,Uberlandia,MG,residencial_popular,Obras & Cia,1516.0,3315057.99,69156.58,3375984.56,1919939.36,1256643.17,1938928.68,34,237,235,7,10,2226.9027440633245,99293.66352941177,14365.891744680852,2.0861348491825327,101.83787343038304,56.87050180111014,37.22301295122037,44.588235294117645,0.1550131926121372,-0.8438818565400852,3.016538482936161
2849,Campinas,SP,comercial,Beta Engenharia,3313.0,16027699.75,603578.42,16130970.89,9200213.94,5550246.8,9654237.75,70,494,555,18,25,4868.9921189254455,230442.4412857143,29064.812414414417,3.7658455637091657,100.6443291402436,57.03447115947278,34.40739455701788,47.32857142857143,0.16752188348928462,12.348178137651832,1.5597996212775322
2850,Goiania,GO,comercial,Construtora Horizonte,2123.0,8880962.68,742367.41,9851525.23,4919094.71,3714833.62,5158699.97,59,355,412,13,19,4640.379288742346,166975.0038983051,23911.46900485437,8.359087147971216,110.92857368025784,49.93231601356818,37.70820795025259,35.983050847457626,0.1940650023551578,16.056338028169016,2.139407706642902
2851,Uberlandia,MG,industrial,Construtora Horizonte,1902.0,12993513.37,776038.28,13127259.36,7481671.37,5074403.77,7764833.52,51,335,371,12,19,6901.818801261829,257397.24235294116,35383.4484097035,5.972505340947674,101.02932891352387,56.993399496602926,38.655469743076665,37.294117647058826,0.1950578338590957,10.746268656716417,1.4622680916978195
2852,Ribeirao Preto,SP,industrial,Beta Engenharia,1439.0,9832859.09,928065.07,10881023.9,6322922.54,3644718.03,6607540.52,35,268,261,8,14,7561.51765114663,310886.39714285714,41689.74674329502,9.438405061085849,110.65981725565439,58.10962826761183,33.49609433354888,41.114285714285714,0.1813759555246699,-2.6119402985074647,1.4237974806572766
2853,Campinas,SP,residencial_padrao,Vertice Engenharia,6670.0,21047502.76,1780516.62,23556768.25,11383294.17,8419856.23,11937462.44,160,937,913,30,15,3531.7493628185907,147229.8015625,25801.498630887185,8.459514842700512,111.92191548143546,48.32281766833615,35.74283255089543,41.6875,0.1368815592203898,-2.5613660618996836,0.7126736207635495
2854,Contagem,MG,residencial_padrao,Construtora Serrana,4059.0,12377099.14,16113.13,12749122.58,7784696.72,4572605.46,8201434.6,137,558,608,20,15,3140.9516087706334,93059.28890510948,20968.951611842105,0.1301850281535355,103.00574016408824,61.06064688884653,35.86604043774125,29.62773722627737,0.14979058881497906,8.960573476702516,1.2119156379319427
2855,Salvador,BA,comercial,Estrutural Engenharia,3570.0,17993704.43,1049912.95,19963882.23,11173935.42,8037978.78,12087200.14,102,765,808,26,21,5592.12387394958,195724.3355882353,24707.775037128715,5.834890497865091,110.94926176910644,55.97075404105908,40.26260367295305,35.0,0.22633053221288515,5.620915032679741,1.1670748556360497
2856,Uberlandia,MG,industrial,Engenharia Vale Verde,3238.0,22173545.31,1908695.76,23454139.8,13434533.3,7685883.84,13366485.23,73,480,576,19,18,7243.403273625695,321289.5863013699,40718.99270833333,8.607986378881872,105.7753258312845,57.28000862346697,32.76983895184252,44.35616438356164,0.1778875849289685,19.999999999999996,0.8117781684592504
2857,Curitiba,PR,residencial_padrao,Delta Obras,3586.0,11175006.16,738535.18,11715812.6,5942621.39,3983765.55,6469997.95,124,713,782,26,13,3267.0977691020635,94482.35967741936,14981.857544757033,6.6088122854332285,104.83942856278479,50.723083348055596,34.00332256936237,28.919354838709676,0.2180702732849972,9.677419354838701,1.1633103207166375
2858,Rio de Janeiro,RJ,industrial,Construtora Planalto,3755.0,20393326.07,424542.61,21281351.06,11727580.4,7434693.53,12445540.25,112,799,886,29,17,5667.470322237017,190012.06303571427,24019.583589164784,2.0817722844363855,104.35448826224744,55.10731140582013,34.93525156856278,33.526785714285715,0.2359520639147803,10.88861076345431,0.8336060504131388
2859,Salvador,BA,comercial,Construtora Planalto,3848.0,22047264.06,1219356.29,23215463.13,12599512.57,9281829.06,13653189.79,125,613,756,25,12,6033.124514033264,185723.70504,30708.284563492063,5.530646735493402,105.29861241204728,54.27207072909253,39.981235816939744,30.784,0.19646569646569648,23.32789559543229,0.5442852213926811
2860,Contagem,MG,comercial,Alfa Construcoes,2197.0,12598130.02,986052.48,13018115.3,6886592.35,4811373.08,7066020.97,60,340,324,10,12,5925.40523441056,216968.58833333335,40179.36820987654,7.82697494338132,103.33371126772988,52.900071871386785,36.95906027195811,36.61666666666667,0.14747382794720074,-4.705882352941182,0.9525223172764176
2861,Goiania,GO,comercial,Beta Engenharia,4235.0,17460274.77,1567000.79,18865199.56,10925101.31,6896785.07,11348946.18,113,746,810,27,16,4454.592576151122,166948.66867256636,23290.36982716049,8.974662831150853,108.0464071070286,57.911400699754914,36.5582407335001,37.47787610619469,0.1912632821723731,8.579088471849872,0.9163658768698748
2862,Ribeirao Preto,SP,residencial_popular,Vertice Engenharia,2778.0,4550897.65,150249.14,4636770.16,2673580.35,1725452.74,2830975.08,82,495,483,16,12,1669.103729301656,56545.97756097561,9599.938219461697,3.3015275568766085,101.88693564664104,57.66040277484878,37.212384493088614,33.8780487804878,0.17386609071274298,-2.4242424242424288,2.6368424260211607
2863,Uberlandia,MG,residencial_popular,Engenharia Vale Verde,5878.0,13280094.11,631289.73,14032105.56,7870715.75,4999137.76,8124291.88,146,928,1051,35,12,2387.2244913235795,96110.31205479453,13351.194633682207,4.753654038676086,105.66269669304324,56.090767820592134,35.62642640211153,40.26027397260274,0.178802313712147,13.25431034482758,0.9036080543257535
2864,Uberlandia,MG,residencial_popular,Delta Obras,1842.0,3801243.12,328312.96,4071510.23,2139021.34,1384430.33,2262727.3,49,282,313,10,14,2210.374717698154,83092.04551020409,13008.019904153354,8.636989259450472,107.10996643645356,52.536312551522194,34.00286998664866,37.59183673469388,0.16992399565689467,10.99290780141844,3.6830056794683523
2865,Curitiba,PR,industrial,Alfa Construcoes,5964.0,34109372.05,934559.09,34693792.02,19585753.87,11131220.94,20101130.97,246,1049,1190,39,14,5817.201881287727,141031.6748780488,29154.447075630254,2.7398894609670776,101.71337065116097,56.45319444674528,32.08418651262785,24.24390243902439,0.19953051643192488,13.441372735938995,0.4104443781456247
2866,Uberlandia,MG,residencial_popular,Obras & Cia,1806.0,3262216.73,230177.23,3524513.14,2076384.4,1367243.08,2221477.35,57,315,379,12,16,1951.5576633444075,61833.563859649126,9299.50696569921,7.055853398189152,108.04043482420617,58.91265878498043,38.79239559311162,31.68421052631579,0.20985603543743078,20.317460317460313,4.904640409958293
2867,Belo Horizonte,MG,comercial,Construtora Horizonte,1939.0,8601359.77,483019.51,9088425.2,4809820.65,3102592.19,5222285.66,50,301,326,10,10,4687.171325425476,181768.504,27878.60490797546,5.61561802919447,105.66265617325759,52.92248705529315,34.1378415041585,38.78,0.16812790097988653,8.30564784053156,1.1626068746569822
2868,Belo Horizonte,MG,residencial_popular,Construtora Serrana,2616.0,5348037.95,179039.11,5664315.41,3126914.29,2133167.4,3145861.99,74,398,427,14,19,2165.2581842507648,76544.80283783784,13265.375667447308,3.347753169926552,105.91389707696446,55.20374597218978,37.659756662456054,35.351351351351354,0.1632262996941896,7.286432160804024,3.5527047821341657
2869,Sao Paulo,SP,comercial,Engenharia Mineira,2267.0,7600451.88,198053.71,7919431.15,4596757.31,2439378.29,4988675.71,75,384,385,12,16,3493.3529554477286,105592.41533333334,20569.95103896104,2.605814932151113,104.19684612225979,58.04403400868002,30.80244330427697,30.226666666666667,0.16982796647551832,0.26041666666667407,2.1051379908216723
2870,Rio de Janeiro,RJ,residencial_popular,Alfa Construcoes,7494.0,14234576.61,240552.43,14675350.05,9213266.5,5425333.21,9935317.64,277,1187,1220,40,12,1958.279963971177,52979.60306859206,12028.975450819673,1.6899162974120943,103.0964984212481,62.78055697894579,36.96902078325552,27.054151624548737,0.1627969041900187,2.780117944397631,0.8430176975948708
2871,Curitiba,PR,residencial_padrao,Construtora Horizonte,3147.0,9186167.41,474753.97,9610640.02,5555887.5,3429338.2,5896339.51,78,488,512,17,6,3053.9053129965046,123213.33358974359,18770.7812890625,5.168139756338274,104.62078025638768,57.80975552552222,35.68272448935196,40.34615384615385,0.16269462980616461,4.918032786885251,0.6531559607185518
2872,Sao Paulo,SP,comercial,Construtora Serrana,2855.0,13589037.4,639234.48,15014663.97,7704793.86,4662415.22,8165321.06,78,566,593,19,17,5259.076697022767,192495.69192307693,25319.838060708265,4.704045335838137,110.49100483011402,51.315126834636715,31.052411358094478,36.6025641025641,0.20770577933450088,4.770318021201403,1.2510084047601489
2873,Rio de Janeiro,RJ,residencial_padrao,Obras & Cia,1813.0,5276062.12,145226.12,5534154.83,2971513.37,1946138.15,3320325.46,59,330,364,12,18,3052.4847380033093,93799.23440677967,15203.72206043956,2.752547576145673,104.89176783991314,53.69407725804448,35.16595053413061,30.728813559322035,0.20077220077220076,10.303030303030303,3.4116353429136654
2874,Goiania,GO,comercial,Obras & Cia,3494.0,10889845.61,144355.69,10845190.85,6565163.07,4109662.76,6580323.85,83,517,529,17,14,3103.947009158557,130664.95,20501.305954631378,1.3255990504350228,99.58994129394274,60.53524701227365,37.893872194973866,42.096385542168676,0.1514024041213509,2.3210831721470093,1.2856013300265696
2875,Uberlandia,MG,comercial,Alfa Construcoes,1112.0,5350697.81,323482.93,5659079.53,3259156.67,1998190.63,3345455.3,35,169,168,5,8,5089.10029676259,161687.98657142857,33684.99720238095,6.04562136541215,105.76339256953852,57.59163928908417,35.30946365759945,31.771428571428572,0.1510791366906475,-0.591715976331364,1.495132090070323
2876,Goiania,GO,residencial_popular,Vertice Engenharia,1637.0,2975962.64,248720.23,3226632.2,1637033.03,1175959.36,1769722.24,35,228,221,7,18,1971.0642638973734,92189.49142857143,14600.145701357467,8.357639530044638,108.42314203245509,50.73503667384216,36.445410790854936,46.77142857142857,0.13500305436774587,-3.0701754385964897,6.048463027748224
2877,Ribeirao Preto,SP,industrial,Beta Engenharia,1676.0,10484076.7,520134.82,11398997.8,5807356.31,3994340.11,6183383.98,63,360,382,12,15,6801.311336515513,180936.47301587302,29840.308376963352,4.961188618545685,108.7267684716576,50.94620081425052,35.04115168791417,26.603174603174605,0.22792362768496421,6.111111111111112,1.4307411543450461
2878,Goiania,GO,comercial,Construtora Serrana,5133.0,22314120.27,1424038.42,24145086.55,13703813.6,7242109.25,14016895.92,155,966,1127,37,17,4703.893736606274,155774.7519354839,21424.21166814552,6.381781592862231,108.2054154851071,56.75611711567875,29.994132491523413,33.116129032258065,0.21955971166958893,16.666666666666675,0.7618494385752452
2879,Curitiba,PR,residencial_padrao,Construtora Atlantica,2678.0,9931835.56,557342.51,10757150.51,6511595.67,4157469.02,6872417.02,64,479,598,19,15,4016.859787154593,168080.47671875,17988.54600334448,5.6116767805205185,108.3097927368423,60.53271880826367,38.648422889827174,41.84375,0.22330097087378642,24.843423799582464,1.510294840201724
2880,Salvador,BA,residencial_popular,Estrutural Engenharia,3827.0,7408558.69,421378.23,7604800.39,4120432.17,2913855.14,4100065.58,115,542,515,17,20,1987.1440789129865,66128.69904347826,14766.602699029125,5.687722101314688,102.64885125719371,54.18198977869556,38.31599766683686,33.278260869565216,0.13457015939378103,-4.981549815498154,2.6995804227070246
2881,Campinas,SP,comercial,Delta Obras,1885.0,8288240.86,195877.03,8321220.99,3999856.89,2562452.76,4311679.52,66,271,286,9,14,4414.4408435013265,126079.10590909091,29095.178286713286,2.3633124725576566,100.39791471504122,48.06814883064414,30.794191898994377,28.560606060606062,0.15172413793103448,5.535055350553497,1.6891401005930708
2882,Uberlandia,MG,residencial_padrao,Construtora Serrana,3194.0,8505996.18,394347.12,8626044.89,4895756.85,2751341.63,5062231.49,96,380,398,13,11,2700.7028459611774,89854.63427083334,21673.479623115578,4.636107419460421,101.41134215745676,56.75552251850151,31.895749037772507,33.270833333333336,0.12460864120225423,4.73684210526315,1.293205377385909
2883,Belo Horizonte,MG,industrial,Construtora Planalto,1405.0,8224157.2,292540.34,8602555.95,5042268.06,2776059.35,5263622.29,39,259,280,9,17,6122.8156227758,220578.35769230768,30723.414107142853,3.557085946752088,104.60106416740184,58.61360378597712,32.27016907690092,36.02564102564103,0.199288256227758,8.108108108108114,2.0670811107550326
2884,Sao Paulo,SP,industrial,Construtora Planalto,5143.0,29665566.16,2379909.67,33431319.93,16906932.18,9992987.01,17312115.44,139,731,728,24,22,6500.353865448182,240513.09302158272,45922.14276098901,8.022465026165541,112.69402292775928,50.57213479874708,29.891093235097404,37.0,0.14155162356601206,-0.41039671682626677,0.7416005439216603
2885,Goiania,GO,residencial_popular,Beta Engenharia,2814.0,4467268.52,109631.94,4556264.74,2263190.0,1930626.33,2403078.01,72,383,420,14,18,1619.1416986496092,63281.454722222225,10848.249380952382,2.4541157422970405,101.99218425311942,49.67204780993477,42.37300596365259,39.083333333333336,0.14925373134328357,9.660574412532629,4.029307824101875
2886,Ribeirao Preto,SP,residencial_popular,Delta Obras,2930.0,5259196.11,267804.12,5461204.31,3113842.79,1993641.88,3346034.26,76,385,436,14,14,1863.8922559726961,71857.95144736841,12525.697958715595,5.0921113112855565,103.84104710634188,57.017511399422446,36.50553553452389,38.55263157894737,0.14880546075085324,13.24675324675324,2.662003794340348
2887,Campinas,SP,residencial_padrao,Alfa Construcoes,6041.0,16748745.38,1630938.38,17952554.93,10520394.95,6286949.07,11030339.83,212,898,850,28,9,2971.7852888594603,84681.8628773585,21120.65285882353,9.737674930251998,107.18746104670916,58.60110157590811,35.019801329191644,28.495283018867923,0.14070518126138057,-5.345211581291764,0.5373536820702446
2888,Contagem,MG,residencial_padrao,Construtora Serrana,2135.0,7795737.19,715907.78,8488275.73,5122102.93,2929230.4,5457733.97,74,424,484,16,17,3975.7731756440285,114706.42878378379,17537.759772727273,9.183323687698609,108.8835542184305,60.34326750127848,34.50913345860408,28.85135135135135,0.22669789227166276,14.150943396226424,2.1806789512872227
2889,Ribeirao Preto,SP,residencial_popular,Construtora Horizonte,7738.0,17598757.17,743628.86,17541380.39,9569455.2,5701344.1,10073625.85,255,1534,1333,44,15,2266.913981649005,68789.72701960785,13159.325123780945,4.225462359737758,99.67397254564197,54.55360403366749,32.50225451612819,30.345098039215685,0.17226673559059189,-13.102998696219037,0.8523329150520916
2890,Ribeirao Preto,SP,comercial,Construtora Atlantica,4218.0,16848940.27,581241.1,17394703.83,8990553.2,6185030.28,9161509.5,122,737,773,25,21,4123.9221977240395,142579.5395901639,22502.851009055626,3.4497190368400545,103.23915659533642,51.68557790845698,35.55697378033484,34.57377049180328,0.18326220957799905,4.884667571234735,1.2463691878231105
2891,Rio de Janeiro,RJ,industrial,Engenharia Mineira,3836.0,20858964.36,1853895.53,22525612.73,12415807.82,8322501.35,12850273.99,116,683,689,22,15,5872.1618169968715,194186.31663793104,32693.196995645863,8.88776402319909,107.99008206369072,55.11862415828721,36.94683669543847,33.06896551724138,0.17961418143899896,0.8784773060029227,0.7191152801797108
2892,Ribeirao Preto,SP,residencial_padrao,Beta Engenharia,11380.0,33507567.56,179045.15,34735621.49,18735353.47,11121243.69,20649079.88,296,1819,2121,70,18,3052.3393224956067,117350.07260135136,16377.00211692598,0.534342427809463,103.66500471214748,53.93700376253149,32.01682656866146,38.445945945945944,0.18637961335676625,16.6025288620121,0.537192082587567
2893,Goiania,GO,residencial_popular,Construtora Serrana,1829.0,3066624.06,25887.54,3155792.33,1712122.54,1271774.51,1789653.2,45,296,356,11,18,1725.4195352651723,70128.71844444444,8864.585196629214,0.8441706415099346,102.90770137634672,54.25333358358216,40.29968949192547,40.644444444444446,0.19464188080918535,20.270270270270263,5.869646767201063
2894,Goiania,GO,industrial,Estrutural Engenharia,2958.0,15816847.38,1307792.03,20407081.48,9136949.55,10412775.34,9569445.16,187,492,585,19,17,6898.945733603787,109128.77796791444,34883.899965811965,8.26834829078309,129.02116957772657,44.77342612148967,51.025303888775376,15.818181818181818,0.19776876267748478,18.90243902439024,1.0748033151976966
2895,Campinas,SP,residencial_popular,Alfa Construcoes,2393.0,4776260.87,150960.87,4844277.11,3080096.53,1583863.3,3027882.67,76,544,529,17,11,2024.3531592143754,63740.48828947369,9157.423648393195,3.160649598270372,101.42404784519235,63.58217046753545,32.695555271403535,31.486842105263158,0.22106142916840785,-2.757352941176472,2.3030567842497263
2896,Uberlandia,MG,comercial,Construtora Serrana,5421.0,17276518.38,1345977.49,18441398.72,10751593.9,6648978.04,11671996.86,163,963,1042,34,19,3401.8444419848734,113137.41546012269,17698.079385796544,7.790791294837265,106.74256418092034,58.30140144597449,36.05462980847041,33.25766871165644,0.19221545840250875,8.203530633437172,1.0997586193057955
2897,Campinas,SP,comercial,Alfa Construcoes,3501.0,16324685.99,624179.52,20820865.87,10833074.89,12211882.74,11256272.16,275,554,487,16,14,5947.119642959155,75712.23952727273,42753.31800821355,3.823531554495769,127.5422135700143,52.02989615148027,58.652136833538904,12.73090909090909,0.1391031133961725,-12.093862815884481,0.8575968939663507
2898,Salvador,BA,industrial,Estrutural Engenharia,3273.0,25851469.47,173698.85,24276880.83,11983180.67,8314101.01,12293367.97,92,567,648,21,10,7417.317699358387,263879.1394565217,37464.32226851852,0.671910934121456,93.90909425157717,49.360462548351194,34.24699024648135,35.57608695652174,0.19798350137488543,14.28571428571428,0.3868252058787125
2899,Uberlandia,MG,comercial,Construtora Atlantica,3323.0,15747012.83,1397194.74,15904026.41,8800201.7,5494481.2,9468341.99,86,536,576,19,20,4786.044661450496,184930.5396511628,27611.156961805555,8.872760536132745,100.99710073075492,55.33316830049202,34.547736896017895,38.63953488372093,0.17333734577189286,7.462686567164178,1.2700821556389117
2900,Campinas,SP,comercial,Engenharia Vale Verde,8714.0,35381128.06,1982246.52,37351226.24,19984684.16,10310423.55,20592789.63,237,1463,1445,48,15,4286.346825797567,157600.1107172996,25848.599474048446,5.60255319343823,105.5682175442769,53.50476054410791,27.603976061590206,36.767932489451475,0.16582510901996786,-1.2303485987696483,0.42395482627243286
2901,Salvador,BA,industrial,Construtora Planalto,4262.0,23111331.82,1852785.69,24147309.33,12794812.2,9682341.7,13041543.1,134,852,838,27,15,5665.722508212107,180203.80097014923,28815.404928400952,8.016784599131768,104.48255218724994,52.98649230497931,40.09697961656914,31.80597014925373,0.1966213045518536,-1.6431924882629123,0.6490322633427535
2902,Campinas,SP,residencial_popular,Engenharia Mineira,2534.0,3773902.74,167103.82,3758218.44,2177746.22,1406258.43,2283990.99,68,378,399,13,20,1483.1169850039464,55267.91823529411,9419.093834586465,4.427878287080604,99.58440105427836,57.94623848421116,37.41821962855357,37.26470588235294,0.1574585635359116,5.555555555555558,5.299553639265224
2903,Rio de Janeiro,RJ,comercial,Delta Obras,2504.0,10448141.53,847618.23,10809768.28,6571463.35,3965598.42,7245096.4,71,450,1344,44,19,4317.000111821086,152250.2574647887,8042.982351190476,8.112622015754797,103.46115860855878,60.79189839950945,36.68532310111647,35.267605633802816,0.536741214057508,198.66666666666669,1.8185052284604726
2904,Sao Paulo,SP,comercial,Alfa Construcoes,1196.0,5600831.46,415297.29,5781348.36,3116755.81,1963036.68,3452168.48,25,188,210,7,18,4833.90331103679,231253.93440000003,27530.230285714286,7.414922105154723,103.22303753093118,53.91053463521094,33.954651367868784,47.84,0.17558528428093645,11.702127659574458,3.2138085440621347
2905,Sao Paulo,SP,industrial,Engenharia Mineira,4227.0,21483111.1,319159.38,22547736.14,12474249.41,8637471.61,13584181.97,161,992,1133,37,19,5334.217208422049,140048.05055900622,19900.914510150043,1.4856292392399348,104.9556371749155,55.32373331205746,38.3074893034472,26.25465838509317,0.2680387982020345,14.21370967741935,0.8844156654759374
2906,Sao Paulo,SP,residencial_popular,Delta Obras,4659.0,9404667.78,387223.8,10072679.04,5400376.96,3599034.03,5702801.71,151,861,1057,35,11,2161.9830521571153,66706.48370860926,9529.497672658466,4.1173575617787534,107.10297562472748,53.61410741426742,35.73065334165557,30.85430463576159,0.22687271946769694,22.764227642276413,1.169631959078091
2907,Salvador,BA,industrial,Engenharia Mineira,3983.0,23703650.86,1941107.18,25897858.93,13342316.34,9481323.18,13791402.79,91,627,623,20,16,6502.098651770022,284591.8563736264,41569.59699839486,8.18906417186403,109.25683593198184,51.518993813593994,36.610451874138775,43.76923076923077,0.15641476274165203,-0.6379585326953707,0.675001504810386
2908,Contagem,MG,residencial_padrao,Delta Obras,2663.0,7530718.94,553534.62,8674792.34,4802848.15,2923819.89,4955830.59,71,485,466,15,14,3257.526226060834,122180.1738028169,18615.434206008584,7.3503555823848075,115.19208735733271,55.36556913130673,33.70478249396343,37.50704225352113,0.17499061209162597,-3.9175257731958735,1.8590522513910204
2909,Sao Paulo,SP,industrial,Beta Engenharia,2420.0,12578765.42,200288.94,12599008.72,6622863.37,4514161.86,7396326.65,58,320,321,10,21,5206.201950413223,217224.28827586208,39249.24834890966,1.5922782030861657,100.1609323278087,52.56654326690552,35.8295002434128,41.724137931034484,0.13264462809917354,0.31250000000000444,1.6694802151736128
2910,Salvador,BA,residencial_popular,Construtora Serrana,3748.0,6424758.62,78361.11,6597726.57,3162109.17,2284636.17,3402973.75,103,587,581,19,16,1760.3325960512275,64055.59776699029,11355.81165232358,1.2196739929818563,102.69220931447227,47.927253978335145,34.627627346490655,36.38834951456311,0.15501600853788688,-1.0221465076660996,2.4903659337788473
2911,Rio de Janeiro,RJ,residencial_popular,Delta Obras,9626.0,16837189.79,268597.24,27565900.53,15542171.4,6280284.38,17275489.37,257,1382,1481,49,13,2863.692138998546,107260.3133463035,18613.032093180285,1.5952616995475466,163.72031718958252,56.38187434901841,22.78280142948771,37.45525291828794,0.15385414502389363,7.16353111432706,0.7721003422863952
2912,Ribeirao Preto,SP,industrial,Vertice Engenharia,787.0,4914988.43,412913.11,5293126.18,2891663.13,1653916.22,3156447.25,23,150,164,5,15,6725.700355781448,230135.9208695652,32275.15963414634,8.40110034602869,107.693563380372,54.630534615367885,31.2464914637648,34.21739130434783,0.20838627700127066,9.333333333333327,3.0518891780992456
2913,Belo Horizonte,MG,industrial,Engenharia Vale Verde,2364.0,14172003.12,7421126.92,21809690.63,8553209.98,5855297.64,8987935.06,63,386,423,14,13,9225.757457698815,346185.5655555555,51559.552316784866,52.36470001567428,153.8927873874191,39.21747504402817,26.847229240133423,37.523809523809526,0.17893401015228427,9.585492227979264,0.9173015197586268
2914,Campinas,SP,comercial,Alfa Construcoes,6326.0,23631932.18,1558893.02,24851602.89,14546516.65,8881947.27,16725936.41,188,874,1031,34,17,3928.4860717673096,132189.3770744681,24104.36749757517,6.596553375856887,105.16111294121022,58.53351477724341,35.7399372157761,33.648936170212764,0.16297818526715144,17.96338672768878,0.7193656392763057
2915,Ribeirao Preto,SP,comercial,Beta Engenharia,3126.0,14089330.26,1019719.48,14713508.58,7997684.16,5025169.64,7983401.63,79,456,455,15,19,4706.8165642994245,186246.9440506329,32337.381494505495,7.23752982705652,104.43014897430618,54.3560641332769,34.15344214248591,39.56962025316456,0.1455534229046705,-0.21929824561403022,1.3485381951718123
2916,Goiania,GO,residencial_padrao,Alfa Construcoes,2799.0,9067323.89,697086.11,9741842.01,5206908.21,3377874.81,5680198.66,87,358,357,11,15,3480.47231511254,111975.19551724137,27288.072857142855,7.687892463715664,107.43899885107113,53.44890837538845,34.67388207007065,32.172413793103445,0.12754555198285103,-0.27932960893854997,1.65429184861731
2917,Rio de Janeiro,RJ,industrial,Vertice Engenharia,2576.0,18660870.87,541533.1,19084365.43,11543189.71,6098127.41,11924524.69,68,387,416,13,14,7408.5269526397515,280652.43279411766,45875.878437499996,2.901971209021071,102.26942548903666,60.48505910421566,31.953524639671503,37.88235294117647,0.16149068322981366,7.4935400516795925,0.7502329391554275
2918,Uberlandia,MG,comercial,Obras & Cia,3362.0,13076273.27,116887.12,13792180.53,7189167.7,4940109.87,7839982.87,89,623,603,20,22,4102.373744794765,154968.32056179774,22872.604527363183,0.8938871006020205,105.47485698117411,52.12495358774136,35.81819320922129,37.7752808988764,0.1793575252825699,-3.21027287319422,1.682436543328679
2919,Contagem,MG,residencial_popular,Estrutural Engenharia,2261.0,4280357.68,409412.64,4770500.76,2343695.1,1639563.95,2508528.73,58,407,394,13,15,2109.9074568774877,82250.01310344828,12107.869949238579,9.564916546880728,111.45098416167876,49.12891157363531,34.36880177753079,38.98275862068966,0.1742591773551526,-3.1941031941031928,3.5043800358291555
2920,Goiania,GO,comercial,Construtora Atlantica,3225.0,12939447.87,595828.61,13278218.57,6473433.73,4844470.04,6641190.19,87,501,564,18,16,4117.277075968992,152623.20195402298,23542.940726950354,4.604745240957488,102.61812330327817,48.75227573543399,36.48433722084754,37.06896551724138,0.17488372093023255,12.574850299401197,1.2365288040686702
2921,Campinas,SP,comercial,Construtora Atlantica,5961.0,27901954.44,1809397.6,36073047.46,14913832.55,22861981.43,15930542.99,390,1078,1271,42,14,6051.50938768663,92494.99348717948,28381.626640440598,6.484841783721299,129.28502029336696,41.34342286034294,63.37690613844246,15.284615384615385,0.2132192585136722,17.903525046382196,0.5017569658106
2922,Sao Paulo,SP,residencial_popular,Engenharia Vale Verde,6539.0,9953914.89,5054139.01,15922169.67,6714742.86,3748019.02,6832630.78,245,1075,1191,39,21,2434.954835601774,64988.447632653064,13368.740277078086,50.77538903891512,159.95886890690502,42.17228555635659,23.539624923491974,26.68979591836735,0.18213794158128155,10.790697674418603,2.1097226801785522
2923,Belo Horizonte,MG,residencial_padrao,Alfa Construcoes,1537.0,4835712.84,117018.11,5084360.05,2872215.96,1592687.44,2833155.09,43,259,266,8,13,3307.9766102797657,118240.93139534883,19114.13552631579,2.419873012972375,105.14189361996938,56.49119912347671,31.325229219358686,35.74418604651163,0.1730644111906311,2.7027027027026973,2.688331675211715
2924,Goiania,GO,residencial_popular,Engenharia Vale Verde,5972.0,9426013.25,835112.35,10249096.04,5926552.22,3325268.88,6396776.97,186,1017,1201,40,11,1716.1915673141325,55102.666881720426,8533.801865112406,8.859656016290876,108.73203514752115,57.825121326504814,32.444508930565156,32.10752688172043,0.20110515740120563,18.092428711897735,1.166983294872835
2925,Salvador,BA,residencial_padrao,Construtora Serrana,4926.0,16450150.46,1243785.06,18822297.62,10341839.61,6703040.39,10754522.41,137,727,747,24,6,3821.0104790905402,137389.03372262773,25197.185568942437,7.560934248135746,114.42021558263606,54.94461844557742,35.612232498531704,35.956204379562045,0.15164433617539586,2.751031636863832,0.36473830525681405
2926,Salvador,BA,industrial,Beta Engenharia,4320.0,25914849.44,1206746.31,43169966.34,22819262.24,8953694.0,22945487.75,106,919,1045,34,16,9993.04776388889,407263.83339622646,41310.97257416268,4.656582369092861,166.5838979306067,52.859115201246645,20.740562847517847,40.75471698113208,0.24189814814814814,13.710554951033727,0.6174066354135839
2927,Rio de Janeiro,RJ,comercial,Engenharia Vale Verde,3542.0,16726787.92,1518366.4,18408348.0,10662986.49,5921220.36,11306879.98,161,794,869,28,13,5197.162055335968,114337.56521739131,21183.369390103566,9.077453527012853,110.05309619541109,57.92473333294221,32.165951882265595,22.0,0.2453416149068323,9.445843828715361,0.7771964385616482
2928,Salvador,BA,residencial_padrao,Construtora Atlantica,2446.0,6739039.4,404796.92,6722030.48,3895764.16,2267509.02,4203866.43,74,389,404,13,15,2748.1727228127556,90838.24972972974,16638.689306930693,6.0067451156317615,99.74760616475993,57.9551695219329,33.732501314096986,33.054054054054056,0.1651676206050695,3.8560411311054033,2.225836519074217
2929,Uberlandia,MG,residencial_padrao,Construtora Horizonte,2385.0,6312308.71,146684.77,6767774.73,4171443.95,2256388.97,4288264.73,74,407,425,14,11,2837.6413962264155,91456.41527027027,15924.175835294118,2.323789547358814,107.21552194173343,61.6368616926468,33.34019024004956,32.229729729729726,0.17819706498951782,4.422604422604426,1.742627064892078
2930,Curitiba,PR,residencial_padrao,Beta Engenharia,510.0,1608899.26,51572.95,1699334.96,1005845.53,649379.4,1045683.65,17,120,128,4,8,3332.0293333333334,99960.88,13276.054375,3.2054803729600816,105.62096721953864,59.190539456682515,38.21373744938432,30.0,0.25098039215686274,6.666666666666665,4.972343638221326
2931,Salvador,BA,comercial,Delta Obras,2527.0,12256257.21,122094.83,12034488.1,5701613.53,4580755.62,5959291.44,66,417,453,15,13,4762.36173328057,182340.7287878788,26566.19889624724,0.9961836465081821,98.19056416489809,47.37728337609973,38.06356848697204,38.28787878787879,0.17926394934705184,8.633093525179847,1.0606827008650872
2932,Uberlandia,MG,industrial,Construtora Horizonte,3651.0,23325897.92,2287907.84,26905972.67,12883915.56,9301578.67,13371225.51,88,635,690,23,5,7369.4803259381,305749.6894318182,38994.163289855074,9.80844487893566,115.34806832422252,47.88496486642718,34.57068355819452,41.48863636363637,0.18898931799506985,8.661417322834652,0.21435402046036217
2933,Rio de Janeiro,RJ,industrial,Construtora Planalto,8486.0,51299736.57,2941024.41,54635966.01,27748385.58,18658116.49,27926570.78,273,1497,1706,56,16,6438.365073061513,200131.74362637362,32025.771400937865,5.7330204921947026,106.50340462362338,50.787764189840125,34.149879379061424,31.084249084249084,0.2010370021211407,13.961255845023391,0.31189243980166503
2934,Belo Horizonte,MG,residencial_padrao,Alfa Construcoes,4498.0,12625509.65,422596.66,13207655.06,7116734.99,4617193.14,7437528.52,108,638,637,21,7,2936.339497554469,122293.10240740741,20734.152370486656,3.347165157804144,104.61086661955068,53.88341047422842,34.95846249031279,41.648148148148145,0.1416184971098266,-0.15673981191222097,0.5544330640149644
2935,Belo Horizonte,MG,residencial_padrao,Engenharia Mineira,1904.0,6805441.98,540146.64,7118373.22,3700271.41,2175586.04,3900202.09,54,287,312,10,17,3738.6413970588233,131821.72629629628,22815.298782051283,7.93698104527812,104.59825006104893,51.98198093355943,30.56296674480915,35.25925925925926,0.1638655462184874,8.710801393728218,2.498000871943368
2936,Sao Paulo,SP,comercial,Construtora Serrana,4791.0,19753277.27,1466635.37,29975693.35,15794474.6,8299866.23,16575472.81,142,675,638,21,20,6256.6673658943855,211096.43204225352,46983.84537617555,7.424769824030319,151.75048140252224,52.69094000789809,27.688654714637316,33.73943661971831,0.13316635357962847,-5.481481481481476,1.0124902175283443
2937,Curitiba,PR,comercial,Vertice Engenharia,3233.0,14937346.28,100521.26,14694051.05,7864360.63,4695676.79,8720465.64,99,466,527,17,16,4545.020429941232,148424.7580808081,27882.449810246682,0.6729525989137074,98.37122856068649,53.52071122687436,31.95631193890537,32.656565656565654,0.16300649551500154,13.090128755364816,1.071140730092253
2938,Ribeirao Preto,SP,industrial,Engenharia Vale Verde,3968.0,24166792.97,1731064.55,24485146.5,14944742.48,6634460.6,15779713.53,117,647,620,20,16,6170.6518397177415,209274.7564102564,39492.17177419355,7.162988287891143,101.31731806696567,61.03595287861562,27.0958582992346,33.914529914529915,0.15625,-4.1731066460587325,0.6620655053346121
2939,Salvador,BA,industrial,Construtora Horizonte,11855.0,72516822.11,2472096.91,71617374.46,42311817.89,25552234.06,44769802.81,325,1609,1722,57,11,6041.111299873471,220361.15218461538,41589.648350754935,3.4089978546634363,98.75967034430212,59.08038127484296,35.67881991299685,36.47692307692308,0.14525516659637283,7.0229956494717305,0.15168894168189304
2940,Goiania,GO,comercial,Obras & Cia,3728.0,12782075.93,864521.96,13203489.16,7493380.44,4302137.49,7804771.97,115,516,558,18,20,3541.708465665236,114812.9492173913,23662.16695340502,6.763548931601441,103.29690757829819,56.753032090193344,32.583337918232516,32.417391304347824,0.14967811158798283,8.139534883720923,1.5646910650138817
2941,Belo Horizonte,MG,industrial,Delta Obras,3052.0,22437666.64,430553.12,23729124.61,12284559.41,8292084.36,13096646.54,79,612,600,20,17,7774.9425327654,300368.6659493671,39548.54101666666,1.9188854478854136,105.75575879043365,51.769964597948146,34.94475458443808,38.63291139240506,0.1965923984272608,-1.9607843137254943,0.7576545401425039
2942,Ribeirao Preto,SP,residencial_padrao,Alfa Construcoes,2877.0,9052373.54,264087.01,9464380.23,5381693.19,3094424.61,5584449.27,72,516,525,17,8,3289.6698748696563,131449.72541666668,18027.390914285716,2.917323383011877,104.55136642538507,56.862605466137325,32.695480684423,39.958333333333336,0.18248175182481752,1.744186046511631,0.8837461207991645
2943,Curitiba,PR,comercial,Engenharia Mineira,3543.0,11044079.27,808853.93,11347383.88,6598890.55,3320578.84,6913258.15,91,576,584,19,16,3202.7614676827548,124696.52615384616,19430.451849315068,7.323869289829899,102.74630960702984,58.153408924771476,29.26294620077663,38.934065934065934,0.16483206322325714,1.388888888888884,1.4487400541810853
2944,Salvador,BA,industrial,Vertice Engenharia,973.0,6843069.61,102673.36,6938850.77,3266707.73,2366500.2,3344245.27,33,165,166,5,13,7131.398530318602,210268.20515151514,41800.30584337349,1.5003991753928687,101.39968121703791,47.07851254163808,34.10507414616153,29.484848484848484,0.17060637204522097,0.60606060606061,1.8997322460380466
2945,Contagem,MG,residencial_popular,Estrutural Engenharia,3387.0,5677022.82,535976.44,6128218.18,3309864.31,2252251.97,3371835.55,80,523,434,14,15,1809.335157956894,76602.72725,14120.318387096773,9.4411535234942,107.94774610400455,54.010223082494754,36.7521505247713,42.3375,0.12813699439031592,-17.017208413001917,2.6422299989979607
2946,Sao Paulo,SP,residencial_popular,Alfa Construcoes,2426.0,4329747.84,340786.54,4778366.03,2357627.67,1585698.14,2591403.77,68,335,431,14,13,1969.6479925803794,70270.0886764706,11086.696125290024,7.870817252951155,110.36130062484195,49.33962059829895,33.184945021886485,35.6764705882353,0.17765869744435284,28.656716417910456,3.002484320195423
2947,Salvador,BA,residencial_popular,Engenharia Vale Verde,2610.0,5415092.75,383869.39,6194215.48,3397699.26,2258669.23,3495032.85,116,437,418,13,17,2373.262636015326,53398.40931034483,14818.697320574163,7.088879317902727,114.38798495187363,54.85277790174648,36.464169470578376,22.5,0.16015325670498085,-4.347826086956519,3.1393737438753933
2948,Contagem,MG,industrial,Alfa Construcoes,3408.0,21590109.24,22566.31,22823425.31,13985705.36,7519637.94,15360252.51,77,577,607,20,14,6697.014468896713,296408.1209090909,37600.37118616145,0.10452151839135393,105.71241236572826,61.277854529014164,32.94701753949833,44.25974025974026,0.17811032863849766,5.199306759098787,0.6484450747503491
2949,Salvador,BA,industrial,Vertice Engenharia,2269.0,16308188.63,444920.79,16474577.48,8450801.85,5391415.66,8831800.7,57,427,479,15,15,7260.7216747465845,289027.6750877193,34393.68993736952,2.7282048306795916,101.02027793383452,51.29601569605777,32.725668786013685,39.80701754385965,0.21110621419127368,12.177985948477744,0.9197833272793092
2950,Belo Horizonte,MG,comercial,Construtora Serrana,4545.0,15984026.32,756993.51,16625749.62,9380894.89,6499625.16,9868251.38,104,836,841,28,13,3658.030719471947,159862.9771153846,19769.02451843044,4.73593758446714,104.01477879948835,56.42389127955604,39.093726951001685,43.70192307692308,0.18503850385038503,0.5980861244019087,0.8133119740758785
2951,Sao Paulo,SP,industrial,Alfa Construcoes,5323.0,18668571.05,195492.43,19513859.13,10488840.97,7457935.36,11704817.8,150,767,953,31,16,3665.9513676498213,130092.3942,20476.24252885624,1.047174041743275,104.52786706457641,53.75072608715712,38.218659416959724,35.486666666666665,0.17903437910952472,24.25032594524119,0.8570554198897832
2952,Contagem,MG,comercial,Construtora Horizonte,5389.0,24104077.07,1589620.33,27017484.47,14567163.58,10423666.02,15410398.68,122,1012,993,33,18,5013.450449062906,221454.7907377049,27207.940050352467,6.594819313693806,112.08678262826346,53.917542161170715,38.5811863113102,44.17213114754098,0.18426424197439228,-1.8774703557312256,0.746761634877232
2953,Sao Paulo,SP,industrial,Vertice Engenharia,3160.0,23363675.86,1075781.99,24734299.83,14802731.86,8637780.7,15131163.26,93,592,624,20,13,7827.31007278481,265960.2132258064,39638.30100961538,4.604506570140372,105.8664740009794,59.84698156705412,34.92227699739985,33.97849462365591,0.19746835443037974,5.405405405405395,0.5564192928329729
2954,Rio de Janeiro,RJ,residencial_padrao,Alfa Construcoes,6565.0,21976464.83,391963.03,23427902.78,12335596.45,8392946.72,12795116.79,237,1044,1008,33,16,3568.606668697639,98851.91046413503,23241.967043650795,1.7835581520142068,106.60451060362834,52.65343878979507,35.82457550218671,27.70042194092827,0.15354150799695354,-3.4482758620689613,0.7280515826257212
2955,Uberlandia,MG,industrial,Obras & Cia,3247.0,14891846.94,93553.65,14808551.85,7854578.45,5683450.31,8171533.43,91,555,605,20,19,4560.687357560825,162731.339010989,24476.94520661157,0.6282205986734376,99.44066649129823,53.04082755397855,38.37951453706798,35.68131868131868,0.18632583923621804,9.009009009009006,1.2758659202281595
2956,Sao Paulo,SP,residencial_padrao,Construtora Serrana,5456.0,15209374.13,857512.78,16005286.11,9473080.99,5039991.89,10200088.08,157,965,1098,36,11,2933.5201814516126,101944.49751592356,14576.76330601093,5.638054351681596,105.23303571335055,59.18720180879041,31.4895457373364,34.7515923566879,0.20124633431085043,13.782383419689115,0.7232381757447109
2957,Belo Horizonte,MG,residencial_padrao,Construtora Atlantica,2729.0,8916813.1,511152.03,9477724.9,5663459.58,2761858.76,5871433.65,73,397,441,14,17,3472.96625137413,129831.84794520549,21491.439682539683,5.732451990050123,106.29049632093333,59.7554754939131,29.140524642153302,37.38356164383562,0.16159765481861488,11.083123425692687,1.9065107465356657
2958,Curitiba,PR,industrial,Estrutural Engenharia,1021.0,7451240.57,620453.21,8147638.33,4540191.53,2863241.67,4616552.01,40,196,218,7,9,7980.057130264447,203690.95825,37374.48775229358,8.326844425048538,109.34606463793182,55.72401898698417,35.141982916170996,25.525,0.21351616062683643,11.22448979591837,1.2078525603153354
2959,Curitiba,PR,industrial,Engenharia Vale Verde,3674.0,18646717.57,749280.39,19443608.26,10913808.33,6194407.36,11505645.47,99,737,786,26,12,5292.217817093087,196400.08343434345,24737.415089058526,4.018296449158907,104.27362449722565,56.13057095195766,31.858322165147346,37.111111111111114,0.21393576483396842,6.648575305291726,0.6435449003263902
2960,Sao Paulo,SP,comercial,Construtora Atlantica,2729.0,14025397.47,1019452.91,15454595.42,8749223.52,5919465.61,9287763.24,102,508,524,17,14,5663.09835837303,151515.64137254903,29493.502709923665,7.268620459281714,110.19007092709508,56.61243974512274,38.302300701702876,26.754901960784313,0.1920117259069256,3.149606299212593,0.998189180017584
2961,Curitiba,PR,comercial,Construtora Serrana,1991.0,11759037.32,162121.4,11918409.3,6235354.62,3812683.61,6523496.0,56,335,396,13,14,5986.142290306379,212828.73750000002,30096.993181818183,1.3786961941540976,101.35531485837652,52.31700357865709,31.989869738741056,35.55357142857143,0.19889502762430938,18.208955223880597,1.1905736514832321
2962,Rio de Janeiro,RJ,industrial,Delta Obras,2737.0,17750553.93,1727110.9,18734897.02,10395663.55,6427034.01,10663136.24,76,443,439,14,12,6845.048235294117,246511.80289473684,42676.30300683371,9.729898609423284,105.54542181546445,55.4882342769344,34.30514725081739,36.01315789473684,0.16039459261965655,-0.9029345372460473,0.6760352407774128
2963,Sao Paulo,SP,industrial,Construtora Planalto,1789.0,9761446.68,534350.75,10288435.1,5462252.49,3322217.18,5569332.63,52,234,256,8,9,5750.941922861934,197854.52115384614,40189.199609375,5.474093825609054,105.39867129612801,53.091188668721834,32.29079201753433,34.40384615384615,0.14309670206819453,9.401709401709413,0.9219944845306476
2964,Uberlandia,MG,industrial,Engenharia Mineira,2974.0,16267855.71,194600.01,15902349.68,8945779.19,5238874.62,9591349.94,81,424,469,15,12,5347.124976462676,196325.30469135803,33906.92895522388,1.196224096580704,97.75320093492518,56.254448996621484,32.94402855817468,36.71604938271605,0.15770006724949562,10.61320754716981,0.7376509980122021
2965,Campinas,SP,residencial_popular,Construtora Atlantica,3935.0,6541286.31,97762.94,11763244.02,6748711.66,2468307.0,7281822.52,100,739,900,30,22,2989.3885692503177,117632.4402,13070.271133333334,1.494552223628322,179.83074677555277,57.371177955041695,20.98321683885293,39.35,0.22871664548919948,21.786197564276044,3.3632528767877767
2966,Contagem,MG,residencial_padrao,Estrutural Engenharia,3065.0,9361447.96,610595.17,9317841.87,5695163.14,3590384.46,5693451.15,77,511,528,17,16,3040.0789135399673,121010.93337662336,17647.42778409091,6.522443671203189,99.53419502852205,61.1210537746548,38.5323609274773,39.8051948051948,0.17226753670473083,3.326810176125239,1.7091373117027933
2967,Sao Paulo,SP,residencial_popular,Vertice Engenharia,2964.0,5394095.55,3324.56,5175992.67,2939325.32,1976165.27,3122209.98,87,363,354,11,18,1746.286325910931,59494.168620689656,14621.448220338983,0.061633316821760785,95.95663669695284,56.78766388206651,38.17944491022627,34.06896551724138,0.1194331983805668,-2.4793388429752095,3.336982045117833
2968,Uberlandia,MG,residencial_popular,Construtora Atlantica,3617.0,7054194.63,137181.19,6963051.97,3587676.19,2379483.5,3870103.39,100,619,717,23,7,1925.0903981199888,69630.5197,9711.369553695955,1.9446754334874372,98.70796505085939,51.524478137709494,34.17299641381249,36.17,0.1982305778269284,15.831987075928922,0.9923173894622185
2969,Uberlandia,MG,comercial,Construtora Serrana,856.0,4576019.65,233217.79,4948651.24,2700130.93,1883929.31,2824870.04,23,137,147,4,21,5781.134626168225,215158.7495652174,33664.294149659865,5.096520728445735,108.14313789059014,54.56296673677089,38.069551048014446,37.21739130434783,0.17172897196261683,7.299270072992692,4.589141132730931
2970,Contagem,MG,industrial,Construtora Serrana,3291.0,19889021.31,879986.74,20435842.25,12490398.76,7109187.44,14028446.43,87,570,623,20,15,6209.614782740809,234894.73850574714,32802.31500802568,4.424484876777479,102.7493607225664,61.1200586068333,34.78783674795689,37.827586206896555,0.18930416286842905,9.298245614035094,0.754184922737156
2971,Uberlandia,MG,residencial_padrao,Delta Obras,1663.0,3973682.47,143247.0,4220144.5,2369341.97,1562188.85,2525157.26,60,267,308,10,15,2537.6695730607335,70335.74166666667,13701.767857142857,3.6048929697193444,106.20235843856945,56.143621859393676,37.01742558815226,27.716666666666665,0.185207456404089,15.355805243445687,3.774836090514298
2972,Rio de Janeiro,RJ,comercial,Engenharia Vale Verde,3938.0,22670834.44,1309659.73,24240369.91,12428321.21,8853354.25,13268909.94,116,605,690,23,14,6155.502770441849,208968.70612068966,35130.97088405797,5.776848370826883,106.9231482156243,51.27116977234281,36.52318129991771,33.94827586206897,0.17521584560690706,14.049586776859503,0.6175335114837529
2973,Belo Horizonte,MG,residencial_popular,Engenharia Vale Verde,6080.0,12203616.19,1136095.25,13063192.57,7699673.46,5372535.38,8056635.64,171,1181,1172,39,10,2148.5514095394738,76392.93900584796,11146.068745733788,9.30949672877249,107.04362024023963,58.94174351898113,41.127276898131186,35.55555555555556,0.19276315789473683,-0.7620660457239636,0.819429244931047
2974,Sao Paulo,SP,comercial,Construtora Serrana,1779.0,8469748.16,514717.85,8939303.83,4575659.11,3179059.12,4580373.28,49,307,326,10,8,5024.9037830241705,182434.77204081631,27421.177392638037,6.077132876640336,105.54391536949782,51.18585515176521,35.56271473099712,36.30612244897959,0.18324901630129287,6.1889250814332275,0.9445381195371929
2975,Contagem,MG,residencial_padrao,Beta Engenharia,2567.0,8465197.75,209354.91,8351148.0,4462801.99,3267511.96,4756535.32,72,487,468,15,16,3253.271523178808,115988.16666666667,17844.333333333332,2.47312485995971,98.65272196387852,53.43938330394815,39.12650045239289,35.65277777777778,0.1823139851967277,-3.901437371663241,1.8900916992754246
2976,Campinas,SP,residencial_padrao,Estrutural Engenharia,7008.0,20273388.71,536837.37,19753165.62,11030993.78,7784351.14,11237877.13,178,979,973,32,16,2818.6594777397263,110972.84056179776,20301.300739979448,2.647990317155025,97.43396085656171,55.844182103303794,39.4081196389017,39.37078651685393,0.13884132420091325,-0.6128702757916216,0.789211918583097
2977,Curitiba,PR,industrial,Beta Engenharia,3345.0,22438405.5,523838.23,23373591.56,13339063.51,7250806.87,13620119.45,87,580,660,22,16,6987.620795216741,268661.971954023,35414.532666666666,2.3345608492546406,104.16779195830112,57.06895098153243,31.021363795919775,38.44827586206897,0.19730941704035873,13.793103448275868,0.7130631452399772
2978,Uberlandia,MG,industrial,Delta Obras,3451.0,23199827.66,1888442.17,24769893.17,14851470.18,9158193.09,15765682.38,97,539,486,16,15,7177.598716314113,255359.72340206188,50966.8583744856,8.139897406462026,106.7675740225736,59.95774821502793,36.97308271434906,35.577319587628864,0.14082874529121994,-9.83302411873841,0.6465565270496496
2979,Ribeirao Preto,SP,residencial_popular,Construtora Planalto,6687.0,12404362.74,477306.34,12651389.55,7207611.64,4353947.47,7851099.95,217,1186,1188,39,22,1891.9380215343203,58301.33433179724,10649.317803030304,3.8478908590833423,101.9914510336224,56.97090909670076,34.41477675470043,30.81566820276498,0.17765814266487215,0.1686340640809414,1.7735695465481043
2980,Belo Horizonte,MG,residencial_popular,Engenharia Vale Verde,1048.0,1647620.54,26689.27,1700623.72,891044.98,564828.71,985314.09,21,151,177,5,22,1622.7325572519085,80982.0819047619,9608.04361581921,1.619867521195141,103.2169530977078,52.39518710229445,33.21303256901532,49.904761904761905,0.16889312977099236,17.218543046357617,13.352589061556612
2981,Rio de Janeiro,RJ,comercial,Construtora Atlantica,2563.0,9957799.45,497042.56,10152395.76,5166109.08,3247050.48,5404050.3,102,528,528,17,10,3961.137635583301,99533.29176470588,19228.022272727274,4.991489962172316,101.95420997357002,50.88561559385073,31.98309597812605,25.127450980392158,0.20600858369098712,0.0,1.0042379393370893
2982,Goiania,GO,residencial_popular,Construtora Serrana,3978.0,7625358.76,114653.42,7969456.68,4527336.09,2713185.52,4524994.12,105,797,861,28,15,2003.3827752639518,75899.58742857142,9256.04724738676,1.5035806656262818,104.51254728898813,56.80859149861141,34.04479914934427,37.885714285714286,0.21644042232277527,8.030112923462983,1.967120560764278
2983,Rio de Janeiro,RJ,comercial,Delta Obras,3392.0,15718268.87,49637.46,15837441.34,8297306.35,5824191.72,8541000.94,114,518,582,19,17,4669.056998820754,138924.92403508772,27212.098522336768,0.3157946998523381,100.75817808554895,52.39044724379702,36.77482741666148,29.75438596491228,0.1715801886792453,12.355212355212352,1.0815440390160473
2984,Curitiba,PR,industrial,Delta Obras,6253.0,26515298.13,1633079.32,29930369.75,16640646.8,10737130.79,17662043.52,173,793,779,25,11,4786.561610426995,173007.9176300578,38421.52727856226,6.159007950781055,112.87962746357398,55.59786577644935,35.87369912127463,36.14450867052023,0.12458020150327842,-1.7654476670870167,0.41485484892792346
2985,Rio de Janeiro,RJ,industrial,Vertice Engenharia,7118.0,39012413.07,3662077.37,44045632.75,25597531.07,16761222.66,27966316.13,194,1263,1341,44,13,6187.922555493116,227039.34407216494,32845.363721103655,9.386954258453924,112.90158512104568,58.115934479338364,38.05422152778586,36.69072164948454,0.18839561674627706,6.175771971496435,0.3332272724754065
2986,Rio de Janeiro,RJ,industrial,Alfa Construcoes,3795.0,17643793.55,1352482.18,18832658.61,10866960.32,6987906.77,11872262.32,91,638,621,20,11,4962.492387351778,206952.29241758242,30326.34236714976,7.665484047788578,106.73814878093492,57.70274152492589,37.10525908588113,41.7032967032967,0.16363636363636364,-2.6645768025078342,0.6234486913955077
2987,Goiania,GO,industrial,Construtora Horizonte,3226.0,20104864.06,1570556.53,22610002.36,11103605.91,7512988.25,11299993.02,95,461,473,15,15,7008.680210787353,238000.02484210525,47801.27348837209,7.811823672683913,112.46035930670202,49.109264710399614,33.22860444849595,33.95789473684211,0.14662120272783633,2.6030368763557465,0.7460881085907727
2988,Campinas,SP,industrial,Engenharia Vale Verde,3609.0,22468479.76,148791.98,22302225.32,12582545.86,8663650.93,13695318.64,79,564,573,19,14,6179.613555001385,282306.6496202532,38921.85919720768,0.6622254001576473,99.26005478886036,56.41834247238248,38.84657609584225,45.68354430379747,0.15876974231088944,1.5957446808510634,0.6230951158931457
2989,Salvador,BA,residencial_popular,Engenharia Vale Verde,2431.0,4608541.11,240418.96,4678214.97,2776645.97,1379586.38,2896945.66,59,374,382,12,22,1924.3994117647057,79291.77915254237,12246.636047120419,5.216812745324518,101.51184199808515,59.35268019545499,29.48958927383365,41.20338983050848,0.15713698066639242,2.1390374331550888,4.773744982389883
2990,Curitiba,PR,residencial_popular,Obras & Cia,3738.0,5066379.08,245206.59,5410819.41,2876205.97,1988033.99,2920088.3,95,804,929,30,13,1447.5172311396468,56955.99378947369,5824.348127018299,4.839878464048923,106.79855029718779,53.156569311560155,36.74182853572635,39.34736842105263,0.2485286249331193,15.54726368159205,2.5659351175119727
2991,Ribeirao Preto,SP,residencial_popular,Construtora Serrana,1958.0,4466572.61,141380.68,4359960.34,2405495.33,1687390.42,2582837.24,47,294,289,9,18,2226.741746680286,92765.11361702127,15086.367958477507,3.165305757785498,97.61310787243643,55.1724131050238,38.70196718349048,41.659574468085104,0.14759959141981613,-1.7006802721088454,4.02993560648732
2992,Rio de Janeiro,RJ,comercial,Construtora Serrana,3261.0,14545925.09,1410443.03,15709900.92,8287527.22,5169199.01,9173509.08,102,463,447,14,17,4817.510248390065,154018.63647058824,35145.1922147651,9.696482150658458,108.00207496462502,52.753529523851384,32.904084095267486,31.970588235294116,0.13707451701931922,-3.455723542116629,1.1687121922336259
2993,Sao Paulo,SP,industrial,Delta Obras,5523.0,38548004.62,1980911.77,39875903.23,24523619.3,13194600.48,24081416.43,214,1173,1287,42,23,7219.971615064276,186335.99640186914,30983.60779331779,5.138817922036454,103.44479207961659,61.499846557833074,33.08915763962747,25.80841121495327,0.23302552960347636,9.718670076726333,0.5966586397073022
2994,Curitiba,PR,residencial_padrao,Engenharia Mineira,3117.0,12142205.35,525870.04,12892604.29,6961960.29,5520804.6,7340246.82,84,513,521,17,18,4136.2221013795315,153483.3844047619,24745.881554702493,4.330926918477788,106.18008770540189,53.99964299997918,42.821484905746686,37.107142857142854,0.1671478986204684,1.5594541910331383,1.4824325137937155
2995,Contagem,MG,comercial,Obras & Cia,1096.0,4816770.68,389017.37,5115086.01,2851453.91,1602961.1,3084930.67,28,182,193,6,9,4667.04927919708,182681.6432142857,26503.036321243522,8.076310786711566,106.19326411445438,55.74596212899263,31.337910972879225,39.142857142857146,0.1760948905109489,6.043956043956045,1.8684717620810631
2996,Curitiba,PR,industrial,Vertice Engenharia,3854.0,25081603.86,1666152.61,27345872.43,16594341.19,9498314.71,17578218.31,113,653,694,23,21,7095.452109496627,241998.8710619469,39403.27439481268,6.64292690092746,109.02760677761538,60.68316610661524,34.73399773334641,34.10619469026549,0.1800726517903477,6.278713629402755,0.8372670311363415
2997,Contagem,MG,comercial,Construtora Horizonte,4503.0,18833257.11,441264.87,19499765.26,11694980.56,7833097.28,11419223.26,95,710,797,26,8,4330.394239395959,205260.68694736843,24466.45578419072,2.3430087924924,103.53899565065727,59.97498125780002,40.17021320799223,47.4,0.17699311570064402,12.25352112676057,0.424780480257565
2998,Belo Horizonte,MG,industrial,Engenharia Vale Verde,1657.0,5634661.25,306737.58,5932525.47,3604919.77,2047922.3,3775787.33,43,242,240,8,18,3580.2809112854557,137965.70860465115,24718.856125,5.443762568690355,105.28628442393054,60.76534838711785,34.520244546038164,38.53488372093023,0.14484007242003621,-0.8264462809917328,3.1945132460269905
2999,Sao Paulo,SP,residencial_popular,Alfa Construcoes,3006.0,5914883.46,482746.49,6458723.78,3273137.74,1898169.57,3418338.45,75,472,504,16,14,2148.6107052561542,86116.31706666667,12814.928134920636,8.161555392673788,109.19443846489581,50.67777863694304,29.389235933542274,40.08,0.16766467065868262,6.779661016949157,2.3669105392652994
