id_obra,cidade,uf,tipo_empreendimento,empresa_responsavel,area_construida_m2,valor_contratado,valor_aditivos,valor_executado,valor_materiais,valor_mao_de_obra,valor_compras,qtd_funcionarios,prazo_previsto_dias,prazo_realizado_dias,qtd_medicoes,qtd_fornecedores
1000,Curitiba,PR,residencial_popular,Construtora Planalto,4338.0,8828442.43,83143.93,13441699.52,7461670.43,2915964.29,7830993.01,141,647,719,23,15
1001,Campinas,SP,residencial_padrao,Estrutural Engenharia,3766.0,10594957.06,587580.2,10860855.05,6355099.13,3785032.13,6637609.53,119,539,1127,37,13
1002,Uberlandia,MG,industrial,Construtora Serrana,3579.0,22803453.02,1557587.47,25926223.41,13837950.62,8675762.61,14192019.75,93,518,539,17,11
1003,Sao Paulo,SP,residencial_padrao,Alfa Construcoes,4127.0,14586734.48,1214605.58,15246146.47,8716620.94,5031757.51,9213161.85,115,668,747,24,15
1004,Uberlandia,MG,industrial,Estrutural Engenharia,3445.0,22627309.14,1595599.5,27943440.4,12743453.17,13176109.21,13275437.96,168,649,731,24,8
1005,Belo Horizonte,MG,residencial_popular,Estrutural Engenharia,3234.0,6295160.75,352029.9,6805396.56,3648039.61,2287494.18,3924339.49,94,649,622,20,11
1006,Contagem,MG,industrial,Vertice Engenharia,4210.0,23641139.72,1853224.71,25972835.31,13963675.15,9446404.8,14384571.34,126,739,705,23,16
1007,Curitiba,PR,residencial_padrao,Engenharia Vale Verde,3000.0,10249007.99,713659.31,11181499.17,6105775.93,3771531.42,6396462.48,112,619,584,19,11
1008,Salvador,BA,residencial_padrao,Delta Obras,2467.0,9336738.29,727099.34,10286504.74,5273431.1,3536879.63,5386806.38,74,369,336,11,16
1009,Goiania,GO,comercial,Engenharia Mineira,2215.0,7725387.3,585985.71,11759469.7,6577154.29,2868134.12,7222066.4,65,427,454,15,15
1010,Campinas,SP,residencial_popular,Alfa Construcoes,3563.0,7716837.05,453475.74,8013503.69,4110422.24,2711014.02,4146180.51,93,611,569,18,10
1011,Campinas,SP,residencial_padrao,Estrutural Engenharia,4533.0,18578631.51,911666.44,19732606.85,10071887.1,5644287.47,10656372.24,146,799,799,26,14
1012,Goiania,GO,residencial_padrao,Construtora Horizonte,2754.0,7529314.3,81750.09,7500024.77,4108878.8,3022794.21,4330381.21,68,491,469,15,11
1013,Uberlandia,MG,industrial,Engenharia Mineira,8641.0,45458157.93,3674162.31,47801433.02,28072009.16,17282537.79,29343695.4,248,1577,1712,57,13
1014,Campinas,SP,residencial_padrao,Vertice Engenharia,3250.0,12709420.96,1132145.68,13792302.43,7743454.36,5367688.98,8181590.43,98,472,511,17,21
1015,Sao Paulo,SP,industrial,Beta Engenharia,1616.0,7706149.26,94599.1,8204124.84,4453356.74,2777132.2,4871274.56,54,305,335,11,13
1016,Ribeirao Preto,SP,residencial_padrao,Delta Obras,3529.0,13527951.57,178328.46,13971060.19,6538359.99,4869451.63,6699877.7,122,666,681,22,18
1017,Belo Horizonte,MG,residencial_popular,Obras & Cia,3027.0,5082204.78,152948.29,5392640.79,3082026.96,2103787.5,3221842.59,96,520,556,18,15
1018,Uberlandia,MG,industrial,Obras & Cia,3341.0,27615792.68,1646018.76,28512788.06,15354269.4,8727671.47,15849886.63,91,479,475,15,12
1019,Campinas,SP,residencial_popular,Alfa Construcoes,2748.0,4216521.3,365883.98,4886361.99,2584017.79,1581686.92,2705911.4,104,569,694,23,9
1020,Curitiba,PR,industrial,Construtora Atlantica,12740.0,63006817.03,3745337.31,67436141.41,41752945.73,21606154.49,43533360.84,327,2006,2045,68,14
1021,Campinas,SP,industrial,Engenharia Vale Verde,2646.0,15241624.83,266181.98,15249449.59,8674825.39,5800608.12,9149016.33,71,437,458,15,12
1022,Belo Horizonte,MG,comercial,Delta Obras,12174.0,72620561.7,4148323.6,77657515.59,40341348.49,24588517.12,43799985.3,335,1906,1735,57,18
1023,Goiania,GO,residencial_popular,Construtora Atlantica,1711.0,2878105.26,224341.84,3107330.36,1672716.8,1077918.46,1743708.04,47,238,201,6,14
1024,Rio de Janeiro,RJ,comercial,Alfa Construcoes,2475.0,8093979.51,337429.4,8868328.79,4333469.34,3333736.4,4507433.19,71,479,490,16,20
1025,Rio de Janeiro,RJ,residencial_padrao,Construtora Atlantica,7088.0,26437072.96,1415532.86,29309799.45,16635061.76,10986474.83,17318810.56,200,1302,1470,49,10
1026,Rio de Janeiro,RJ,comercial,Engenharia Mineira,3088.0,16427767.72,156221.09,17489796.08,10130631.86,5296588.72,10616815.11,105,552,646,21,17
1027,Salvador,BA,industrial,Estrutural Engenharia,1796.0,10828988.97,638992.54,11237082.78,6320638.58,4322449.08,6752103.35,76,287,303,10,16
1028,Campinas,SP,comercial,Alfa Construcoes,2218.0,10898441.16,4609546.94,15996205.44,6502510.21,4322433.33,6716258.71,56,323,345,11,15
1029,Rio de Janeiro,RJ,comercial,Beta Engenharia,1936.0,8512069.13,134160.12,8745676.59,5159887.7,2783258.38,5398531.11,45,358,352,11,15
1030,Campinas,SP,comercial,Engenharia Vale Verde,5793.0,29542885.28,2810103.47,32890808.5,21152280.37,11309344.96,20938522.43,134,1028,1088,36,20
1031,Curitiba,PR,residencial_padrao,Estrutural Engenharia,1594.0,3952203.34,174811.54,4181446.48,2387470.1,1498163.04,2405655.52,67,263,266,8,16
1032,Uberlandia,MG,residencial_popular,Construtora Planalto,2141.0,3927793.73,35523.25,3990570.1,2279423.97,1312338.09,2381112.85,59,321,326,10,17
1033,Salvador,BA,industrial,Construtora Horizonte,2811.0,18964600.22,1149112.88,19331406.93,9486164.65,5412629.94,9767449.04,72,486,517,17,19
1034,Goiania,GO,industrial,Delta Obras,2029.0,14645783.19,922701.69,15177374.23,7986698.36,4637961.28,8173235.56,61,305,362,12,9
1035,Ribeirao Preto,SP,residencial_popular,Construtora Horizonte,1772.0,3399890.81,300599.89,3497233.2,2053337.1,1160556.76,2123115.64,59,323,350,11,14
1036,Ribeirao Preto,SP,industrial,Delta Obras,5769.0,32834220.03,1897874.44,35844100.56,19238979.49,13743982.11,20422202.0,167,918,1107,36,23
1037,Salvador,BA,residencial_popular,Engenharia Vale Verde,3230.0,6683063.93,285970.45,7038669.75,3863986.76,2529819.3,3960582.32,119,743,713,23,13
1038,Campinas,SP,residencial_padrao,Delta Obras,5182.0,14338899.73,811254.66,14965135.45,8060602.76,5321000.11,8613359.67,155,756,724,24,15
1039,Ribeirao Preto,SP,residencial_padrao,Construtora Serrana,3333.0,12815206.78,1135943.63,14194225.67,7774584.38,4895414.87,7981509.05,89,626,690,23,19
1040,Belo Horizonte,MG,industrial,Construtora Horizonte,3741.0,21406728.69,671943.02,20865621.3,11195985.47,6056781.58,11253624.36,89,557,552,18,8
1041,Ribeirao Preto,SP,residencial_padrao,Construtora Serrana,2272.0,9745032.31,752418.71,10321228.54,5868683.66,3129099.75,6109770.94,64,383,426,14,16
1042,Uberlandia,MG,residencial_padrao,Obras & Cia,4670.0,18367211.0,1021160.78,18872042.58,11387982.57,6496883.35,12436982.5,142,651,690,23,16
1043,Campinas,SP,residencial_popular,Delta Obras,2488.0,3893022.06,353137.44,4303779.96,2097531.68,1588629.02,2168505.57,61,609,601,20,8
1044,Goiania,GO,industrial,Construtora Atlantica,2725.0,15728591.51,1199938.99,17031822.42,8680414.06,6322305.97,9287001.21,73,422,453,15,23
1045,Sao Paulo,SP,comercial,Engenharia Mineira,2557.0,10157760.98,863688.31,10609972.81,5458280.43,3690992.98,5785934.75,72,474,531,17,17
1046,Belo Horizonte,MG,residencial_padrao,Construtora Planalto,3921.0,12878870.0,770770.99,13621803.81,7634768.11,4399967.36,8059988.82,141,554,637,21,13
1047,Rio de Janeiro,RJ,industrial,Construtora Atlantica,893.0,4428643.39,1372141.19,5647202.63,2673821.01,1894392.48,2713130.35,28,144,169,5,10
1048,Contagem,MG,residencial_popular,Estrutural Engenharia,1305.0,1931051.17,150108.94,2048657.27,1193351.16,731882.38,1189474.13,34,235,270,9,12
1049,Ribeirao Preto,SP,comercial,Estrutural Engenharia,3907.0,19668027.64,72714.13,18742493.53,10711735.72,5978307.38,11322928.97,140,614,605,20,9
1050,Goiania,GO,residencial_padrao,Construtora Serrana,2193.0,8449695.85,725089.78,9183623.06,5149776.67,3043544.72,5480052.9,67,386,447,14,10
1051,Campinas,SP,residencial_popular,Construtora Atlantica,6671.0,16259441.69,486065.69,15772507.31,8478994.59,5384943.95,8854633.42,226,1032,1126,37,9
1052,Goiania,GO,residencial_padrao,Engenharia Mineira,3249.0,9903613.75,135502.51,10224415.29,4915624.2,3628969.32,5103824.19,73,554,655,21,10
1053,Sao Paulo,SP,industrial,Alfa Construcoes,3497.0,18246847.6,1157835.95,20110539.88,10800331.89,6017900.49,11334657.95,114,610,636,21,8
1054,Sao Paulo,SP,comercial,Construtora Atlantica,2295.0,6207238.21,366689.37,6627643.75,3455951.74,2057850.87,3715404.68,62,290,314,10,16
1055,Ribeirao Preto,SP,industrial,Estrutural Engenharia,4485.0,29433156.41,2927721.22,31854763.61,16965327.9,10691315.72,18216080.61,105,796,808,26,16
1056,Campinas,SP,industrial,Engenharia Vale Verde,967.0,5082518.6,20878.53,4748146.18,2428460.55,1531492.31,2535232.34,23,166,160,5,14
1057,Curitiba,PR,residencial_popular,Construtora Horizonte,1830.0,2877411.99,86918.44,2944629.24,1695810.18,1029414.69,1816297.34,61,305,315,10,10
1058,Sao Paulo,SP,residencial_popular,Construtora Serrana,2501.0,3862619.25,100562.73,4097298.3,1879719.53,1250089.15,1921662.48,59,401,445,14,10
1059,Campinas,SP,residencial_padrao,Delta Obras,3729.0,12030587.24,56993.73,12019526.32,6744465.71,4263849.71,7239057.76,95,792,689,22,19
1060,Ribeirao Preto,SP,residencial_popular,Alfa Construcoes,1176.0,2145916.24,183125.94,2454642.38,1400746.35,831751.89,1433252.18,33,204,197,6,23
1061,Salvador,BA,comercial,Vertice Engenharia,5261.0,20283284.24,645817.98,21330706.42,12109480.96,8265434.54,12945775.45,135,808,870,29,7
1062,Belo Horizonte,MG,residencial_padrao,Obras & Cia,1572.0,6220117.08,459405.65,6951891.08,3894508.73,2714843.84,4090642.4,43,306,331,11,15
1063,Uberlandia,MG,residencial_popular,Vertice Engenharia,2906.0,5172876.47,513710.39,5839137.51,3214198.89,2087279.23,3379172.06,85,566,587,19,12
1064,Ribeirao Preto,SP,residencial_padrao,Engenharia Vale Verde,3625.0,8685433.37,15773.22,8961120.69,5308289.65,3412171.67,5579901.01,117,706,760,25,16
1065,Ribeirao Preto,SP,residencial_padrao,Obras & Cia,5167.0,16226948.54,1595785.83,17652113.81,9862046.19,6071223.94,10184171.95,142,923,922,30,16
1066,Sao Paulo,SP,comercial,Engenharia Vale Verde,3417.0,12651099.77,225748.45,13432269.28,6763373.51,3848350.07,6723771.56,97,567,590,19,19
1067,Rio de Janeiro,RJ,comercial,Obras & Cia,3634.0,20324986.5,212630.04,20303606.93,10555526.95,6561508.91,10979987.28,86,486,497,16,22
1068,Sao Paulo,SP,industrial,Estrutural Engenharia,2845.0,17405573.56,555468.4,19673907.69,11490573.78,6468427.98,12399132.71,85,507,569,18,15
1069,Sao Paulo,SP,comercial,Construtora Serrana,3002.0,14216295.78,973193.69,14306843.31,8250225.85,4585907.22,8305758.33,86,494,491,16,18
1070,Uberlandia,MG,industrial,Delta Obras,2225.0,13256708.99,59884.69,12913942.65,7476802.26,4544288.2,7426271.13,88,371,382,12,14
1071,Sao Paulo,SP,comercial,Construtora Atlantica,3337.0,17230114.72,1692629.06,18257436.23,9243138.3,6548349.01,10050511.84,101,834,762,25,11
1072,Ribeirao Preto,SP,residencial_padrao,Engenharia Mineira,3039.0,9298471.31,792167.6,16232006.3,8367717.44,3602123.27,8400608.74,82,499,518,17,21
1073,Rio de Janeiro,RJ,residencial_popular,Vertice Engenharia,8351.0,14561155.49,146187.66,14738193.09,7471529.82,4825981.9,7934099.7,221,1517,1712,57,19
1074,Goiania,GO,comercial,Obras & Cia,3884.0,21184889.98,518598.7,25745340.24,11077570.95,14162806.67,11441541.42,263,517,535,17,16
1075,Goiania,GO,residencial_padrao,Delta Obras,3096.0,9915582.44,944211.06,11239443.48,6922325.58,4038203.94,7390872.92,105,522,587,19,18
1076,Salvador,BA,residencial_popular,Construtora Horizonte,3810.0,8001291.71,320412.72,8232903.94,4638695.12,2157697.32,4923912.58,227,824,894,29,16
1077,Rio de Janeiro,RJ,residencial_padrao,Construtora Serrana,2088.0,7969360.31,633131.43,9181332.84,5049027.99,3325855.97,5546388.71,58,401,417,13,14
1078,Salvador,BA,comercial,Beta Engenharia,2057.0,10587482.73,136610.35,10633111.24,5803049.41,3792763.37,6200583.98,68,398,453,15,13
1079,Rio de Janeiro,RJ,residencial_padrao,Construtora Planalto,3722.0,12686498.09,434783.6,13211614.52,7655117.6,4772452.57,8183010.26,133,594,609,20,13
1080,Sao Paulo,SP,residencial_popular,Construtora Serrana,7311.0,15562940.09,627404.68,16361664.6,9500775.48,5786062.8,10013085.09,186,1228,1217,40,13
1081,Campinas,SP,industrial,Delta Obras,2985.0,18823974.1,1256481.3,19854645.78,11520656.76,7174779.59,11669913.87,70,533,489,16,10
1082,Rio de Janeiro,RJ,industrial,Alfa Construcoes,2600.0,14811813.2,419945.66,15387065.85,8657408.19,5574654.77,9250302.48,106,455,398,13,15
1083,Sao Paulo,SP,residencial_popular,Construtora Planalto,5028.0,10543256.43,421388.8,10800056.78,6149621.93,3608973.66,6456846.1,125,905,1008,33,17
1084,Sao Paulo,SP,residencial_padrao,Construtora Atlantica,4227.0,13720278.33,458409.96,13813215.86,7300194.75,5059474.78,7455916.99,113,844,872,29,15
1085,Uberlandia,MG,comercial,Delta Obras,1497.0,8279024.06,533847.36,8921579.58,4949102.78,3241582.82,5173739.82,35,265,302,10,12
1086,Belo Horizonte,MG,residencial_padrao,Construtora Horizonte,3743.0,14411697.91,199355.68,14524752.37,7341032.39,4983750.76,7357301.38,122,605,699,23,26
1087,Goiania,GO,residencial_padrao,Vertice Engenharia,6110.0,20222197.44,279061.3,20767320.66,11473459.94,7337340.93,11906583.11,218,1282,1413,47,13
1088,Ribeirao Preto,SP,comercial,Alfa Construcoes,4436.0,20522066.12,2035875.16,31068817.6,19050386.74,8532735.28,20559366.07,107,642,705,23,17
1089,Sao Paulo,SP,comercial,Obras & Cia,1722.0,8593651.69,715095.01,9086844.95,5471576.47,3409444.24,5989307.7,51,339,349,11,15
1090,Goiania,GO,comercial,Construtora Atlantica,2488.0,11809103.24,5829663.89,17799379.58,6628695.18,3946262.01,6913232.71,73,430,512,17,14
1091,Belo Horizonte,MG,residencial_popular,Engenharia Vale Verde,1044.0,1645811.88,88699.68,1698822.98,1028243.7,586182.04,1119400.93,29,173,180,6,15
1092,Campinas,SP,comercial,Beta Engenharia,1096.0,4515279.34,339319.09,4955103.83,2819074.95,1677166.99,3046211.51,27,178,200,6,16
1093,Salvador,BA,residencial_padrao,Construtora Planalto,4226.0,13733552.98,1201801.52,15595327.01,7048543.76,4795087.01,7149957.41,127,729,677,22,11
1094,Ribeirao Preto,SP,comercial,Construtora Serrana,7338.0,30906007.94,152858.45,29988077.19,14204595.97,10390676.65,14489603.24,212,1554,1536,51,15
1095,Curitiba,PR,industrial,Beta Engenharia,3673.0,17672859.57,996917.41,18221583.76,10483138.01,6371738.71,10574429.11,109,583,640,21,14
1096,Campinas,SP,residencial_popular,Estrutural Engenharia,2622.0,5211304.85,112135.96,5636536.52,2823228.44,1816114.65,3090157.81,88,530,535,17,16
1097,Belo Horizonte,MG,residencial_padrao,Engenharia Vale Verde,2153.0,6236389.26,224983.16,6290887.24,4034127.79,2257958.79,4343153.16,66,367,364,12,4
1098,Uberlandia,MG,industrial,Construtora Horizonte,968.0,4766603.26,406296.83,5166004.17,3107984.6,1871795.59,3336349.25,31,150,166,5,12
1099,Belo Horizonte,MG,residencial_popular,Engenharia Mineira,3956.0,6577292.46,643676.3,6964452.15,3854547.23,2505881.59,3955629.74,112,612,672,22,21
1100,Goiania,GO,industrial,Construtora Horizonte,6917.0,38196511.97,1648252.08,39926031.38,21301097.7,11808886.14,22256517.21,254,1021,1195,39,11
1101,Contagem,MG,comercial,Construtora Planalto,2074.0,8420565.87,291124.9,8701618.77,5391400.49,2919680.47,5822605.19,58,312,316,10,14
1102,Contagem,MG,comercial,Engenharia Mineira,4151.0,20568928.54,1375953.66,22956738.11,13957095.12,7776633.13,14811151.68,130,689,690,23,21
1103,Salvador,BA,industrial,Engenharia Mineira,2673.0,18909488.2,1611363.22,19280918.42,11218285.14,6783298.06,11863486.74,94,446,539,17,18
1104,Contagem,MG,residencial_popular,Obras & Cia,2447.0,3102063.19,166421.94,3351388.6,1632043.22,1106486.06,1656974.41,81,404,356,11,17
1105,Ribeirao Preto,SP,residencial_popular,Delta Obras,2629.0,3101754.33,188342.07,3411787.39,1497366.03,1158555.31,1519227.54,67,481,520,17,17
1106,Goiania,GO,comercial,Construtora Horizonte,3598.0,12450739.27,859258.85,13006326.98,6861745.76,4543533.58,6883109.6,99,531,569,18,8
1107,Campinas,SP,residencial_popular,Engenharia Vale Verde,4320.0,5747772.13,55644.27,5956024.83,3340161.46,2158220.08,3693499.92,115,661,837,27,14
1108,Campinas,SP,residencial_padrao,Engenharia Vale Verde,3713.0,11001537.59,1093050.06,12932686.12,7282055.93,4242327.63,7846254.4,107,640,700,23,9
1109,Salvador,BA,residencial_padrao,Engenharia Vale Verde,4277.0,17368168.47,270522.55,17439614.35,9238039.07,5889179.9,9629557.51,129,635,578,19,18
1110,Uberlandia,MG,industrial,Engenharia Mineira,1697.0,12211218.23,1059082.67,13652322.55,6681580.57,5117895.74,7096811.76,62,283,305,10,17
1111,Sao Paulo,SP,residencial_padrao,Engenharia Mineira,3448.0,13320055.44,938848.55,13032472.15,7002379.32,4496990.95,6984432.52,97,492,473,15,16
1112,Campinas,SP,comercial,Alfa Construcoes,6240.0,25710107.44,404994.2,24649090.1,15393176.89,9072826.57,16078558.16,164,1280,1465,48,13
1113,Sao Paulo,SP,industrial,Engenharia Vale Verde,2331.0,12767851.42,725941.36,13597387.4,7833045.95,4755498.05,8345295.78,70,299,276,9,20
1114,Sao Paulo,SP,residencial_popular,Engenharia Vale Verde,9087.0,18618105.05,1760702.38,20395939.19,11040545.29,7010446.03,11721922.68,216,1478,1444,48,18
1115,Goiania,GO,residencial_popular,Alfa Construcoes,4135.0,8213659.49,769348.59,8732654.56,4499694.68,2627971.03,4756665.31,119,732,595,19,10
1116,Campinas,SP,comercial,Vertice Engenharia,3570.0,12589677.11,287004.06,12821043.22,7200318.59,5381932.82,7887900.07,106,646,661,22,17
1117,Curitiba,PR,residencial_padrao,Construtora Planalto,2446.0,9442126.4,602347.94,10737419.25,5944554.23,4333188.1,6305505.08,61,451,442,14,16
1118,Goiania,GO,comercial,Construtora Serrana,1567.0,5559432.6,119803.07,5378073.39,2981493.18,2063842.75,3129367.87,66,267,276,9,23
1119,Belo Horizonte,MG,comercial,Vertice Engenharia,2452.0,13961925.54,406752.01,14611499.47,8103294.73,5258653.91,8697495.44,79,365,343,11,16
1120,Contagem,MG,residencial_padrao,Alfa Construcoes,2947.0,8604818.38,606663.96,9113762.86,4610109.95,3278073.99,4681554.83,76,583,585,19,12
1121,Sao Paulo,SP,residencial_padrao,Construtora Serrana,3516.0,10916194.78,427980.36,10627044.37,5826539.1,4356295.68,6140999.72,99,546,612,20,7
1122,Contagem,MG,industrial,Engenharia Mineira,2085.0,14972015.4,962698.23,15009927.83,7494148.41,4015301.58,7816218.68,61,368,418,13,19
1123,Curitiba,PR,industrial,Construtora Horizonte,1025.0,6719442.26,273724.8,7058075.87,4159036.07,2223683.2,4617622.46,33,155,141,4,11
1124,Goiania,GO,comercial,Engenharia Vale Verde,4537.0,21169046.62,567510.61,22625919.55,12230070.81,6710346.73,12546863.85,120,718,663,22,12
1125,Rio de Janeiro,RJ,industrial,Vertice Engenharia,2483.0,11823245.9,805552.59,12352754.24,7175237.26,4623310.29,7502612.38,75,406,399,13,10
1126,Contagem,MG,residencial_padrao,Vertice Engenharia,1666.0,5452696.05,234442.51,5416357.12,2984440.66,1859987.47,3164239.07,47,344,326,10,15
1127,Ribeirao Preto,SP,residencial_padrao,Engenharia Mineira,985.0,3305243.31,68748.42,3358502.49,1921090.63,1104638.09,2010265.76,36,238,267,8,11
1128,Campinas,SP,comercial,Delta Obras,1473.0,6449255.95,445257.89,6972691.63,3961196.83,2507557.64,4187611.01,34,286,299,9,19
1129,Campinas,SP,residencial_padrao,Delta Obras,1464.0,4479020.24,207749.55,4758207.28,2654178.08,1634298.88,2756326.7,40,252,263,8,15
1130,Salvador,BA,residencial_popular,Engenharia Mineira,12799.0,17352287.0,692695.15,17633453.65,10105663.57,6196337.85,10841918.19,313,2079,2371,79,5
1131,Belo Horizonte,MG,residencial_padrao,Alfa Construcoes,3596.0,13251366.12,405227.08,13316228.61,7401659.64,4653873.6,7834597.94,88,783,883,29,15
1132,Ribeirao Preto,SP,residencial_popular,Vertice Engenharia,3833.0,4586081.15,54044.17,4432418.58,2447308.13,1535500.32,2655540.14,112,703,709,23,20
1133,Curitiba,PR,comercial,Obras & Cia,2458.0,10654170.29,200863.32,10981540.63,5266827.84,4091215.72,5550492.07,52,480,500,16,22
1134,Salvador,BA,residencial_popular,Alfa Construcoes,3334.0,6002866.46,170512.21,6043982.1,3302596.12,1825635.74,3481113.67,89,573,527,17,18
1135,Contagem,MG,residencial_popular,Construtora Planalto,2073.0,3585978.82,78948.15,3552185.37,1877285.73,1374172.23,1935134.1,54,372,397,13,14
1136,Salvador,BA,residencial_padrao,Construtora Atlantica,1358.0,3501090.95,261205.18,3782434.78,1891359.61,1370400.18,1959499.54,28,294,313,10,10
1137,Campinas,SP,residencial_popular,Obras & Cia,3199.0,3898484.24,207248.46,4340117.58,2308345.65,1552869.05,2494739.14,93,577,500,16,17
1138,Uberlandia,MG,residencial_popular,Beta Engenharia,3176.0,5253357.8,174497.13,5526580.74,2743752.27,2107945.43,2765892.75,100,421,480,16,15
1139,Ribeirao Preto,SP,industrial,Estrutural Engenharia,2288.0,13878888.53,875635.74,14714301.55,8074718.7,5055374.14,8129147.46,70,339,318,10,14
1140,Curitiba,PR,residencial_padrao,Estrutural Engenharia,2455.0,9488150.65,798968.85,9882279.22,5700584.08,3229137.95,5886936.79,67,437,490,16,11
1141,Rio de Janeiro,RJ,residencial_padrao,Construtora Atlantica,2147.0,6323908.12,2909909.81,9356568.96,4099944.72,2771512.52,4178165.47,60,424,418,13,12
1142,Belo Horizonte,MG,comercial,Estrutural Engenharia,2773.0,10116727.88,224963.58,10056957.74,6661555.41,3383748.58,7009025.67,97,376,428,14,16
1143,Salvador,BA,residencial_padrao,Delta Obras,3312.0,8927019.17,658381.18,9818094.01,5437432.88,2718715.94,5548886.77,86,475,540,18,8
1144,Uberlandia,MG,comercial,Delta Obras,1301.0,5847301.36,252571.65,6044834.24,2876818.38,2056628.25,2992411.35,37,234,237,7,14
1145,Uberlandia,MG,residencial_popular,Beta Engenharia,2560.0,4345824.69,330127.55,4406488.91,2507650.9,1542196.68,2636019.57,64,576,513,17,16
1146,Contagem,MG,residencial_padrao,Obras & Cia,2366.0,8278537.36,819805.41,9230445.87,4980442.71,2647008.67,5344398.95,57,363,355,11,17
1147,Salvador,BA,residencial_padrao,Delta Obras,6499.0,18234572.72,1652247.05,20332645.71,11229647.09,6434879.21,11930809.28,171,1070,1142,38,13
1148,Curitiba,PR,comercial,Estrutural Engenharia,2222.0,10016086.87,189015.79,9746677.25,4849830.91,2815504.57,5097079.44,75,390,430,14,12
1149,Contagem,MG,residencial_padrao,Construtora Planalto,2567.0,8990792.85,49390.91,8852527.53,4809170.37,3375577.65,5106383.38,91,393,378,12,20
1150,Goiania,GO,residencial_padrao,Construtora Planalto,3225.0,10016641.94,905408.46,10800560.66,6042079.83,4062717.63,6242349.42,101,639,616,20,7
1151,Ribeirao Preto,SP,industrial,Beta Engenharia,7365.0,53637792.9,1203717.32,56034073.97,34006197.18,18844018.16,35810002.28,295,1185,1143,38,15
1152,Goiania,GO,comercial,Alfa Construcoes,4975.0,19660076.13,1186300.71,19498018.78,10516128.89,6484108.69,10552613.73,133,882,850,28,12
1153,Campinas,SP,comercial,Alfa Construcoes,4030.0,17768196.48,1643491.5,18735630.16,10328855.56,6640275.86,10699712.14,108,749,816,27,17
1154,Goiania,GO,residencial_popular,Construtora Horizonte,649.0,1068246.05,61086.79,1118583.17,549618.7,354801.03,594031.83,25,120,337,11,10
1155,Salvador,BA,comercial,Vertice Engenharia,1793.0,9155699.25,160048.39,8835289.5,4716775.1,2863556.47,5135649.72,63,246,257,8,10
1156,Contagem,MG,industrial,Construtora Planalto,1576.0,9590502.42,664551.41,9584260.64,5125786.62,2836119.91,5266413.47,51,297,359,11,15
1157,Uberlandia,MG,comercial,Beta Engenharia,1226.0,4955768.84,257735.62,5053262.88,2962841.79,1586315.75,3085530.15,38,199,198,6,13
1158,Uberlandia,MG,residencial_padrao,Alfa Construcoes,3799.0,12564336.85,175633.84,12575449.89,7317173.42,4312435.81,7615707.37,106,516,486,16,18
1159,Curitiba,PR,comercial,Engenharia Vale Verde,3323.0,18617300.17,849967.86,19566916.15,10323153.17,6866645.59,10761248.34,106,576,613,20,11
1160,Campinas,SP,industrial,Obras & Cia,3624.0,23522626.35,52382.11,24257625.54,13426952.46,8775446.57,14220688.4,104,650,797,26,13
1161,Sao Paulo,SP,residencial_popular,Delta Obras,3703.0,6898554.22,231988.6,7370701.98,4026114.88,2334095.43,4371006.07,97,742,884,29,17
1162,Uberlandia,MG,residencial_popular,Alfa Construcoes,6602.0,12146520.99,612262.28,21256357.94,12185717.72,4555928.11,12800370.25,212,1081,1129,37,9
1163,Uberlandia,MG,residencial_popular,Delta Obras,3954.0,4545233.4,177213.86,4654715.6,2803674.22,1560241.83,2999327.3,119,649,719,23,13
1164,Uberlandia,MG,residencial_padrao,Engenharia Mineira,3454.0,12486858.92,435617.37,13665432.69,7098678.84,4217501.3,7241858.81,90,539,570,19,10
1165,Curitiba,PR,comercial,Construtora Horizonte,1616.0,8583003.77,204675.84,8884287.27,5093578.01,2978139.31,5071643.03,50,315,294,9,21
1166,Uberlandia,MG,comercial,Engenharia Vale Verde,2554.0,11183941.08,685697.96,11858124.14,6773689.66,4080616.15,7042845.02,91,578,594,19,15
1167,Contagem,MG,comercial,Alfa Construcoes,2930.0,13295246.51,450719.15,13368587.5,7570504.84,4834238.48,7687013.04,81,429,477,15,14
1168,Ribeirao Preto,SP,industrial,Vertice Engenharia,3767.0,23263461.0,1964069.71,25327336.23,14759519.32,8936440.99,15844944.13,95,703,636,21,21
1169,Campinas,SP,residencial_padrao,Estrutural Engenharia,1265.0,3641658.25,12446.97,3623446.16,1918678.31,1420486.76,1954330.01,40,205,221,7,16
1170,Campinas,SP,comercial,Delta Obras,3807.0,16440733.24,1445817.37,17944253.08,10023730.21,6696368.07,10691855.64,108,711,750,25,14
1171,Belo Horizonte,MG,residencial_padrao,Engenharia Vale Verde,8985.0,26634255.71,1101082.09,28624362.49,15855609.06,12026106.66,16468568.22,245,1676,1712,57,15
1172,Uberlandia,MG,comercial,Alfa Construcoes,5595.0,24805568.36,2305923.08,29310763.51,16583136.19,9626110.63,17066900.88,184,828,845,28,15
1173,Contagem,MG,industrial,Beta Engenharia,4297.0,22507386.57,2109057.88,24782086.52,14225868.59,8920955.62,14591706.55,111,795,801,26,11
1174,Salvador,BA,comercial,Estrutural Engenharia,5713.0,28241616.08,2604887.03,32000666.44,21200632.56,9559342.02,21791042.67,178,1074,1035,34,13
1175,Sao Paulo,SP,residencial_padrao,Alfa Construcoes,3525.0,11362006.46,801330.97,12348607.6,7089585.98,4183680.25,7895206.13,97,781,757,25,8
1176,Goiania,GO,residencial_padrao,Delta Obras,2359.0,9683498.61,520171.06,10425935.7,5345972.14,3336566.88,5619173.58,65,522,540,18,15
1177,Sao Paulo,SP,residencial_popular,Construtora Serrana,1985.0,3305255.67,255119.64,3570073.77,2049906.6,1365287.91,2134300.37,60,312,342,11,13
1178,Rio de Janeiro,RJ,industrial,Engenharia Mineira,5686.0,43216379.41,2428800.17,45664211.17,25135915.63,15848120.35,25903116.87,206,936,925,30,15
1179,Ribeirao Preto,SP,industrial,Construtora Atlantica,1720.0,10682693.86,594161.07,11472829.29,7313177.78,4110929.12,7785261.35,58,346,407,13,11
1180,Belo Horizonte,MG,comercial,Delta Obras,2850.0,11024499.52,322258.85,11765241.25,6091574.32,3625927.65,6568409.41,76,517,477,15,12
1181,Goiania,GO,industrial,Construtora Horizonte,5339.0,27053119.95,2046576.77,29689091.87,13501093.94,11311947.33,13697217.35,145,861,978,32,17
1182,Salvador,BA,comercial,Estrutural Engenharia,3194.0,13937063.97,490752.56,14769481.61,8482675.55,5074376.67,8436952.99,97,504,485,16,17
1183,Curitiba,PR,residencial_popular,Construtora Horizonte,3176.0,3284158.79,68625.65,3542504.01,1870932.71,1029011.34,2033811.29,90,461,494,16,16
1184,Rio de Janeiro,RJ,residencial_popular,Alfa Construcoes,9309.0,19015974.5,131476.34,19404023.72,11558185.84,7491525.35,11988171.74,228,1380,1733,57,11
1185,Belo Horizonte,MG,industrial,Engenharia Vale Verde,2558.0,14219410.57,1213811.79,14154112.8,7538650.62,5110777.55,7804036.34,57,425,490,16,16
1186,Goiania,GO,comercial,Vertice Engenharia,5910.0,26826421.09,1784531.0,28925386.11,15575411.63,10475313.24,17398226.78,175,932,1072,35,19
1187,Curitiba,PR,residencial_popular,Beta Engenharia,905.0,1745904.01,152261.04,1981870.55,1103463.81,753091.43,1128773.59,33,145,151,5,13
1188,Curitiba,PR,residencial_padrao,Alfa Construcoes,4525.0,16617041.54,119413.66,17479283.76,9480713.4,5040276.64,9901111.14,115,866,897,29,12
1189,Ribeirao Preto,SP,industrial,Engenharia Vale Verde,4336.0,28558572.12,12252495.04,40776625.18,17175992.96,9680720.71,16908163.25,121,692,793,26,21
1190,Rio de Janeiro,RJ,comercial,Construtora Atlantica,2500.0,12090585.02,588951.04,13242545.2,7876346.56,4480831.83,8061472.3,64,488,503,16,14
1191,Goiania,GO,industrial,Engenharia Vale Verde,2497.0,9500274.29,65191.7,9364871.9,5166648.91,3253345.81,5382557.38,64,523,527,17,17
1192,Salvador,BA,residencial_popular,Construtora Horizonte,4164.0,8664341.51,655128.89,8771249.12,5071876.48,2633158.49,5372456.06,136,820,832,27,14
1193,Goiania,GO,comercial,Engenharia Mineira,4001.0,16755193.49,1206735.89,18113441.76,9456986.49,5869150.07,9462425.31,109,699,601,20,12
1194,Belo Horizonte,MG,residencial_padrao,Construtora Serrana,1272.0,3245370.8,268535.24,6288166.43,3271108.46,1210581.42,3495137.07,54,281,288,9,21
1195,Sao Paulo,SP,comercial,Construtora Horizonte,3135.0,16595600.56,619652.41,16917335.2,9293141.06,6845796.89,9333417.74,78,604,639,21,14
1196,Goiania,GO,industrial,Engenharia Mineira,1290.0,6598618.66,265355.58,7068974.93,3851252.13,2489010.07,4109806.8,42,195,217,7,25
1197,Uberlandia,MG,residencial_popular,Construtora Horizonte,2371.0,4723604.52,391657.9,5033149.08,2687064.88,1843309.94,2754704.95,71,390,440,14,12
1198,Uberlandia,MG,industrial,Beta Engenharia,1588.0,7651220.7,111579.51,7485929.04,3906830.02,2446232.6,4050541.84,38,243,255,8,13
1199,Campinas,SP,residencial_popular,Engenharia Vale Verde,3512.0,6834500.45,566639.95,7409240.38,3472971.9,2640293.28,3726028.18,104,471,461,15,15
1200,Sao Paulo,SP,residencial_popular,Beta Engenharia,2815.0,5142375.16,224716.29,5588924.54,3073405.44,2092825.79,3162371.28,72,522,593,19,23
1201,Uberlandia,MG,residencial_popular,Construtora Planalto,996.0,1656329.84,114745.82,2769610.12,1550861.32,684643.73,1650943.99,24,147,172,5,16
1202,Rio de Janeiro,RJ,comercial,Beta Engenharia,2207.0,12568285.33,823217.57,13714859.71,7611055.92,4558881.5,7994116.46,52,342,312,10,14
1203,Goiania,GO,residencial_padrao,Construtora Atlantica,2679.0,6402232.91,49131.01,6583434.79,3602452.13,2230846.04,3899548.37,82,387,423,14,15
1204,Goiania,GO,comercial,Estrutural Engenharia,5028.0,19580339.37,173745.15,20118215.58,11572994.12,7331223.3,12293202.97,150,758,1605,53,13
1205,Uberlandia,MG,comercial,Engenharia Vale Verde,8187.0,26898525.57,1791582.48,27244892.26,14866738.52,9181288.27,14680148.33,221,1437,1267,42,18
1206,Goiania,GO,residencial_padrao,Engenharia Mineira,3567.0,11488330.22,1102415.87,13226220.03,7874134.18,4255587.51,8315403.38,95,783,851,28,24
1207,Salvador,BA,industrial,Construtora Horizonte,6227.0,38387109.02,2418971.23,41272825.98,21353195.44,13252157.33,23232044.67,148,1195,1347,44,14
1208,Ribeirao Preto,SP,industrial,Beta Engenharia,4901.0,29770861.72,2171517.79,32238880.98,18536304.64,10477704.74,20663526.7,131,745,686,22,11
1209,Salvador,BA,industrial,Vertice Engenharia,3441.0,14719215.54,155938.84,14632488.79,8873912.03,5082813.44,9372104.11,84,651,631,21,14
1210,Belo Horizonte,MG,comercial,Obras & Cia,1295.0,6574203.02,294048.12,6787433.94,3228969.55,2237346.06,3389684.99,32,240,283,9,12
1211,Rio de Janeiro,RJ,comercial,Estrutural Engenharia,6430.0,29886782.15,1741450.38,31481034.93,19018415.47,12403089.69,19503312.88,184,1058,1027,34,14
1212,Goiania,GO,residencial_popular,Alfa Construcoes,5452.0,9364887.59,368322.79,9927181.28,5227578.83,3649819.57,5475171.63,180,1041,1213,40,14
1213,Sao Paulo,SP,industrial,Alfa Construcoes,2306.0,14440367.27,1403595.53,15341366.91,7273149.06,5961619.96,7456401.34,66,416,445,14,11
1214,Ribeirao Preto,SP,comercial,Vertice Engenharia,1801.0,7221904.06,121283.2,7028425.48,3746836.48,2484997.5,3889266.97,53,300,299,9,17
1215,Belo Horizonte,MG,industrial,Construtora Serrana,2363.0,15209871.08,276094.31,15655763.12,9591208.65,5718420.69,9560493.42,63,338,348,11,18
1216,Curitiba,PR,residencial_padrao,Alfa Construcoes,3199.0,7708263.94,25387.95,8032211.59,3804131.58,2502958.39,3876558.57,92,560,650,21,18
1217,Ribeirao Preto,SP,residencial_popular,Obras & Cia,3206.0,6085973.67,559367.72,6816235.05,3445731.08,2556506.05,3740631.48,88,547,591,19,3
1218,Uberlandia,MG,residencial_padrao,Beta Engenharia,2906.0,10223132.57,770916.78,10617984.64,5779835.1,3737813.72,6088755.83,81,425,409,13,15
1219,Contagem,MG,industrial,Construtora Serrana,1252.0,7714425.88,529865.01,8152603.56,4188870.48,2811942.85,4629697.44,43,247,233,7,21
1220,Ribeirao Preto,SP,residencial_popular,Engenharia Mineira,2437.0,3811210.36,293613.89,4407543.99,2669573.75,1429859.57,2854914.84,79,532,601,20,19
1221,Curitiba,PR,comercial,Alfa Construcoes,2357.0,10331336.72,902173.58,10878980.47,6153802.37,3679171.93,6162589.05,66,343,327,10,17
1222,Contagem,MG,industrial,Obras & Cia,4610.0,24778663.71,2430185.95,26773356.08,15677542.73,8935336.72,16134993.05,178,622,1679,55,18
1223,Contagem,MG,comercial,Estrutural Engenharia,3977.0,17216312.9,1118763.22,23921724.23,15678050.0,6636821.13,16243807.9,106,766,896,29,12
1224,Ribeirao Preto,SP,residencial_padrao,Construtora Atlantica,3613.0,11715194.04,441041.25,12135651.95,6394664.09,4083834.95,6998241.8,104,672,677,22,19
1225,Uberlandia,MG,residencial_popular,Obras & Cia,2239.0,4343844.26,228174.83,4650661.81,2438144.59,1591510.32,2630987.53,56,429,421,14,15
1226,Rio de Janeiro,RJ,industrial,Construtora Atlantica,3426.0,16313107.99,353658.63,16484551.32,8789227.57,5505611.37,9230589.28,105,709,788,26,18
1227,Campinas,SP,residencial_padrao,Engenharia Mineira,1380.0,4601628.17,433182.05,4879053.02,2685269.43,1690650.42,2967933.03,30,295,368,12,11
1228,Salvador,BA,residencial_padrao,Construtora Serrana,1812.0,6200610.56,238073.57,6545758.8,3660564.35,2525944.07,3851872.71,53,263,288,9,17
1229,Sao Paulo,SP,residencial_popular,Engenharia Mineira,1768.0,2931466.81,156360.76,3160657.0,1861751.38,1091520.54,2034759.41,42,285,280,9,21
1230,Belo Horizonte,MG,comercial,Construtora Atlantica,2515.0,9751024.13,575105.64,10522182.18,5457476.65,4648552.11,5552533.85,87,392,459,15,15
1231,Salvador,BA,residencial_popular,Obras & Cia,1186.0,1933917.83,16609.69,1839637.35,1020408.59,520093.39,1030953.62,36,222,240,8,16
1232,Sao Paulo,SP,residencial_popular,Engenharia Mineira,5273.0,9488871.07,145728.06,9782446.01,5435775.27,3307290.15,5653351.55,170,832,867,28,12
1233,Rio de Janeiro,RJ,industrial,Vertice Engenharia,1628.0,11202198.33,288065.06,11192849.41,6518065.3,3729306.72,6568938.68,40,292,297,9,15
1234,Salvador,BA,residencial_padrao,Vertice Engenharia,1637.0,5639047.0,400372.87,6381478.84,3509527.54,1805632.64,3722629.38,36,225,269,8,10
1235,Campinas,SP,comercial,Construtora Horizonte,2078.0,9677251.36,590706.51,10069440.53,5265815.26,3795742.65,5655599.19,57,422,432,14,12
1236,Salvador,BA,industrial,Estrutural Engenharia,5055.0,26894129.25,658515.52,26092110.56,15834390.74,8818151.05,16269492.27,116,720,757,25,13
1237,Sao Paulo,SP,residencial_popular,Construtora Atlantica,3340.0,7348039.48,204720.83,7717266.01,4605439.04,2430242.08,4940005.1,99,837,736,24,10
1238,Sao Paulo,SP,residencial_popular,Construtora Serrana,3269.0,7478608.56,450524.06,7922606.94,4453910.74,2597916.35,4680391.22,121,458,455,15,23
1239,Salvador,BA,residencial_popular,Construtora Horizonte,4984.0,8904784.63,338131.88,9080972.48,5037805.31,3264972.49,5171167.33,144,904,1115,37,14
1240,Belo Horizonte,MG,residencial_padrao,Estrutural Engenharia,3394.0,8842680.65,438185.6,9676869.24,5403770.74,3847330.78,5709945.6,80,521,614,20,14
1241,Sao Paulo,SP,comercial,Construtora Serrana,2339.0,9270572.04,168671.53,10099336.86,5885670.36,3433535.97,6400493.95,60,308,285,9,13
1242,Sao Paulo,SP,comercial,Construtora Horizonte,5065.0,21833809.01,484606.31,23898406.42,12806445.08,8062495.69,13492357.32,126,913,912,30,19
1243,Curitiba,PR,comercial,Vertice Engenharia,1072.0,3904465.99,181752.89,4135489.89,2148437.3,1426279.64,2256712.31,27,218,214,7,16
1244,Rio de Janeiro,RJ,residencial_padrao,Construtora Horizonte,1612.0,5417461.14,101139.73,5599197.59,3110715.24,1943613.02,3188341.48,46,230,239,7,11
1245,Curitiba,PR,comercial,Obras & Cia,3296.0,13970228.51,226569.08,14419478.8,8443460.3,5662627.15,9117888.12,108,624,651,21,13
1246,Salvador,BA,comercial,Engenharia Vale Verde,2351.0,9473840.17,40697.37,9850909.99,5496507.53,4178305.56,5799448.89,70,391,883,29,16
1247,Campinas,SP,residencial_padrao,Vertice Engenharia,1953.0,7004572.63,447938.52,7101252.45,4124605.91,2755489.81,4224770.76,55,422,400,13,19
1248,Uberlandia,MG,residencial_padrao,Delta Obras,3343.0,9911708.86,907938.55,11059624.82,5568860.25,3570478.7,5873044.76,83,478,476,15,18
1249,Belo Horizonte,MG,residencial_padrao,Alfa Construcoes,7429.0,19982546.77,1971460.23,21521631.98,13570031.56,7914356.81,13834911.85,229,1121,1271,42,14
1250,Ribeirao Preto,SP,residencial_popular,Construtora Planalto,3184.0,4701570.13,81702.42,4817011.83,2883556.23,1919480.33,3095168.55,87,482,480,16,14
1251,Contagem,MG,industrial,Engenharia Mineira,1597.0,10061409.99,390436.58,10667463.72,6100130.17,3811264.27,6506999.7,45,252,249,8,16
1252,Salvador,BA,comercial,Construtora Atlantica,3059.0,12430179.95,136094.72,12142189.53,7292975.4,4637958.88,7775208.93,68,523,675,22,14
1253,Goiania,GO,residencial_padrao,Beta Engenharia,2443.0,8226916.1,667918.76,8864436.83,5505425.09,3166150.6,5825370.46,80,385,400,13,12
1254,Campinas,SP,residencial_popular,Alfa Construcoes,2613.0,3751624.27,61621.7,3807346.74,2177294.74,1395940.44,2330355.16,82,416,407,13,12
1255,Curitiba,PR,residencial_popular,Beta Engenharia,1646.0,3400722.2,117507.53,3621313.72,1997417.14,1351851.73,1991747.11,41,268,294,9,16
1256,Goiania,GO,residencial_padrao,Engenharia Vale Verde,2088.0,7212396.28,30995.36,6946135.39,3547780.5,2280436.6,3687140.33,74,429,422,14,15
1257,Sao Paulo,SP,residencial_popular,Vertice Engenharia,2813.0,5807827.27,345427.79,6115145.66,3613991.58,2063567.82,3732494.04,68,488,555,18,16
1258,Rio de Janeiro,RJ,comercial,Delta Obras,3499.0,18245948.29,347999.79,18616933.58,10193504.14,6909199.13,10389674.3,87,549,518,17,19
1259,Ribeirao Preto,SP,residencial_popular,Delta Obras,4919.0,10609034.52,802355.15,10842587.27,5163621.52,3877878.02,5330099.96,161,826,907,30,9
1260,Belo Horizonte,MG,residencial_popular,Delta Obras,1741.0,3512363.56,329075.64,3904338.21,2318759.52,1453344.82,2497941.17,59,252,247,8,16
1261,Sao Paulo,SP,comercial,Construtora Horizonte,3799.0,17991568.89,10452959.7,27657556.37,10906136.74,6630176.28,11827501.41,109,779,878,29,13
1262,Belo Horizonte,MG,comercial,Construtora Horizonte,6783.0,26361482.56,1383101.34,27834017.49,14092716.74,10017896.71,15478838.51,208,1073,890,29,14
1263,Campinas,SP,residencial_popular,Obras & Cia,1980.0,4099317.98,317225.62,4393028.49,2349884.91,1284941.17,2387578.02,49,459,453,15,13
1264,Campinas,SP,industrial,Engenharia Mineira,2256.0,16184684.61,560337.18,17251943.74,8550838.11,6593653.82,8874196.52,75,387,414,13,13
1265,Belo Horizonte,MG,comercial,Construtora Atlantica,2227.0,10988598.52,179309.93,11147496.96,5934311.01,3952302.95,6328987.87,49,329,371,12,27
1266,Salvador,BA,residencial_padrao,Construtora Planalto,4239.0,11640146.95,639018.54,12092705.4,6964244.17,4169259.64,7341335.03,104,633,656,21,12
1267,Goiania,GO,comercial,Vertice Engenharia,4389.0,14815597.18,1025175.76,15919429.73,9251627.35,6006449.31,9793006.49,115,725,722,24,13
1268,Contagem,MG,residencial_padrao,Construtora Atlantica,1161.0,3507534.83,46992.98,3524523.69,1903690.58,1285181.41,1937255.09,43,202,224,7,21
1269,Contagem,MG,comercial,Construtora Atlantica,1431.0,6206737.74,249891.35,6491028.29,3710091.2,2093282.18,3902824.1,38,214,210,7,13
1270,Salvador,BA,industrial,Delta Obras,5597.0,30940364.86,1017274.64,32116416.7,17592158.51,9064010.22,18585503.95,184,876,829,27,15
1271,Uberlandia,MG,residencial_popular,Construtora Serrana,3469.0,6352343.71,208420.91,6258390.99,3072317.24,2080811.06,3225169.95,108,533,547,18,11
1272,Salvador,BA,residencial_popular,Construtora Horizonte,3507.0,7959468.9,628446.4,8568984.44,4858999.42,2993123.22,5028974.29,128,627,604,20,8
1273,Goiania,GO,residencial_popular,Delta Obras,1766.0,3436541.76,140727.19,3480266.37,1877919.91,1024077.85,1943965.98,47,265,263,8,19
1274,Goiania,GO,residencial_popular,Construtora Atlantica,4251.0,9427784.09,196706.31,9612842.15,4442984.99,2781250.82,4682383.18,128,831,876,29,15
1275,Campinas,SP,comercial,Construtora Atlantica,3192.0,17108724.38,1098.9,17050622.44,10103729.75,5467227.07,11462008.73,86,506,552,18,22
1276,Curitiba,PR,comercial,Engenharia Vale Verde,6013.0,25623632.21,1935536.26,26501513.2,15133638.25,8757657.49,15935798.09,179,797,963,32,15
1277,Curitiba,PR,industrial,Engenharia Mineira,2473.0,17299638.2,265598.39,20286828.57,10217643.11,9812062.15,10716952.24,192,376,453,15,17
1278,Contagem,MG,comercial,Obras & Cia,3355.0,12882488.92,1144989.81,14352444.13,7952299.26,4415109.9,8036189.07,119,524,1449,48,20
1279,Contagem,MG,comercial,Construtora Atlantica,6067.0,31278298.93,1076089.74,32060091.58,19037952.32,11750440.52,19242175.26,159,1414,1459,48,19
1280,Ribeirao Preto,SP,comercial,Construtora Horizonte,4650.0,24097817.16,1957201.94,26738449.36,15862718.55,9946362.43,16782214.66,131,800,762,25,11
1281,Contagem,MG,industrial,Beta Engenharia,3363.0,24538907.49,629854.6,25926449.77,15378860.3,8894239.61,16422173.05,99,476,524,17,10
1282,Sao Paulo,SP,industrial,Engenharia Vale Verde,2723.0,17435215.22,1401586.86,18251002.27,10410888.53,5624684.14,10736033.87,67,433,444,14,16
1283,Contagem,MG,residencial_padrao,Engenharia Vale Verde,3000.0,10486705.01,981084.59,11481666.68,6171502.3,3472422.25,6309659.57,70,475,448,14,8
1284,Goiania,GO,residencial_popular,Construtora Atlantica,2715.0,5774125.95,92235.0,5949296.71,2954249.29,2249581.91,3072277.57,69,507,539,17,16
1285,Curitiba,PR,comercial,Construtora Atlantica,3649.0,15740041.95,298695.84,16811235.6,9951547.33,5500200.17,10618831.71,116,722,817,27,8
1286,Goiania,GO,residencial_padrao,Engenharia Mineira,2682.0,9076928.75,740526.12,9574077.26,5540604.91,3383489.59,5608856.05,78,377,446,14,17
1287,Salvador,BA,comercial,Alfa Construcoes,3810.0,19414246.03,616703.66,20502651.09,11574372.35,7131388.53,11941846.81,149,607,646,21,17
1288,Contagem,MG,residencial_padrao,Beta Engenharia,8327.0,26940364.41,1023729.52,28223323.06,17817199.86,9011440.83,18816677.21,268,1497,1565,52,20
1289,Salvador,BA,residencial_padrao,Engenharia Mineira,3730.0,11303885.76,834065.33,11982262.03,6316504.11,3555756.73,6896881.86,93,470,441,14,20
1290,Sao Paulo,SP,residencial_padrao,Obras & Cia,1308.0,5049712.96,273969.18,5317467.8,3061821.93,1738998.83,3161688.76,40,289,323,10,19
1291,Ribeirao Preto,SP,residencial_popular,Construtora Horizonte,3548.0,6150865.6,412165.31,6439466.65,3314155.18,2457057.36,3473512.63,78,587,572,19,19
1292,Curitiba,PR,residencial_padrao,Construtora Serrana,5406.0,15711142.46,1002821.84,16627996.11,8286896.72,5688309.36,9033474.71,149,1098,1016,33,21
1293,Uberlandia,MG,industrial,Estrutural Engenharia,2157.0,12410099.79,711751.32,13682060.39,7310022.25,5349987.24,7686850.62,51,347,388,12,17
1294,Uberlandia,MG,residencial_padrao,Construtora Horizonte,2653.0,10776341.71,772684.69,11550518.87,6359662.96,4182133.59,6595707.07,72,452,417,13,15
1295,Rio de Janeiro,RJ,industrial,Delta Obras,1252.0,7666228.86,3406908.39,11197640.17,4583765.58,2337336.63,4625796.38,27,242,265,8,12
1296,Ribeirao Preto,SP,industrial,Alfa Construcoes,3947.0,24167862.7,2271469.96,25606357.16,14357765.31,8030625.68,15259783.75,82,557,616,20,14
1297,Uberlandia,MG,residencial_padrao,Vertice Engenharia,1539.0,5813198.19,542359.78,6222233.85,3380999.98,1979532.84,3425618.83,44,291,288,9,11
1298,Sao Paulo,SP,comercial,Construtora Horizonte,2726.0,13406092.16,875538.56,14162413.19,8055835.75,5240743.44,8423083.54,76,507,497,16,18
1299,Contagem,MG,residencial_popular,Construtora Horizonte,3743.0,7000209.46,440722.98,7596391.05,4462153.15,2866398.2,4671770.21,89,605,665,22,16
1300,Campinas,SP,industrial,Construtora Horizonte,4233.0,36237718.06,2784930.21,39105760.32,20810200.33,13114484.43,22814919.44,133,753,695,23,11
1301,Rio de Janeiro,RJ,residencial_padrao,Construtora Planalto,4088.0,18231923.01,754331.82,18036890.1,10569617.36,5919567.57,11510106.22,121,744,770,25,18
1302,Rio de Janeiro,RJ,industrial,Engenharia Mineira,2699.0,13104536.57,924458.66,13277015.86,7066494.42,4949426.63,7484063.81,71,453,518,17,18
1303,Sao Paulo,SP,comercial,Estrutural Engenharia,4740.0,23819905.35,193995.22,23045732.92,13062655.24,8443557.32,14143121.79,156,898,975,32,14
1304,Rio de Janeiro,RJ,residencial_popular,Obras & Cia,1181.0,1846713.0,20594.79,1969536.11,987473.7,669875.18,1038110.04,26,210,212,7,21
1305,Ribeirao Preto,SP,residencial_padrao,Construtora Atlantica,4277.0,10843416.79,1056628.12,12121413.89,5862111.23,3858694.37,6302801.54,123,744,736,24,14
1306,Ribeirao Preto,SP,comercial,Construtora Atlantica,802.0,3142049.28,125702.88,5203732.71,2946015.47,1166471.0,3066371.89,24,138,157,5,12
1307,Campinas,SP,industrial,Construtora Atlantica,3267.0,24189899.84,1236843.98,26158123.76,15676018.86,9105312.56,16360722.76,97,563,629,20,15
1308,Campinas,SP,industrial,Delta Obras,1838.0,14573689.74,1345069.1,15548756.58,9441888.62,5573517.98,10077749.28,53,319,330,11,9
1309,Contagem,MG,residencial_popular,Engenharia Mineira,3457.0,7821862.85,206144.93,7465844.04,4078147.0,3226626.73,4388049.42,111,534,529,17,9
1310,Uberlandia,MG,industrial,Alfa Construcoes,1169.0,5804969.51,508367.89,6236029.35,3528298.33,1955369.05,3780301.44,40,159,145,4,10
1311,Uberlandia,MG,industrial,Vertice Engenharia,6851.0,43048523.86,1358339.11,44430225.73,22612499.55,14897270.28,22920995.29,239,1083,1039,34,16
1312,Salvador,BA,comercial,Engenharia Mineira,2335.0,12806613.09,97793.61,13382818.05,6956042.63,4706527.0,7099110.24,70,403,399,13,10
1313,Contagem,MG,residencial_popular,Alfa Construcoes,925.0,1420719.88,31274.46,1382364.02,684650.46,558097.62,705809.66,25,142,156,5,8
1314,Belo Horizonte,MG,residencial_popular,Obras & Cia,10129.0,14193577.11,255986.45,13998476.71,6861123.52,5467494.48,7702801.12,310,2048,1783,59,14
1315,Campinas,SP,residencial_popular,Engenharia Vale Verde,2152.0,3992699.89,68821.06,4100887.23,2203632.28,1299781.72,2357831.43,61,320,356,11,9
1316,Contagem,MG,industrial,Vertice Engenharia,1758.0,11742959.36,935287.55,13096318.69,7410675.99,4665687.78,8047934.05,47,290,338,11,15
1317,Contagem,MG,residencial_popular,Engenharia Mineira,1961.0,3874458.23,328102.21,4196182.54,2527430.51,1220667.61,2649597.4,56,361,447,14,14
1318,Contagem,MG,comercial,Construtora Serrana,4886.0,15136976.45,1437411.89,17063286.37,8955532.52,5547850.2,9755134.13,117,761,771,25,14
1319,Campinas,SP,residencial_padrao,Estrutural Engenharia,1813.0,4949512.81,79959.74,4873349.53,2375522.98,1737749.11,2511017.74,41,331,355,11,16
1320,Rio de Janeiro,RJ,residencial_padrao,Construtora Planalto,4392.0,14701495.29,597760.07,15135157.03,7496289.57,4931374.2,7731221.59,149,691,791,26,11
1321,Campinas,SP,residencial_padrao,Engenharia Mineira,1777.0,5442568.99,335818.98,5882727.57,3075775.13,2237494.33,3206890.43,55,355,379,12,18
1322,Ribeirao Preto,SP,residencial_popular,Engenharia Vale Verde,6093.0,10498958.33,309761.41,10961024.35,5661141.45,4219869.96,6005610.67,167,930,1104,36,15
1323,Campinas,SP,comercial,Engenharia Mineira,6338.0,32813634.18,2529308.66,35348441.97,19717899.52,12755640.41,19901315.51,232,1198,1165,38,12
1324,Curitiba,PR,comercial,Construtora Planalto,3289.0,11981786.26,182800.85,14387456.37,7102989.0,6695189.51,7492587.03,146,549,546,18,14
1325,Uberlandia,MG,industrial,Engenharia Mineira,2764.0,16506002.05,1412865.58,17401390.19,9466818.98,6004209.79,9779359.59,81,456,511,17,14
1326,Belo Horizonte,MG,residencial_popular,Engenharia Vale Verde,3968.0,7515124.46,187868.16,7613472.41,4451084.78,2827672.69,4752254.38,114,640,726,24,12
1327,Contagem,MG,comercial,Alfa Construcoes,3264.0,15636831.04,1344777.63,16943521.01,9255229.75,4804193.0,9657019.45,95,555,645,21,10
1328,Curitiba,PR,residencial_popular,Beta Engenharia,2344.0,3987352.88,221520.77,4348735.87,2541508.66,1532214.9,2640326.6,58,391,384,12,8
1329,Campinas,SP,industrial,Vertice Engenharia,4347.0,34988502.32,468550.78,34642935.57,17411587.63,12698667.59,17360424.0,115,653,1854,61,14
1330,Uberlandia,MG,industrial,Engenharia Vale Verde,2020.0,15484049.6,317501.36,16169293.65,7328820.12,6278441.75,8018190.28,57,313,342,11,12
1331,Curitiba,PR,industrial,Alfa Construcoes,1990.0,10849716.35,487536.28,11668750.84,6088112.17,3827265.21,6274603.84,51,382,412,13,17
1332,Belo Horizonte,MG,residencial_padrao,Obras & Cia,2560.0,7945638.35,693455.79,8902718.87,4623530.74,3209369.21,4844815.32,86,464,538,17,15
1333,Curitiba,PR,residencial_padrao,Construtora Horizonte,3473.0,10885245.69,945007.86,11755328.83,6599499.84,3980133.98,7210619.05,134,571,690,23,14
1334,Goiania,GO,residencial_padrao,Beta Engenharia,6169.0,20784788.0,707219.48,21050190.17,11106332.71,7595665.08,12107522.89,153,969,914,30,9
1335,Salvador,BA,residencial_popular,Beta Engenharia,1521.0,2652028.14,75088.22,2634045.82,1340807.04,914478.46,1428106.33,37,234,247,8,12
1336,Goiania,GO,comercial,Engenharia Vale Verde,3659.0,17327694.3,1484527.14,18368811.53,10987861.23,6472736.62,11070157.37,78,612,661,22,16
1337,Salvador,BA,residencial_popular,Construtora Atlantica,2072.0,4828627.64,292010.64,5246903.57,3006746.32,1678486.96,3272319.91,67,332,305,10,6
1338,Ribeirao Preto,SP,industrial,Beta Engenharia,1103.0,7154663.05,713542.23,8196205.64,4423551.89,2870846.91,4762533.93,27,192,202,6,16
1339,Goiania,GO,comercial,Estrutural Engenharia,2789.0,12316057.58,763198.21,13553844.71,7713444.54,5442861.77,8009691.93,64,433,567,18,10
1340,Contagem,MG,industrial,Construtora Atlantica,3636.0,28197634.81,2368762.07,31396199.84,18727786.74,11652367.87,19124256.04,86,520,570,19,15
1341,Salvador,BA,comercial,Construtora Horizonte,2866.0,14182543.14,180723.43,13997638.86,7111589.09,4583371.64,7514559.94,82,464,505,16,12
1342,Belo Horizonte,MG,industrial,Obras & Cia,2400.0,15441954.27,1067894.75,16118300.89,9497594.55,4801276.63,10290902.28,56,420,450,15,19
1343,Salvador,BA,comercial,Obras & Cia,1900.0,9704141.44,5134793.55,14691707.02,5246710.07,3649005.39,5691311.41,55,381,367,12,16
1344,Curitiba,PR,residencial_padrao,Obras & Cia,2457.0,8709531.3,454635.26,9060166.5,4635739.61,3553881.71,4514393.39,63,436,443,14,21
1345,Uberlandia,MG,residencial_popular,Engenharia Mineira,2122.0,3750425.86,194621.01,3892752.62,1895948.2,1261364.95,2063625.89,59,333,342,11,12
1346,Curitiba,PR,industrial,Engenharia Mineira,2388.0,16683829.17,993596.07,17362027.8,9556231.42,6076850.42,10108470.17,52,380,326,10,16
1347,Rio de Janeiro,RJ,residencial_popular,Beta Engenharia,3046.0,5670088.88,1267.38,5662404.8,3253174.82,1889757.25,3323343.88,60,561,593,19,9
1348,Uberlandia,MG,comercial,Engenharia Vale Verde,2389.0,12498161.64,1127277.55,13857784.07,6639982.27,5613883.32,6734559.26,56,350,383,12,11
1349,Campinas,SP,residencial_popular,Construtora Horizonte,2356.0,4257904.31,388315.61,4362064.94,2594867.53,1516108.89,2686871.12,73,374,365,12,5
1350,Rio de Janeiro,RJ,comercial,Construtora Atlantica,2698.0,9973070.63,148576.64,9676942.87,4924700.51,3168996.17,5295619.95,81,478,576,19,16
1351,Goiania,GO,comercial,Engenharia Vale Verde,2478.0,10116533.71,1003454.24,11443159.44,6498940.87,3943599.05,6797133.07,64,521,522,17,10
1352,Contagem,MG,industrial,Construtora Planalto,991.0,4595876.01,292260.61,4818856.05,2395090.54,1967745.5,2537301.91,26,181,200,6,13
1353,Salvador,BA,industrial,Engenharia Mineira,4046.0,18344168.27,196669.38,18642287.11,11208447.1,5923351.97,11458452.03,138,652,688,22,13
1354,Rio de Janeiro,RJ,industrial,Estrutural Engenharia,2910.0,16240628.22,668554.71,17693983.5,9673424.16,6867057.79,10002344.13,80,488,446,14,20
1355,Contagem,MG,residencial_padrao,Beta Engenharia,4330.0,12390672.03,945640.08,12989493.7,7786421.32,4667674.29,8261483.39,103,625,694,23,9
1356,Rio de Janeiro,RJ,industrial,Construtora Atlantica,4289.0,26392733.56,836968.11,27075518.21,13273380.39,9433254.19,13277877.74,113,680,817,27,18
1357,Uberlandia,MG,residencial_popular,Construtora Horizonte,4487.0,6508770.54,231399.17,6807532.83,3156448.84,2375047.29,3217659.02,126,873,946,31,15
1358,Rio de Janeiro,RJ,residencial_padrao,Construtora Serrana,2030.0,6270469.77,454049.26,6806451.36,3904139.73,2886451.86,4026514.68,60,366,390,13,16
1359,Salvador,BA,residencial_padrao,Estrutural Engenharia,5132.0,14997547.53,863674.66,16117459.21,8856846.9,5488831.37,9944467.99,166,822,813,27,22
1360,Campinas,SP,industrial,Construtora Planalto,3852.0,24005379.53,2040117.7,26637900.15,15065656.21,9495637.88,15799992.58,103,622,656,21,12
1361,Goiania,GO,residencial_popular,Delta Obras,1763.0,3361880.66,71049.92,3614142.69,1857165.89,1185229.55,1895990.79,48,359,363,12,6
1362,Rio de Janeiro,RJ,residencial_padrao,Construtora Serrana,1417.0,5226638.84,113835.32,5468155.88,2854149.71,2176583.82,3061037.08,47,269,295,9,13
1363,Ribeirao Preto,SP,comercial,Engenharia Vale Verde,5631.0,22388393.07,1146703.09,24209113.87,14098533.32,8357267.42,14681265.51,214,1092,1174,39,14
1364,Contagem,MG,residencial_padrao,Engenharia Vale Verde,1646.0,5092261.25,330239.4,5307951.42,3223301.72,2002465.04,3412522.42,37,342,358,11,16
1365,Campinas,SP,residencial_padrao,Construtora Horizonte,3465.0,9362561.25,859854.08,10546824.12,5915643.37,3105154.46,6039849.37,91,575,479,15,19
1366,Goiania,GO,residencial_padrao,Engenharia Vale Verde,4902.0,14191814.49,973741.99,15328595.0,9522759.94,6111627.56,10101661.32,131,739,701,23,17
1367,Campinas,SP,residencial_popular,Beta Engenharia,3496.0,6093993.29,402275.24,6519285.48,2784248.55,2316737.3,2977098.38,93,590,697,23,16
1368,Campinas,SP,residencial_padrao,Delta Obras,3573.0,9989722.16,244311.49,10087547.51,5855194.1,3423785.35,6288685.45,99,508,521,17,16
1369,Campinas,SP,industrial,Vertice Engenharia,6316.0,28194790.9,1053332.03,29090253.16,16986981.17,11530704.2,17958672.94,188,956,1070,35,13
1370,Ribeirao Preto,SP,residencial_padrao,Construtora Horizonte,7671.0,27110635.19,1373454.98,50946507.61,29156475.5,9854573.88,30780176.73,258,1089,1044,34,13
1371,Contagem,MG,residencial_popular,Beta Engenharia,8067.0,13668154.09,432542.6,13867689.62,8547432.13,3683668.71,8717678.68,165,1246,1198,39,14
1372,Rio de Janeiro,RJ,residencial_padrao,Construtora Planalto,7478.0,25237115.26,721592.09,26571658.19,13872262.72,8476355.64,13833458.31,275,1415,1352,45,16
1373,Belo Horizonte,MG,residencial_popular,Construtora Serrana,619.0,952654.65,51909.36,986317.63,602424.06,327056.74,648465.95,17,120,117,3,14
1374,Campinas,SP,residencial_popular,Obras & Cia,2649.0,4142620.15,88795.17,4285599.5,2280271.03,1518665.57,2388550.44,86,437,437,14,11
1375,Campinas,SP,residencial_padrao,Construtora Horizonte,2492.0,8610200.9,265724.01,9547133.54,5589153.82,3715075.16,6001953.58,56,464,392,13,13
1376,Campinas,SP,residencial_padrao,Estrutural Engenharia,3421.0,12980674.9,409970.58,13711584.27,7026055.6,4348467.01,7717584.01,96,621,621,20,12
1377,Sao Paulo,SP,residencial_popular,Delta Obras,1569.0,2235660.1,91349.24,2285617.02,1358311.05,820061.79,1437038.12,50,265,285,9,17
1378,Belo Horizonte,MG,residencial_popular,Alfa Construcoes,2993.0,5980647.86,330361.89,5967831.86,3346368.38,2218599.51,3571446.52,80,523,515,17,17
1379,Goiania,GO,residencial_popular,Estrutural Engenharia,2252.0,4678205.82,140051.61,4733910.45,2913518.36,1780222.33,3027902.28,61,367,304,10,11
1380,Goiania,GO,residencial_popular,Delta Obras,3373.0,7023835.96,277329.77,7069502.34,3980087.87,2405053.89,4160457.87,100,432,376,12,13
1381,Sao Paulo,SP,residencial_padrao,Engenharia Vale Verde,2017.0,7271126.92,336687.21,7596914.88,4096051.76,2633404.41,4287978.0,58,344,368,12,18
1382,Uberlandia,MG,industrial,Construtora Planalto,1244.0,8434018.53,535842.08,9105825.99,4487533.81,3674641.91,4629943.33,34,186,180,6,12
1383,Sao Paulo,SP,residencial_padrao,Construtora Serrana,12441.0,41497031.82,2476697.79,45564267.96,25731071.69,14595334.35,27835683.16,452,1708,1820,60,4
1384,Contagem,MG,industrial,Delta Obras,2648.0,17592001.85,846013.64,17715623.79,9692965.09,6217244.49,10076307.02,64,497,534,17,15
1385,Uberlandia,MG,residencial_padrao,Obras & Cia,1541.0,4939459.69,60108.43,9103127.3,4378373.07,1305617.52,4693579.18,44,222,217,7,16
1386,Curitiba,PR,residencial_padrao,Engenharia Vale Verde,2383.0,7168687.14,279343.08,7539348.69,4310298.83,2635529.97,4651760.23,72,482,582,19,12
1387,Sao Paulo,SP,comercial,Beta Engenharia,2884.0,13113625.22,1032780.03,14139006.44,7753965.6,5022805.4,7593267.58,64,490,537,17,9
1388,Belo Horizonte,MG,residencial_padrao,Alfa Construcoes,6216.0,18252562.18,1461431.22,19329321.86,10281174.34,6622873.11,11191216.12,243,1256,1123,37,10
1389,Rio de Janeiro,RJ,comercial,Alfa Construcoes,1330.0,5301508.45,128819.16,5264487.24,3148251.9,1906311.06,3323370.36,44,278,266,8,14
1390,Sao Paulo,SP,residencial_popular,Construtora Horizonte,4086.0,6601385.66,413679.25,6947437.75,3765180.63,2856187.79,3754412.19,120,586,546,18,12
1391,Sao Paulo,SP,residencial_padrao,Construtora Atlantica,2666.0,6616530.2,205602.24,6958497.44,3968674.73,2253779.31,4177408.46,87,464,567,18,15
1392,Goiania,GO,residencial_padrao,Beta Engenharia,1516.0,4033235.11,90160.59,4068433.79,2390118.44,1494547.07,2547124.99,51,272,291,9,12
1393,Salvador,BA,comercial,Construtora Horizonte,3717.0,15819028.36,1029470.47,17653551.34,9588096.51,6803327.99,10228400.16,134,726,713,23,11
1394,Ribeirao Preto,SP,industrial,Estrutural Engenharia,5584.0,35052764.73,3223008.16,35884791.1,19837958.79,12587419.63,20938724.72,122,798,888,29,11
1395,Ribeirao Preto,SP,residencial_padrao,Construtora Horizonte,2843.0,8105582.9,37629.39,8230403.83,4168433.6,3176149.89,4389649.49,107,477,511,17,18
1396,Uberlandia,MG,residencial_popular,Alfa Construcoes,3273.0,4815356.57,481001.9,5474722.85,3273004.84,1969188.15,3583518.74,81,499,487,16,21
1397,Ribeirao Preto,SP,residencial_padrao,Estrutural Engenharia,2458.0,7126426.55,391692.5,7141222.42,4127533.23,2295138.01,4379800.81,75,424,419,13,14
1398,Rio de Janeiro,RJ,industrial,Construtora Horizonte,3559.0,21272979.94,626112.67,22641452.4,11701267.08,7871908.49,11646753.84,87,465,491,16,6
1399,Salvador,BA,residencial_padrao,Obras & Cia,1897.0,5504131.75,229357.73,5777273.98,3064703.16,1909457.4,3229507.82,57,371,1054,35,16
1400,Curitiba,PR,residencial_popular,Construtora Atlantica,4888.0,5451572.42,302897.28,9891843.49,5499144.41,2071748.71,5959988.91,155,755,804,26,8
1401,Curitiba,PR,residencial_padrao,Estrutural Engenharia,1452.0,4920499.52,141750.77,5104110.56,2706285.8,1913110.37,2714916.08,41,261,259,8,16
1402,Rio de Janeiro,RJ,residencial_popular,Estrutural Engenharia,4404.0,7981964.47,496980.79,8413330.41,4526544.78,2768828.74,4811058.43,121,931,854,28,16
1403,Ribeirao Preto,SP,industrial,Vertice Engenharia,3467.0,23238740.8,510100.01,22743169.6,14032018.63,8199984.38,14557135.78,114,620,591,19,18
1404,Sao Paulo,SP,comercial,Obras & Cia,2440.0,9197957.89,824048.28,9233023.7,5033560.67,3184436.86,5409780.48,95,352,392,13,20
1405,Sao Paulo,SP,industrial,Construtora Horizonte,4949.0,23140931.94,1053445.45,23634643.3,11437842.08,7475065.35,12011632.11,160,785,710,23,6
1406,Curitiba,PR,residencial_padrao,Alfa Construcoes,1800.0,4910069.56,307214.6,5376855.9,3047430.0,1905808.79,3299923.66,57,298,312,10,13
1407,Campinas,SP,residencial_popular,Construtora Planalto,3092.0,5592196.99,376853.21,6112629.0,3123214.73,2099400.75,3251708.74,84,718,805,26,12
1408,Uberlandia,MG,comercial,Engenharia Vale Verde,2909.0,16987542.51,752636.47,18399501.54,10148462.25,6669130.52,10677184.53,74,533,517,17,12
1409,Rio de Janeiro,RJ,comercial,Construtora Horizonte,2669.0,13337506.55,97312.24,13041512.45,6789959.76,4002607.33,7543042.28,73,418,394,13,14
1410,Belo Horizonte,MG,comercial,Construtora Serrana,5104.0,31227710.25,1751442.27,46044728.23,23707958.94,12729179.53,25634720.4,148,846,833,27,18
1411,Salvador,BA,residencial_padrao,Estrutural Engenharia,2617.0,9091341.27,368223.62,9392884.61,5170059.8,3511630.06,5683936.82,69,393,406,13,12
1412,Sao Paulo,SP,residencial_popular,Construtora Atlantica,1464.0,2515126.52,128118.0,2602766.57,1585786.09,948435.57,1730402.25,40,241,234,7,15
1413,Ribeirao Preto,SP,residencial_padrao,Construtora Atlantica,1505.0,4450605.02,189878.39,4698045.76,2670622.93,1562384.19,2841719.29,44,406,410,13,19
1414,Goiania,GO,industrial,Engenharia Vale Verde,6586.0,35007542.78,3064006.51,61679234.72,37938233.95,12712305.44,39888213.86,157,1008,987,32,12
1415,Curitiba,PR,industrial,Vertice Engenharia,2182.0,8934157.58,338047.09,8860459.63,5446092.77,3148153.46,5570507.39,69,486,467,15,19
1416,Goiania,GO,comercial,Construtora Serrana,2847.0,11950648.16,1184784.93,13947110.6,7565610.87,5766696.41,8260176.2,108,520,518,17,14
1417,Sao Paulo,SP,comercial,Construtora Planalto,13335.0,49952116.41,1407485.59,63473031.67,28766941.14,37211739.68,29303609.52,943,2080,2238,74,17
1418,Sao Paulo,SP,industrial,Delta Obras,3089.0,15276394.61,62867.25,15238192.47,8534817.63,5114699.56,8721969.15,106,660,680,22,9
1419,Contagem,MG,residencial_popular,Alfa Construcoes,2448.0,3588818.61,278349.99,3953045.62,2087298.69,1331738.3,2225316.92,77,455,521,17,18
1420,Contagem,MG,industrial,Construtora Serrana,1109.0,8005263.26,533293.55,8797475.24,4974853.23,3092028.78,5182507.2,30,192,214,7,8
1421,Sao Paulo,SP,residencial_popular,Delta Obras,8287.0,13619517.8,877921.39,14113584.29,7952070.81,4628014.4,8305394.61,211,1523,1695,56,18
1422,Sao Paulo,SP,residencial_popular,Construtora Planalto,15073.0,31105146.6,2022494.81,32257122.11,17616183.24,12670268.84,19400456.65,355,2274,2159,71,16
1423,Salvador,BA,residencial_popular,Alfa Construcoes,1417.0,2635321.96,22663.5,2730020.36,1555798.88,999044.34,1587631.18,41,295,262,8,17
1424,Campinas,SP,comercial,Beta Engenharia,5188.0,21096887.2,86150.4,20762878.36,9886552.76,7343815.17,10241220.81,158,684,634,21,16
1425,Curitiba,PR,residencial_padrao,Alfa Construcoes,4694.0,15651176.3,1212500.69,16385647.59,8510320.02,6190784.66,9387937.68,125,888,956,31,24
1426,Sao Paulo,SP,industrial,Vertice Engenharia,2059.0,12276010.34,1144703.65,13580686.88,7053054.4,4423426.31,7614819.83,50,285,340,11,15
1427,Sao Paulo,SP,residencial_padrao,Delta Obras,5858.0,20625321.93,1711874.18,21644540.43,12330401.36,7460478.29,12937144.67,145,886,1024,34,7
1428,Contagem,MG,residencial_padrao,Alfa Construcoes,1390.0,4038362.78,179949.46,4221058.13,2596432.62,1733494.37,2662826.97,36,215,232,7,16
1429,Campinas,SP,industrial,Alfa Construcoes,6931.0,48463075.87,536461.45,50169236.26,29383867.57,18033282.74,31850429.66,192,1125,1192,39,6
1430,Rio de Janeiro,RJ,residencial_padrao,Construtora Planalto,1647.0,6333222.65,432492.39,6759660.18,3565097.95,2425941.24,3849389.85,53,274,306,10,7
1431,Belo Horizonte,MG,residencial_popular,Construtora Atlantica,2405.0,4248534.8,60829.99,5211637.82,2712889.85,2948269.3,2872275.74,132,432,516,17,15
1432,Salvador,BA,industrial,Beta Engenharia,3476.0,20650680.97,353549.86,21051989.13,12334243.77,7359915.54,12833796.87,103,511,586,19,12
1433,Rio de Janeiro,RJ,residencial_padrao,Engenharia Mineira,3604.0,14010151.5,154336.66,13632532.78,7353892.06,4390791.97,7662568.92,83,741,682,22,11
1434,Contagem,MG,residencial_popular,Construtora Atlantica,3710.0,7768448.21,266564.69,8321461.88,4472920.46,3095124.72,4518979.18,105,599,684,22,8
1435,Curitiba,PR,industrial,Construtora Horizonte,1733.0,11186422.18,669431.97,12313669.23,6508991.05,4652311.04,7100183.49,64,267,300,10,13
1436,Belo Horizonte,MG,industrial,Beta Engenharia,1636.0,9553395.35,839747.16,10616243.18,5572834.83,3497653.91,5868013.76,40,208,193,6,16
1437,Salvador,BA,residencial_padrao,Vertice Engenharia,4961.0,13779946.23,215194.84,13747733.21,7519350.76,4945003.65,8004431.91,141,1005,1113,37,14
1438,Salvador,BA,residencial_popular,Construtora Planalto,1338.0,2397018.3,167369.95,2576769.79,1396643.26,834588.91,1540124.6,44,246,269,8,7
1439,Salvador,BA,comercial,Construtora Planalto,4073.0,20892297.71,1221391.33,22006797.98,11167878.93,7609900.93,11399533.24,108,612,714,23,16
1440,Belo Horizonte,MG,residencial_padrao,Beta Engenharia,2347.0,8010668.57,445838.18,8524797.89,4326780.88,2758208.33,4625598.23,59,450,496,16,12
1441,Campinas,SP,industrial,Construtora Planalto,6054.0,40723674.94,3403005.72,46653538.14,24345907.51,14948901.68,25035781.23,179,1470,1519,50,12
1442,Curitiba,PR,residencial_padrao,Construtora Planalto,2208.0,7651785.1,322349.48,7790279.95,4131022.09,2206511.92,4202406.98,70,364,354,11,12
1443,Uberlandia,MG,industrial,Engenharia Mineira,3247.0,20726065.76,1624823.2,22359177.43,10919262.6,7409862.48,11331801.07,98,535,622,20,18
1444,Sao Paulo,SP,residencial_popular,Construtora Serrana,4106.0,6563371.74,524719.11,7053987.93,3481861.57,2565225.61,3678617.58,121,687,681,22,17
1445,Salvador,BA,residencial_padrao,Beta Engenharia,3240.0,10888712.93,906249.59,11478521.48,5298511.02,4211954.7,5370749.33,90,514,564,18,10
1446,Curitiba,PR,residencial_padrao,Construtora Serrana,7024.0,25597530.84,443627.63,25255934.43,14616742.36,8719847.84,15593372.4,220,1198,1273,42,15
1447,Belo Horizonte,MG,residencial_padrao,Engenharia Vale Verde,2231.0,5790609.57,433993.23,6301512.05,4093274.23,2290112.03,4135354.06,71,348,402,13,10
1448,Curitiba,PR,industrial,Construtora Planalto,4593.0,26137656.16,2193742.82,28859380.86,17171096.08,10029277.15,18238403.38,140,862,975,32,16
1449,Ribeirao Preto,SP,comercial,Estrutural Engenharia,6317.0,23762092.68,238403.45,24114210.49,12718497.04,9006515.25,13282918.8,210,1043,1109,36,18
1450,Salvador,BA,residencial_padrao,Beta Engenharia,3499.0,10900434.23,742126.19,11743444.96,6302413.43,4705535.9,6871303.73,91,555,578,19,9
1451,Belo Horizonte,MG,residencial_padrao,Construtora Planalto,3136.0,10359008.98,704475.65,11369278.3,5938331.37,3746265.1,6493717.97,80,551,573,19,14
1452,Curitiba,PR,residencial_padrao,Alfa Construcoes,10588.0,34785714.11,1715663.88,34654616.28,18387878.03,13406639.07,19529203.72,811,1619,1948,64,7
1453,Rio de Janeiro,RJ,residencial_popular,Construtora Serrana,745.0,1515702.3,132751.97,1532239.67,870075.42,589184.75,923077.47,19,131,118,3,17
1454,Salvador,BA,residencial_padrao,Construtora Atlantica,1103.0,2777682.16,67655.6,3377686.72,1494937.7,2227751.86,1505540.4,79,170,171,5,14
1455,Uberlandia,MG,industrial,Engenharia Vale Verde,2525.0,15166782.35,787726.45,16135852.65,9032360.91,5519586.1,9561529.44,63,426,458,15,14
1456,Curitiba,PR,residencial_padrao,Construtora Atlantica,2258.0,7617963.87,575119.81,8118378.81,4358548.83,2717679.02,4361277.13,61,365,408,13,12
1457,Sao Paulo,SP,comercial,Construtora Serrana,2465.0,9582498.31,810219.34,9852112.67,6022646.88,3853476.75,6432321.5,80,330,337,11,13
1458,Rio de Janeiro,RJ,residencial_padrao,Construtora Atlantica,8960.0,29674848.15,1630537.2,30730801.72,14631554.01,10498936.46,15865547.09,235,1489,1444,48,15
1459,Rio de Janeiro,RJ,residencial_padrao,Engenharia Mineira,3697.0,12107788.96,1139759.42,13592189.37,5772926.42,4913377.62,6506721.13,134,636,667,22,13
1460,Goiania,GO,comercial,Construtora Atlantica,3217.0,16271878.08,410785.61,18274121.99,10161396.39,6503000.96,10148043.89,99,465,438,14,6
1461,Uberlandia,MG,comercial,Engenharia Vale Verde,5916.0,26797509.14,775563.15,26035745.62,14790651.02,9629014.68,14739594.06,145,894,1019,33,17
1462,Sao Paulo,SP,residencial_popular,Alfa Construcoes,4602.0,6191119.19,304912.53,6352597.8,3460940.98,2297379.56,3667699.15,113,665,651,21,15
1463,Ribeirao Preto,SP,residencial_popular,Construtora Atlantica,2713.0,5101655.0,59487.36,5534485.57,3169358.29,1838162.61,3511081.96,81,444,448,14,21
1464,Goiania,GO,residencial_padrao,Engenharia Mineira,5442.0,18847348.02,251952.34,19735531.08,12858474.68,7095363.79,13546439.11,151,772,773,25,13
1465,Curitiba,PR,comercial,Construtora Atlantica,1649.0,6822803.46,6368.8,7191613.5,4109573.55,2320285.24,4225301.55,39,238,250,8,13
1466,Salvador,BA,residencial_popular,Construtora Planalto,3626.0,8586965.38,474568.39,8850687.43,5013159.89,2972943.59,5054150.12,94,525,538,17,13
1467,Goiania,GO,residencial_popular,Construtora Horizonte,2766.0,4589922.26,306344.71,5174203.88,2942361.29,1899822.03,3167457.78,71,487,521,17,13
1468,Ribeirao Preto,SP,industrial,Engenharia Vale Verde,2462.0,11826539.89,17071.38,11771032.62,5584002.61,4299132.51,6024916.93,51,432,434,14,10
1469,Rio de Janeiro,RJ,residencial_popular,Estrutural Engenharia,3298.0,5267486.17,282045.19,5220111.34,3064492.83,1706348.02,3214531.35,118,595,611,20,14
1470,Ribeirao Preto,SP,residencial_popular,Beta Engenharia,4300.0,8774326.88,321308.36,9251090.89,5074516.73,3517943.39,5491592.67,112,889,873,29,13
1471,Salvador,BA,industrial,Engenharia Mineira,2949.0,20711363.04,1689904.44,23207155.63,13883022.3,7400534.1,14778186.6,92,630,647,21,20
1472,Curitiba,PR,residencial_padrao,Engenharia Vale Verde,3257.0,14010022.11,14202.76,14033682.93,7000343.42,5379347.59,7244909.14,102,463,529,17,19
1473,Ribeirao Preto,SP,industrial,Construtora Atlantica,2906.0,17279456.81,1449119.41,19601457.85,11069450.18,8021832.58,11920866.16,85,436,517,17,22
1474,Salvador,BA,industrial,Construtora Serrana,2675.0,17436887.33,383788.63,18052577.73,10257136.63,6346238.12,10669096.76,78,437,518,17,14
1475,Campinas,SP,industrial,Engenharia Mineira,1934.0,12851368.03,1091165.51,14622022.01,8161056.13,5369654.33,8531514.95,51,309,325,10,15
1476,Campinas,SP,industrial,Beta Engenharia,2641.0,19904228.77,1731719.42,20854219.56,10419209.2,6700156.59,10907884.15,66,408,434,14,17
1477,Uberlandia,MG,residencial_popular,Estrutural Engenharia,2638.0,4735147.65,169391.23,4733668.15,2391152.62,1765294.9,2528310.68,69,582,542,18,17
1478,Campinas,SP,comercial,Engenharia Vale Verde,1198.0,6098229.03,40464.28,6331860.26,4295068.21,1784347.8,4599422.39,46,188,194,6,15
1479,Ribeirao Preto,SP,residencial_popular,Engenharia Mineira,4404.0,6332558.02,528870.86,6777187.62,3347201.28,2696291.25,3507799.06,98,631,622,20,14
1480,Contagem,MG,residencial_padrao,Alfa Construcoes,3710.0,12166320.53,470478.14,12617632.3,7598132.29,4417573.89,7888001.66,115,667,625,20,11
1481,Contagem,MG,industrial,Beta Engenharia,2688.0,17832112.71,208004.31,18347689.1,9972811.03,6156691.83,10525591.97,82,624,701,23,15
1482,Uberlandia,MG,industrial,Engenharia Vale Verde,1429.0,8861948.41,84967.95,9001447.76,4452922.01,3211298.01,4668442.15,36,220,178,5,17
1483,Contagem,MG,residencial_padrao,Obras & Cia,1464.0,4560633.72,192694.56,4519359.77,2613017.25,1685270.01,2747350.6,47,280,316,10,8
1484,Ribeirao Preto,SP,residencial_popular,Beta Engenharia,2841.0,3900630.71,179508.78,3920584.9,2252546.26,1215019.44,2398869.58,80,517,578,19,6
1485,Ribeirao Preto,SP,industrial,Obras & Cia,6699.0,48875561.18,2105544.15,50519704.75,26501015.32,17222785.01,28258409.41,216,1014,1237,41,14
1486,Rio de Janeiro,RJ,comercial,Estrutural Engenharia,4395.0,19593690.88,381760.54,19655663.87,11463673.42,6786138.09,11784941.47,133,871,1053,35,14
1487,Campinas,SP,comercial,Delta Obras,4067.0,20136367.16,296334.6,19787889.94,10698219.39,7579469.78,11066003.27,132,664,723,24,21
1488,Uberlandia,MG,residencial_padrao,Construtora Planalto,4271.0,11451162.09,499681.7,14517988.61,5743128.21,9852496.93,6080258.47,341,1087,1320,44,11
1489,Contagem,MG,comercial,Delta Obras,1444.0,5676824.91,278127.86,6019645.88,3045638.19,1913103.63,3072514.65,37,219,261,8,12
1490,Rio de Janeiro,RJ,industrial,Construtora Horizonte,2521.0,13948791.87,232998.12,25170333.21,14841502.42,4745551.95,16028140.45,72,439,436,14,12
1491,Sao Paulo,SP,residencial_popular,Construtora Serrana,3476.0,6408537.7,417122.7,7326522.98,4412035.21,2405796.7,4596420.99,102,568,564,18,16
1492,Goiania,GO,residencial_padrao,Alfa Construcoes,1696.0,5058453.39,14199.08,5376778.16,3172666.72,2034194.71,3306137.73,50,350,389,12,16
1493,Uberlandia,MG,residencial_popular,Obras & Cia,3659.0,6393343.52,171610.91,6598444.66,3864550.03,2018421.54,4143113.3,104,710,627,20,14
1494,Curitiba,PR,comercial,Construtora Atlantica,3561.0,20915191.52,275404.45,21796628.08,11594732.97,7292324.24,11938803.5,144,506,505,16,11
1495,Goiania,GO,industrial,Engenharia Vale Verde,2691.0,20417002.03,713362.75,20077523.09,10757980.19,6404112.82,11614854.73,73,490,517,17,13
1496,Curitiba,PR,residencial_padrao,Construtora Atlantica,4167.0,8333529.69,315429.6,9189487.49,5541675.98,2707106.42,5766652.65,143,565,604,20,11
1497,Contagem,MG,residencial_padrao,Engenharia Mineira,809.0,2193819.84,83156.1,2334743.41,1102810.06,790463.2,1191355.31,29,130,137,4,21
1498,Contagem,MG,residencial_padrao,Construtora Atlantica,4571.0,11898967.11,588818.68,12687217.95,6865874.14,4267069.81,7180555.32,116,709,701,23,15
1499,Goiania,GO,comercial,Delta Obras,1967.0,9051380.14,470718.18,9504100.12,4607337.73,3728675.98,4730673.59,49,357,356,11,19
1500,Curitiba,PR,residencial_padrao,Construtora Atlantica,4362.0,13391999.75,1172771.9,14275679.4,8367869.32,4699519.4,9159090.61,130,725,805,26,15
1501,Ribeirao Preto,SP,residencial_padrao,Beta Engenharia,2937.0,10579715.03,213329.29,10752169.87,5918117.61,4042144.46,6196296.59,66,499,514,17,14
1502,Ribeirao Preto,SP,residencial_popular,Engenharia Mineira,2286.0,4763926.76,1148.77,4695794.54,2813069.2,1862048.36,3059666.99,74,407,486,16,15
1503,Sao Paulo,SP,industrial,Estrutural Engenharia,4269.0,29484143.75,1575296.18,31263910.4,18353866.36,9854115.24,19278357.28,145,818,822,27,16
1504,Curitiba,PR,residencial_padrao,Beta Engenharia,3059.0,8209948.46,324289.93,8823904.12,4825191.71,3034721.78,5120508.93,123,475,616,20,14
1505,Uberlandia,MG,residencial_popular,Engenharia Mineira,4323.0,9559593.28,549690.99,9455534.99,5413633.74,4039006.51,5785405.46,147,694,657,21,19
1506,Rio de Janeiro,RJ,residencial_popular,Construtora Serrana,1941.0,3228636.08,158471.65,3397620.35,1792692.88,1072435.63,1781665.95,67,318,358,11,12
1507,Uberlandia,MG,industrial,Obras & Cia,2082.0,12046013.63,669723.41,13093685.01,8300092.49,3890729.46,8628901.8,50,429,469,15,19
1508,Belo Horizonte,MG,residencial_popular,Construtora Atlantica,3925.0,8792885.47,305704.03,9081675.07,4801525.98,2927937.46,5182329.84,139,676,715,23,12
1509,Campinas,SP,industrial,Construtora Horizonte,10746.0,63299971.39,4208151.04,69564416.78,38927089.09,27351342.48,41065767.83,318,2349,2162,72,7
1510,Salvador,BA,comercial,Construtora Horizonte,5585.0,25250748.95,1951871.27,26513968.15,15242624.43,8639975.97,15554163.25,136,888,915,30,17
1511,Contagem,MG,residencial_padrao,Estrutural Engenharia,3610.0,10225030.58,748112.41,10782335.41,6601384.07,3712723.98,7091292.01,93,521,512,17,19
1512,Salvador,BA,residencial_popular,Alfa Construcoes,2619.0,4736923.8,39603.23,5692656.97,2923374.19,3219242.66,2986917.92,159,402,490,16,13
1513,Belo Horizonte,MG,residencial_padrao,Engenharia Mineira,2142.0,6992528.0,172492.98,7312252.39,4116351.78,2546662.71,4273963.06,70,325,310,10,17
1514,Goiania,GO,residencial_padrao,Construtora Serrana,1404.0,4153688.89,66428.95,4211219.9,2080442.74,1522606.47,2183839.69,31,242,276,9,9
1515,Ribeirao Preto,SP,residencial_popular,Vertice Engenharia,4276.0,8855308.2,509417.26,9371489.81,4636421.19,3229072.44,4984652.05,130,737,707,23,12
1516,Rio de Janeiro,RJ,residencial_popular,Alfa Construcoes,3092.0,4790816.1,459853.84,4999042.98,2546680.52,1953676.95,2663128.83,69,521,545,18,17
1517,Goiania,GO,residencial_padrao,Construtora Atlantica,3303.0,10496788.93,727401.45,11549022.74,5828241.26,4472522.57,6073788.35,108,536,554,18,21
1518,Contagem,MG,industrial,Construtora Serrana,4677.0,32662224.5,2828529.39,37002088.75,21252049.64,13136834.69,23104700.51,135,776,921,30,21
1519,Curitiba,PR,residencial_popular,Engenharia Vale Verde,2376.0,5145925.06,126016.99,5321853.83,2858501.23,1915606.06,2999564.68,75,389,416,13,13
1520,Ribeirao Preto,SP,comercial,Construtora Serrana,4841.0,20848377.1,126056.74,21023489.73,10523731.64,7782514.98,11096053.73,100,675,747,24,15
1521,Rio de Janeiro,RJ,residencial_popular,Construtora Horizonte,1805.0,2464282.01,83547.03,2544181.8,1185025.0,848918.02,1235473.42,53,329,336,11,21
1522,Rio de Janeiro,RJ,comercial,Engenharia Mineira,2881.0,12907400.5,774159.62,13365873.08,7891491.63,4509732.04,8026902.59,82,472,421,14,14
1523,Curitiba,PR,comercial,Obras & Cia,3735.0,22637299.33,435278.99,24075497.63,15938062.19,8974013.85,16812935.99,93,672,711,23,12
1524,Goiania,GO,industrial,Construtora Planalto,2114.0,13470674.29,1195806.69,13818382.42,6795572.64,4360832.83,6955342.28,57,342,1019,33,18
1525,Ribeirao Preto,SP,residencial_popular,Delta Obras,4041.0,7485628.52,612436.33,8321428.78,4701971.86,3229814.09,4606175.54,120,702,801,26,21
1526,Salvador,BA,residencial_padrao,Construtora Horizonte,1660.0,4459512.21,74383.42,4490614.18,2189907.77,1659265.5,2344038.02,41,293,306,10,14
1527,Sao Paulo,SP,residencial_popular,Construtora Atlantica,723.0,1128432.31,70551.26,1159936.14,625979.47,401590.46,644927.5,20,120,123,4,13
1528,Contagem,MG,residencial_padrao,Engenharia Vale Verde,1249.0,4256216.38,230979.77,4657018.81,2671462.23,1793427.22,2724009.59,37,249,247,8,20
1529,Contagem,MG,industrial,Construtora Planalto,1679.0,9381496.62,7938.17,9554389.97,4582357.94,2884565.85,4878785.1,66,297,315,10,16
1530,Curitiba,PR,residencial_popular,Construtora Planalto,4547.0,8508807.84,679622.94,9198829.21,5200344.32,3693763.35,5583036.15,110,825,831,27,14
1531,Goiania,GO,industrial,Construtora Planalto,1801.0,12857951.82,1054028.66,13784402.95,7935245.55,4916716.99,8503368.18,63,306,319,10,17
1532,Ribeirao Preto,SP,residencial_popular,Alfa Construcoes,1736.0,3098305.17,119019.65,3379839.76,1937695.45,1191210.69,2032697.29,42,314,326,10,10
1533,Sao Paulo,SP,residencial_padrao,Construtora Serrana,9948.0,33590660.74,1954320.96,35422932.66,20204745.95,12131590.46,20891017.95,313,1586,1619,53,13
1534,Campinas,SP,residencial_padrao,Construtora Atlantica,2723.0,8319468.2,4893213.34,13409196.26,5175873.76,3282311.19,5397297.08,84,527,528,17,15
1535,Sao Paulo,SP,residencial_padrao,Alfa Construcoes,3128.0,8650623.18,106840.61,8972741.37,4764735.77,2915144.88,4846615.78,84,440,447,14,14
1536,Goiania,GO,comercial,Obras & Cia,7970.0,49500635.59,3061131.37,52408018.7,27317266.71,17926521.63,28340255.95,204,1348,1317,43,14
1537,Curitiba,PR,comercial,Obras & Cia,1649.0,5520252.45,1875348.88,7285601.29,3047886.69,1892334.53,3250396.3,37,255,236,7,9
1538,Campinas,SP,residencial_padrao,Beta Engenharia,1260.0,4496566.3,147522.55,4852139.6,3022035.32,1662112.04,3212934.81,43,193,194,6,10
1539,Contagem,MG,residencial_popular,Engenharia Mineira,2362.0,4059593.37,228749.48,4187312.8,2593625.4,1299106.31,2849001.3,78,393,397,13,13
1540,Rio de Janeiro,RJ,comercial,Vertice Engenharia,5406.0,22794942.67,906725.2,23145571.37,11812064.31,7304996.3,12247608.2,149,1209,1264,42,21
1541,Campinas,SP,residencial_popular,Beta Engenharia,2225.0,3227989.44,49846.43,3049951.39,1812909.91,1047940.05,2003154.88,84,330,343,11,13
1542,Sao Paulo,SP,industrial,Construtora Horizonte,4180.0,31795650.79,2570517.52,33753871.1,17209259.18,10428098.38,18830315.13,134,581,634,21,16
1543,Belo Horizonte,MG,residencial_padrao,Beta Engenharia,4148.0,13244722.27,1047658.97,14590808.21,7940917.74,4757332.38,8480858.88,119,649,657,21,10
1544,Contagem,MG,comercial,Construtora Serrana,4637.0,19607705.3,1262653.76,21735849.16,11647085.19,7195072.93,12883621.75,133,625,586,19,17
1545,Contagem,MG,comercial,Construtora Planalto,3026.0,13057785.68,944776.34,14457229.29,7506119.38,5018910.18,7603435.7,70,437,457,15,10
1546,Campinas,SP,residencial_popular,Beta Engenharia,1715.0,2331491.9,211961.54,2432459.31,1277253.17,905683.08,1326731.4,46,316,333,11,22
1547,Goiania,GO,residencial_padrao,Engenharia Mineira,3613.0,9016287.56,224288.74,9108286.37,5392299.96,3154241.39,5760849.54,94,640,727,24,11
1548,Salvador,BA,residencial_popular,Engenharia Mineira,3550.0,5979981.21,376259.19,6151310.05,3444132.52,2161112.91,3560528.33,102,581,581,19,14
1549,Curitiba,PR,residencial_padrao,Estrutural Engenharia,9632.0,35413043.92,1386013.86,38093037.32,17935340.99,10409669.37,18617265.4,342,1657,1767,58,18
1550,Goiania,GO,industrial,Engenharia Vale Verde,3002.0,18950900.65,139501.17,19882539.99,10853076.4,8017146.47,11138385.77,77,504,515,17,17
1551,Belo Horizonte,MG,residencial_popular,Engenharia Mineira,788.0,815014.98,27488.25,873598.13,546430.07,305299.97,552561.54,23,131,126,4,21
1552,Uberlandia,MG,residencial_padrao,Engenharia Mineira,2965.0,7760190.31,573114.58,8352381.53,4497201.39,3043902.02,4643039.58,82,611,694,23,14
1553,Sao Paulo,SP,residencial_popular,Beta Engenharia,2696.0,4761001.4,466417.43,5346565.87,2753301.79,1793277.38,2891053.38,75,581,599,19,18
1554,Campinas,SP,residencial_padrao,Delta Obras,3233.0,10162346.46,62832.73,10214029.82,6023856.12,3252808.16,6257374.18,115,478,1405,46,11
1555,Rio de Janeiro,RJ,residencial_popular,Beta Engenharia,2468.0,3699778.67,170860.49,3701089.66,1877669.49,1446090.22,1930256.35,66,462,513,17,10
1556,Rio de Janeiro,RJ,industrial,Obras & Cia,9546.0,62692235.82,1135477.94,65139467.03,41397888.68,19614204.67,42421473.78,282,1684,1723,57,9
1557,Contagem,MG,industrial,Construtora Serrana,1464.0,8520199.6,289228.37,8801450.63,4495994.27,2724398.65,4689771.73,46,237,222,7,18
1558,Uberlandia,MG,residencial_padrao,Vertice Engenharia,6127.0,18399332.14,977646.22,19058558.24,10335435.88,6618485.59,10594638.98,246,1103,1189,39,15
1559,Contagem,MG,industrial,Vertice Engenharia,7925.0,52965948.12,5284716.21,59590617.69,36850597.84,24165521.53,39744657.89,205,1357,1420,47,13
1560,Sao Paulo,SP,residencial_popular,Delta Obras,2709.0,3281161.2,233414.0,3491328.96,1983854.17,1374653.52,2100919.03,64,541,671,22,19
1561,Sao Paulo,SP,comercial,Estrutural Engenharia,6079.0,22382607.97,1250026.52,24656577.74,11719705.18,9044371.33,12492798.87,135,1284,1513,50,12
1562,Uberlandia,MG,residencial_popular,Vertice Engenharia,1730.0,3288523.42,262438.22,3629823.28,1900144.82,1138345.2,1965064.65,47,299,314,10,17
1563,Uberlandia,MG,comercial,Obras & Cia,2553.0,9622370.84,5514.49,9763826.14,4799613.66,3156466.81,4936039.77,75,473,523,17,8
1564,Belo Horizonte,MG,residencial_popular,Construtora Horizonte,2730.0,3921205.56,63898.89,3937158.4,2103498.07,1395944.88,2166924.08,64,427,420,14,15
1565,Campinas,SP,residencial_padrao,Construtora Atlantica,5472.0,16032018.31,600079.88,15883090.88,8762291.12,6269802.4,9539740.68,152,945,1030,34,14
1566,Rio de Janeiro,RJ,residencial_padrao,Engenharia Mineira,2434.0,7285383.6,438168.96,7852510.97,4061315.15,3007075.48,4106850.41,68,351,308,10,23
1567,Uberlandia,MG,comercial,Engenharia Mineira,3199.0,15675146.25,164711.71,15970006.44,9420633.07,5838189.13,10389323.18,85,422,473,15,7
1568,Rio de Janeiro,RJ,industrial,Construtora Planalto,6297.0,37933846.48,1828638.62,38941216.13,22392359.01,13333639.21,24572705.1,169,933,818,27,14
1569,Belo Horizonte,MG,industrial,Alfa Construcoes,3334.0,22888048.34,1224078.68,24147417.85,14422022.87,6800862.58,15398112.81,100,632,680,22,19
1570,Belo Horizonte,MG,residencial_padrao,Estrutural Engenharia,4619.0,16585122.53,37159.74,16276664.85,8538586.01,6105956.44,8954719.08,155,992,1107,36,12
1571,Sao Paulo,SP,industrial,Construtora Horizonte,5541.0,26718524.53,2022172.94,28593521.41,16160764.22,11070690.93,16324253.71,146,811,839,27,14
1572,Salvador,BA,residencial_popular,Alfa Construcoes,3989.0,7739937.0,444482.5,8427562.19,5028484.71,2996693.52,5054508.83,115,648,621,20,13
1573,Belo Horizonte,MG,industrial,Construtora Horizonte,4039.0,24837264.17,10553621.21,35664718.15,14375124.87,9592147.24,14925031.28,130,750,755,25,15
1574,Sao Paulo,SP,residencial_popular,Alfa Construcoes,2412.0,4129703.83,255219.46,4283536.17,2260341.16,1922517.96,2401907.23,85,361,352,11,18
1575,Campinas,SP,residencial_padrao,Construtora Serrana,2393.0,9390429.3,327978.98,10002085.54,5675151.2,3367368.77,6062994.62,58,391,466,15,18
1576,Sao Paulo,SP,comercial,Vertice Engenharia,3193.0,11571856.19,152913.94,11802570.95,6294979.06,4250463.54,6613751.92,82,488,518,17,9
1577,Curitiba,PR,industrial,Delta Obras,2777.0,16459840.49,60661.32,16278437.64,9958534.81,6374332.26,10589226.77,80,427,450,15,14
1578,Rio de Janeiro,RJ,residencial_padrao,Engenharia Mineira,3382.0,11133203.83,916677.49,11826065.51,6840260.79,3817579.96,7064778.67,104,657,743,24,11
1579,Goiania,GO,residencial_padrao,Engenharia Mineira,5584.0,16435039.79,239776.09,16168553.96,9431409.34,6069708.91,10112058.85,148,921,928,30,11
1580,Uberlandia,MG,comercial,Alfa Construcoes,2108.0,9544775.76,32891.43,9253498.39,5155179.98,3123381.62,5265624.04,76,443,451,15,14
1581,Rio de Janeiro,RJ,industrial,Beta Engenharia,4127.0,24518540.48,787794.08,25167470.51,13049718.39,8894776.2,13207877.91,109,786,883,29,13
1582,Curitiba,PR,residencial_padrao,Obras & Cia,2124.0,7160897.62,598341.82,8147187.97,4494434.1,3300689.56,4680099.46,52,404,437,14,5
1583,Uberlandia,MG,residencial_popular,Obras & Cia,3764.0,5540195.04,89486.3,5782773.45,3064564.55,1855873.64,3174197.51,124,635,671,22,13
1584,Belo Horizonte,MG,industrial,Delta Obras,5977.0,30260861.78,2663125.29,34092563.49,20293744.54,11502567.15,21646365.06,161,1073,1179,39,22
1585,Rio de Janeiro,RJ,residencial_padrao,Beta Engenharia,3957.0,13859272.76,1324695.91,15393609.78,7840421.37,5115348.74,8740958.47,117,731,834,27,11
1586,Salvador,BA,comercial,Engenharia Mineira,3045.0,10373955.9,186932.64,10435277.58,6382153.78,3462575.28,6902534.04,69,572,591,19,16
1587,Belo Horizonte,MG,industrial,Delta Obras,3412.0,19781314.78,1796810.31,27126890.74,11946993.44,18390285.65,12329717.88,314,577,603,20,13
1588,Belo Horizonte,MG,residencial_popular,Alfa Construcoes,2069.0,3579407.33,266227.79,4033594.15,2221520.02,1433148.47,2300390.82,59,411,425,14,11
1589,Salvador,BA,industrial,Engenharia Mineira,829.0,4132396.81,350541.12,4594616.58,2769458.32,1799397.22,2963845.55,25,160,182,6,15
1590,Goiania,GO,residencial_popular,Delta Obras,7994.0,14075851.61,83275.06,14879836.87,7575057.16,4991442.14,7719063.72,277,1223,1264,42,15
1591,Salvador,BA,comercial,Alfa Construcoes,1178.0,6362067.25,248934.49,6716592.92,3860889.12,2627020.0,4041788.29,48,194,206,6,10
1592,Sao Paulo,SP,comercial,Alfa Construcoes,1523.0,7569370.05,231127.65,7705398.9,4095395.21,2982485.28,4295137.93,43,269,292,9,20
1593,Rio de Janeiro,RJ,comercial,Obras & Cia,4202.0,20692165.53,665375.43,27541409.75,14921949.69,6825809.86,15191498.13,163,853,878,29,14
1594,Belo Horizonte,MG,industrial,Construtora Planalto,2400.0,16755638.95,1089335.36,18217754.51,10167848.92,5609936.5,10648587.41,83,405,401,13,16
1595,Goiania,GO,comercial,Construtora Serrana,3003.0,14716774.8,1163581.01,15516298.13,8544981.15,5516422.73,9368835.15,108,569,725,24,13
1596,Goiania,GO,industrial,Construtora Horizonte,747.0,4643970.99,138984.01,4652141.8,2471083.01,1757158.73,2464889.33,26,128,126,4,13
1597,Belo Horizonte,MG,industrial,Vertice Engenharia,3318.0,19462360.16,627933.07,20211075.77,11283188.82,6196933.69,12014088.37,99,565,640,21,12
1598,Rio de Janeiro,RJ,comercial,Alfa Construcoes,4343.0,16562314.67,1228740.35,18366863.36,10183606.62,6017793.97,11051319.87,141,767,837,27,10
1599,Campinas,SP,comercial,Engenharia Mineira,5139.0,23884928.68,1378099.45,26122174.98,14375281.92,7311538.23,14617172.36,132,1079,1104,36,16
1600,Sao Paulo,SP,residencial_popular,Construtora Planalto,2161.0,3861466.17,24627.47,3868111.11,2289808.57,1261103.57,2412553.36,58,380,424,14,15
1601,Contagem,MG,comercial,Estrutural Engenharia,3285.0,15648042.31,862261.47,16197876.81,9702137.18,5978074.48,9889495.59,91,801,804,26,18
1602,Rio de Janeiro,RJ,residencial_padrao,Construtora Planalto,660.0,1995500.68,186648.9,2212609.54,1302107.94,760456.79,1360742.28,23,120,113,3,7
1603,Rio de Janeiro,RJ,comercial,Obras & Cia,6338.0,27320628.17,65036.42,26963791.51,12898883.56,10194561.8,12703259.81,196,1064,1136,37,12
1604,Contagem,MG,residencial_padrao,Beta Engenharia,2050.0,5846821.25,65124.88,5696703.5,3201770.51,2020899.36,3454113.74,59,309,320,10,16
1605,Rio de Janeiro,RJ,comercial,Delta Obras,797.0,3797133.39,165107.61,4018762.65,2125936.29,1586172.13,2202902.98,21,123,146,4,13
1606,Campinas,SP,residencial_padrao,Delta Obras,6478.0,21958054.94,876615.45,24969737.81,14058007.07,7763849.51,14678287.01,215,1139,1159,38,12
1607,Uberlandia,MG,residencial_popular,Construtora Serrana,6609.0,12389971.68,491477.9,13174233.79,7494066.6,4719942.25,8022772.57,185,1011,1122,37,15
1608,Curitiba,PR,residencial_popular,Obras & Cia,2347.0,4454203.26,128205.46,4498611.42,2328873.12,1526758.71,2410927.46,84,428,458,15,20
1609,Ribeirao Preto,SP,comercial,Construtora Horizonte,813.0,4023465.94,141401.74,4221478.24,2319426.16,1453114.59,2428283.62,23,120,125,4,19
1610,Rio de Janeiro,RJ,industrial,Delta Obras,1220.0,8546062.66,814116.95,9561159.69,4886696.16,3006485.43,5420771.31,40,176,186,6,13
1611,Campinas,SP,residencial_popular,Engenharia Mineira,1555.0,2793652.98,269625.06,3026937.41,1776848.53,1082510.67,1786683.18,39,259,260,8,17
1612,Rio de Janeiro,RJ,industrial,Engenharia Vale Verde,7509.0,44937169.73,1705595.25,46075908.22,27516469.25,15401040.26,27616920.99,237,1063,1186,39,13
1613,Rio de Janeiro,RJ,comercial,Construtora Serrana,4333.0,18689907.8,248469.43,19125479.53,9882604.27,6696502.68,10468201.95,163,740,759,25,19
1614,Campinas,SP,comercial,Obras & Cia,2343.0,12118112.39,306665.96,13094260.69,7548691.17,4421844.24,7980399.01,70,350,330,11,11
1615,Sao Paulo,SP,comercial,Engenharia Vale Verde,5502.0,16278338.15,549469.19,16757062.33,7953655.88,4355967.6,7986412.36,157,925,1018,33,12
1616,Uberlandia,MG,comercial,Construtora Horizonte,3031.0,14129130.64,303771.14,14823216.53,7784325.14,4801365.52,8046876.84,75,514,511,17,18
1617,Contagem,MG,residencial_padrao,Alfa Construcoes,3310.0,12429808.35,761790.0,12951917.66,7137353.26,4034828.81,7450338.56,103,582,576,19,13
1618,Belo Horizonte,MG,industrial,Vertice Engenharia,1174.0,6255649.01,77383.62,6379401.87,3637105.58,2281889.38,3733044.67,32,208,199,6,17
1619,Belo Horizonte,MG,residencial_padrao,Construtora Horizonte,4791.0,14019630.84,307514.48,14114996.58,8132214.88,4723902.89,8484181.49,209,831,878,29,13
1620,Ribeirao Preto,SP,residencial_padrao,Alfa Construcoes,2249.0,6281023.68,225471.55,6707821.76,4085876.92,2206713.86,4201547.17,76,319,363,12,14
1621,Uberlandia,MG,residencial_popular,Construtora Serrana,1551.0,2857961.57,117442.08,4060746.87,2181220.46,1112340.03,2276048.41,36,237,228,7,13
1622,Sao Paulo,SP,comercial,Construtora Atlantica,1835.0,10192944.26,197510.18,10726617.67,5712359.63,3746065.49,6094261.33,57,284,251,8,16
1623,Contagem,MG,industrial,Construtora Planalto,2661.0,18011826.53,412194.35,17706362.63,8910079.37,5831410.61,9405359.28,107,444,477,15,13
1624,Contagem,MG,industrial,Delta Obras,2274.0,9681394.86,858482.83,10238518.76,5394330.45,3730647.23,5893413.91,65,352,328,10,15
1625,Contagem,MG,industrial,Beta Engenharia,5512.0,30390893.59,488590.46,38504456.3,17405905.19,22147009.73,19608605.05,510,926,997,33,16
1626,Belo Horizonte,MG,comercial,Alfa Construcoes,2651.0,9858661.54,944807.6,10732169.19,6158947.63,3648512.68,6401345.89,81,556,576,19,13
1627,Goiania,GO,industrial,Vertice Engenharia,1639.0,8982650.2,770064.88,9935025.89,5107223.07,3907206.37,5229376.34,43,241,250,8,9
1628,Contagem,MG,residencial_popular,Construtora Planalto,1587.0,3012136.56,83755.01,3130918.41,1781064.87,1008124.03,1817993.74,41,288,239,7,17
1629,Ribeirao Preto,SP,industrial,Obras & Cia,3765.0,27309576.84,6168.08,28131747.48,15645525.01,11185826.45,15929284.56,107,575,594,19,19
1630,Campinas,SP,residencial_popular,Delta Obras,8614.0,16112642.04,1175464.02,17906158.33,8998061.3,5562369.02,9787124.4,236,1480,1555,51,5
1631,Curitiba,PR,residencial_popular,Delta Obras,2046.0,4152393.64,347601.24,4577846.62,2590229.6,1396607.6,2765638.12,53,292,356,11,8
1632,Ribeirao Preto,SP,residencial_padrao,Delta Obras,3249.0,10416394.19,946719.04,11713416.77,5926326.28,3733843.18,6040545.8,97,647,676,22,14
1633,Uberlandia,MG,comercial,Alfa Construcoes,4614.0,20570825.19,1932347.85,22371495.82,12282671.67,7452315.01,12894208.74,119,813,887,29,11
1634,Campinas,SP,residencial_padrao,Estrutural Engenharia,4563.0,14726806.18,357165.59,14561734.02,7149125.97,4827411.16,7209619.53,162,702,736,24,13
1635,Goiania,GO,industrial,Vertice Engenharia,2211.0,16550069.61,168881.87,16055810.71,9341945.41,5515609.81,10380426.06,68,331,376,12,12
1636,Campinas,SP,residencial_padrao,Alfa Construcoes,3974.0,10194205.96,763254.56,10123675.57,5809121.7,3463766.84,6071319.24,149,775,784,26,12
1637,Rio de Janeiro,RJ,industrial,Beta Engenharia,3991.0,32098221.39,407217.67,33593138.66,17360970.64,10069597.42,18045530.22,147,663,654,21,7
1638,Uberlandia,MG,industrial,Vertice Engenharia,1314.0,8946177.96,624903.38,9884103.37,5146299.04,3299047.52,5456852.2,34,198,206,6,17
1639,Sao Paulo,SP,industrial,Engenharia Mineira,3295.0,19346947.37,625802.98,20331765.03,11216769.4,6863831.55,12207580.19,118,450,471,15,16
1640,Goiania,GO,residencial_popular,Construtora Atlantica,2780.0,5236647.71,300655.22,5504405.84,2544678.05,1671964.15,2828563.83,94,389,379,12,14
1641,Ribeirao Preto,SP,residencial_popular,Engenharia Mineira,1978.0,4347750.38,165818.83,4575971.68,2467801.94,1692018.65,2708076.47,57,267,267,8,18
1642,Ribeirao Preto,SP,residencial_popular,Alfa Construcoes,3317.0,5976708.2,341668.93,6386236.96,3549799.92,2221276.21,3719986.83,96,581,1665,55,12
1643,Salvador,BA,residencial_popular,Construtora Serrana,3492.0,5055252.08,405266.82,5377670.47,3396642.81,1669207.19,3609876.13,96,557,639,21,19
1644,Contagem,MG,industrial,Beta Engenharia,1174.0,7148701.67,423995.44,7530354.58,3634037.11,2727089.06,3630777.16,32,233,228,7,19
1645,Curitiba,PR,residencial_popular,Obras & Cia,5295.0,11595688.79,72960.89,12193378.94,5991579.78,4540607.15,6202482.6,174,815,917,30,18
1646,Contagem,MG,residencial_popular,Construtora Serrana,3879.0,7276775.21,690830.15,8016366.98,4679244.42,2414399.6,4894778.82,138,623,735,24,13
1647,Sao Paulo,SP,residencial_popular,Engenharia Mineira,4351.0,5582634.38,33015.88,5677060.03,2464526.5,1820609.0,2669145.63,108,690,773,25,15
1648,Belo Horizonte,MG,residencial_popular,Engenharia Mineira,3159.0,5186785.49,432247.33,7187044.22,3555846.38,4371735.43,3631894.48,209,490,527,17,12
1649,Salvador,BA,residencial_padrao,Construtora Planalto,1733.0,6040073.53,117544.91,6458919.12,3735457.5,1992830.73,3944343.92,37,326,340,11,20
1650,Campinas,SP,industrial,Construtora Atlantica,2066.0,10555648.09,498754.47,10657810.85,5777911.33,3709244.34,6246382.56,54,324,329,10,19
1651,Curitiba,PR,comercial,Alfa Construcoes,4998.0,24871618.18,1141914.73,26091317.7,12995706.53,8632979.26,13562172.39,154,834,994,33,19
1652,Sao Paulo,SP,residencial_popular,Vertice Engenharia,5818.0,10401050.56,124222.96,10750229.18,6353680.73,2980208.07,6514196.06,168,883,890,29,11
1653,Salvador,BA,residencial_popular,Alfa Construcoes,2359.0,4565876.73,2306227.32,6670744.55,2762907.16,1702740.17,2977512.3,72,439,508,16,8
1654,Rio de Janeiro,RJ,industrial,Construtora Horizonte,4583.0,24661000.33,472928.86,24975543.38,12442776.07,8020875.28,13305583.41,119,888,980,32,16
1655,Campinas,SP,comercial,Obras & Cia,3962.0,20764868.69,1395064.82,22811388.43,11371826.46,7900671.15,11927118.62,117,623,685,22,16
1656,Goiania,GO,residencial_padrao,Obras & Cia,5159.0,17320722.22,1378932.32,18590997.84,8928661.59,6526576.49,9321956.65,160,709,678,22,17
1657,Goiania,GO,industrial,Vertice Engenharia,5108.0,30503009.91,1019794.51,30234723.83,16131372.03,9959015.02,16589722.27,153,863,939,31,10
1658,Goiania,GO,residencial_popular,Delta Obras,2703.0,6106363.32,3290884.73,9084911.96,3479627.8,2249461.13,3640547.22,93,364,351,11,17
1659,Belo Horizonte,MG,residencial_padrao,Obras & Cia,4026.0,15975514.5,1120524.39,16809510.53,9988878.34,5565074.5,10537335.09,141,778,820,27,16
1660,Ribeirao Preto,SP,comercial,Engenharia Mineira,1979.0,10678251.81,201785.44,10513285.69,5814185.33,3390670.78,6326231.06,56,336,368,12,10
1661,Contagem,MG,industrial,Estrutural Engenharia,3656.0,18317643.5,611650.94,19404470.48,11080002.4,6061667.72,11428201.65,119,492,552,18,13
1662,Contagem,MG,comercial,Engenharia Mineira,2130.0,9741351.13,24502.69,9737300.67,5452114.65,3430938.8,5697965.1,63,376,401,13,16
1663,Curitiba,PR,industrial,Estrutural Engenharia,1654.0,8436996.0,348241.1,9173107.07,5101133.82,3097299.12,5390522.23,56,234,249,8,12
1664,Uberlandia,MG,comercial,Engenharia Mineira,5744.0,25034833.05,1641597.77,27135580.04,14120523.76,9655145.58,14942805.17,210,926,968,32,15
1665,Belo Horizonte,MG,residencial_popular,Engenharia Mineira,3393.0,7241801.39,324518.45,7488654.82,4318443.22,2729073.82,4593882.88,69,522,595,19,13
1666,Goiania,GO,industrial,Engenharia Vale Verde,4256.0,27094313.42,1491953.05,28402447.3,15196669.65,9787604.98,16286791.56,108,819,909,30,12
1667,Goiania,GO,residencial_popular,Construtora Serrana,2708.0,5934438.85,312595.35,6280508.03,3606667.94,2033510.64,3779118.2,80,484,491,16,19
1668,Rio de Janeiro,RJ,residencial_padrao,Construtora Serrana,3489.0,8971471.37,848984.18,9404015.24,5408471.79,3148316.2,5680253.0,122,572,643,21,11
1669,Contagem,MG,residencial_padrao,Engenharia Vale Verde,3742.0,12782029.3,789288.94,14391869.87,8219803.35,5338053.34,8595397.29,145,572,574,19,17
1670,Rio de Janeiro,RJ,comercial,Delta Obras,2023.0,10327561.18,763449.78,11838180.01,7570728.56,4723208.75,8238954.14,58,291,303,10,8
1671,Salvador,BA,residencial_popular,Vertice Engenharia,5242.0,9394530.1,700771.62,9917765.54,4732303.25,3752410.65,4741298.09,143,984,920,30,15
1672,Uberlandia,MG,industrial,Construtora Serrana,1582.0,8413735.41,735846.22,9619424.73,4450197.26,3885725.95,4950879.82,44,296,303,10,18
1673,Goiania,GO,comercial,Obras & Cia,3357.0,15076524.56,1422763.33,16238833.72,9121886.1,5207686.08,9701599.11,102,550,638,21,14
1674,Ribeirao Preto,SP,residencial_padrao,Engenharia Vale Verde,2356.0,7568555.48,642132.41,7727911.24,4220611.13,3042483.8,4332243.71,69,376,400,13,21
1675,Sao Paulo,SP,residencial_padrao,Delta Obras,5790.0,17589998.23,1161211.51,18624232.25,9379831.53,6788632.31,9740238.96,182,904,866,28,18
1676,Campinas,SP,comercial,Vertice Engenharia,2449.0,12103782.74,187021.48,12565098.79,6966064.08,3770761.99,7525186.9,70,369,407,13,11
1677,Goiania,GO,residencial_popular,Obras & Cia,4137.0,7132964.69,139898.85,8875235.18,4274823.58,5470841.89,4525496.03,323,668,765,25,14
1678,Ribeirao Preto,SP,residencial_padrao,Construtora Serrana,3173.0,12614372.05,603911.06,13249770.57,7401032.51,4358431.01,7732679.09,86,474,526,17,10
1679,Contagem,MG,residencial_popular,Beta Engenharia,2852.0,4429875.16,109747.41,4738904.6,2656392.4,1759383.77,2850371.41,67,433,408,13,23
1680,Uberlandia,MG,residencial_popular,Construtora Planalto,1781.0,3430568.18,93501.81,3558957.79,2063256.93,1185156.94,2097335.25,48,319,338,11,9
1681,Contagem,MG,residencial_padrao,Construtora Atlantica,4262.0,14800517.96,1458582.35,15689252.48,8638981.68,5755303.92,9175939.78,131,683,799,26,15
1682,Rio de Janeiro,RJ,residencial_padrao,Construtora Planalto,8283.0,21707043.85,276614.51,21834387.93,12092655.19,7769277.08,13110846.59,233,1179,1226,40,13
1683,Uberlandia,MG,industrial,Estrutural Engenharia,1202.0,7510340.33,269249.93,7886536.79,4554237.57,2662566.27,4748566.88,30,158,184,6,18
1684,Uberlandia,MG,comercial,Engenharia Mineira,2045.0,7129448.19,512466.22,7653331.44,4119943.75,2341282.27,4321327.83,61,404,412,13,13
1685,Salvador,BA,residencial_popular,Construtora Horizonte,4738.0,6274413.1,3528635.85,9803712.46,3728388.35,2437772.01,3854522.69,155,790,801,26,21
1686,Ribeirao Preto,SP,residencial_popular,Construtora Planalto,10277.0,17998212.29,493188.77,18849936.07,10918939.81,6761182.12,11528382.88,289,1855,1996,66,23
1687,Goiania,GO,residencial_padrao,Engenharia Mineira,3470.0,12440378.23,1065634.45,13400458.27,7878316.94,5288022.05,8090038.95,106,448,473,15,22
1688,Contagem,MG,residencial_popular,Delta Obras,2559.0,5209199.65,310228.32,5348049.36,2866030.23,2018633.83,2998193.03,78,375,426,14,13
1689,Rio de Janeiro,RJ,residencial_popular,Construtora Horizonte,1629.0,2567515.4,174394.61,2744493.45,1403327.99,901623.14,1428656.19,43,368,356,11,7
1690,Uberlandia,MG,residencial_padrao,Engenharia Mineira,3029.0,11927553.21,275661.19,11542078.08,6485913.62,3697283.81,6578051.98,87,433,475,15,12
1691,Ribeirao Preto,SP,industrial,Engenharia Mineira,971.0,5168000.67,310215.0,5491087.4,2975548.23,1898575.69,3108729.05,27,150,159,5,13
1692,Belo Horizonte,MG,industrial,Construtora Horizonte,2257.0,13421335.23,1104598.55,16368406.55,8738864.96,7743438.78,9085265.37,164,291,293,9,12
1693,Curitiba,PR,industrial,Construtora Atlantica,3127.0,17837666.3,1141703.95,16969904.78,9372247.51,5948531.97,10132871.6,75,534,595,19,10
1694,Ribeirao Preto,SP,comercial,Engenharia Mineira,1649.0,7206274.99,58810.0,7304535.61,4454740.62,2392513.12,4817514.8,51,266,283,9,17
1695,Sao Paulo,SP,residencial_popular,Estrutural Engenharia,2060.0,4161358.08,246134.9,4330299.7,2063780.64,1580471.0,2146465.16,59,319,323,10,13
1696,Goiania,GO,residencial_padrao,Construtora Horizonte,3026.0,8000583.29,171149.96,8205865.74,4142508.78,2487451.43,4428615.62,78,530,568,18,15
1697,Campinas,SP,industrial,Construtora Planalto,4033.0,14739769.16,1140856.4,16127364.83,8605267.33,5662093.29,9229329.92,113,559,637,21,14
1698,Belo Horizonte,MG,residencial_popular,Engenharia Vale Verde,4120.0,7079702.74,423727.74,7553229.89,4200463.14,2801309.22,4586486.18,118,526,562,18,9
1699,Ribeirao Preto,SP,residencial_padrao,Alfa Construcoes,2474.0,8576015.16,150114.47,8648124.34,4700760.53,2910581.39,5050226.64,64,356,364,12,19
1700,Campinas,SP,industrial,Obras & Cia,1625.0,9763472.1,605964.41,10182120.29,5406016.18,3497756.48,5769218.53,49,291,274,9,12
1701,Rio de Janeiro,RJ,residencial_popular,Obras & Cia,3120.0,5038913.48,221863.94,5168417.08,3136186.3,2026578.77,3298265.5,113,398,430,14,13
1702,Salvador,BA,comercial,Construtora Planalto,5741.0,23172722.94,41268.8,22388128.29,12910189.76,7820433.79,13664535.73,167,989,969,32,18
1703,Salvador,BA,industrial,Obras & Cia,2257.0,14666406.83,432843.81,15102918.77,7384363.27,4696284.0,7580569.8,92,316,341,11,14
1704,Rio de Janeiro,RJ,comercial,Construtora Serrana,2977.0,17502804.04,975582.18,18957234.02,10062573.82,6666447.41,10932387.89,89,546,635,21,15
1705,Salvador,BA,residencial_popular,Estrutural Engenharia,2116.0,4552930.66,35592.96,4648374.62,2581080.54,1556442.0,2710004.26,64,312,322,10,9
1706,Ribeirao Preto,SP,residencial_padrao,Vertice Engenharia,4060.0,10888201.62,34730.32,10967685.76,6003839.03,3982938.73,6332543.85,189,707,766,25,21
1707,Contagem,MG,comercial,Delta Obras,1508.0,6416829.97,560611.95,7295589.22,4308149.38,2630188.58,4545023.69,35,216,246,8,16
1708,Belo Horizonte,MG,comercial,Obras & Cia,4483.0,19575260.56,585750.72,20846473.53,12853198.54,6827597.96,13394301.49,121,701,706,23,22
1709,Rio de Janeiro,RJ,residencial_padrao,Construtora Atlantica,3888.0,15518943.59,813206.45,16288821.56,8142246.17,5616865.96,8185662.05,100,613,630,21,14
1710,Campinas,SP,residencial_padrao,Engenharia Vale Verde,3301.0,11602286.84,418244.22,12267530.62,5925677.34,4250357.9,6015144.8,78,650,596,19,15
1711,Belo Horizonte,MG,residencial_padrao,Construtora Serrana,1405.0,4828446.66,43067.53,4720072.31,2487436.9,1765621.74,2708480.62,34,239,204,6,16
1712,Goiania,GO,residencial_padrao,Vertice Engenharia,3757.0,10011367.15,788651.38,11426575.47,5637081.83,3605824.58,6078333.13,114,743,870,29,16
1713,Rio de Janeiro,RJ,industrial,Construtora Planalto,1681.0,13183521.39,166819.81,20596678.18,12064408.3,4651122.89,12481978.79,39,234,210,7,17
1714,Belo Horizonte,MG,industrial,Construtora Horizonte,3398.0,16260663.09,856347.51,16706986.1,8854842.13,5811619.43,9027803.76,79,531,633,21,14
1715,Uberlandia,MG,residencial_popular,Engenharia Mineira,7181.0,11888038.25,618410.32,12776605.65,6394575.73,4744449.93,6826212.23,173,1069,1233,41,14
1716,Salvador,BA,comercial,Construtora Horizonte,1389.0,4863501.33,210912.45,5321789.33,2967334.12,2022168.78,2938034.42,42,308,342,11,8
1717,Salvador,BA,residencial_padrao,Construtora Serrana,3855.0,14177999.79,364654.16,14791408.59,8453460.5,5081399.01,8598512.04,101,593,665,22,16
1718,Rio de Janeiro,RJ,residencial_padrao,Engenharia Vale Verde,2979.0,8885666.32,129570.94,8828552.29,5169591.91,2714396.3,5273994.0,89,408,462,15,8
1719,Belo Horizonte,MG,residencial_padrao,Construtora Serrana,5853.0,15637438.17,547505.74,16149876.82,9607512.89,6423417.43,9836894.01,133,1387,1415,47,13
1720,Sao Paulo,SP,residencial_popular,Construtora Atlantica,4804.0,7025189.39,345098.06,7482841.02,3615339.31,2154980.28,3908686.78,140,966,998,33,16
1721,Campinas,SP,industrial,Construtora Atlantica,1372.0,10560285.66,523124.95,10971896.83,5905033.33,3958491.65,6000171.44,37,277,289,9,10
1722,Curitiba,PR,residencial_padrao,Estrutural Engenharia,3071.0,10113825.39,469348.28,10393628.47,5908242.35,3698303.37,5821858.56,85,487,561,18,12
1723,Curitiba,PR,comercial,Delta Obras,1811.0,6758750.65,3274771.57,9458049.83,3450636.16,2547278.64,3623914.6,45,386,355,11,20
1724,Sao Paulo,SP,industrial,Obras & Cia,1704.0,10378558.86,772118.53,11547709.67,7611248.2,4209350.71,7846828.57,76,366,429,14,10
1725,Sao Paulo,SP,residencial_popular,Construtora Horizonte,4137.0,8979658.22,695986.17,9558182.01,5284382.78,3165391.41,5457633.51,111,672,820,27,16
1726,Sao Paulo,SP,residencial_padrao,Alfa Construcoes,3876.0,11142175.94,329147.85,11708269.01,6462903.07,4943462.67,7062915.07,94,586,697,23,9
1727,Contagem,MG,comercial,Alfa Construcoes,1816.0,7454612.11,579924.54,8331787.23,4198028.77,2788013.08,4420213.48,53,271,359,11,16
1728,Curitiba,PR,comercial,Alfa Construcoes,2534.0,9735184.75,457298.84,10330700.28,5490491.08,4230924.36,5643876.63,73,389,436,14,20
1729,Belo Horizonte,MG,industrial,Construtora Horizonte,5041.0,27228470.73,853638.71,28844310.53,17609897.71,8651762.11,18011130.54,128,1299,1415,47,19
1730,Ribeirao Preto,SP,residencial_popular,Vertice Engenharia,1742.0,2908466.23,251928.9,3095653.68,1611265.68,1058310.68,1678144.28,39,306,329,10,12
1731,Contagem,MG,residencial_padrao,Estrutural Engenharia,1271.0,3168457.07,180597.28,3367510.67,1997091.92,998130.38,2064049.81,45,219,248,8,13
1732,Contagem,MG,residencial_popular,Construtora Atlantica,3748.0,6034193.93,535183.21,6406282.69,3631204.55,2341241.38,3663831.68,104,634,693,23,18
1733,Curitiba,PR,comercial,Engenharia Mineira,2562.0,13202834.06,67836.49,12744944.18,5380769.28,4433912.19,5517191.19,69,579,577,19,16
1734,Ribeirao Preto,SP,residencial_popular,Construtora Planalto,2256.0,4042296.11,337986.65,4505488.37,2494687.54,1466895.51,2585142.0,59,435,450,15,13
1735,Campinas,SP,residencial_padrao,Engenharia Mineira,1800.0,4259925.07,292258.82,4683851.0,2240346.83,1691187.71,2425165.33,47,317,308,10,15
1736,Ribeirao Preto,SP,comercial,Construtora Horizonte,2724.0,10193599.69,832406.34,11181755.36,6239787.2,3950847.49,6866121.34,85,387,383,12,19
1737,Ribeirao Preto,SP,industrial,Vertice Engenharia,2575.0,19299281.88,332067.67,19114688.29,10227003.09,7339712.85,11021558.81,86,437,465,15,12
1738,Contagem,MG,residencial_popular,Vertice Engenharia,2890.0,6062389.88,335159.29,6590901.2,3185321.28,2217115.75,3444836.13,67,537,525,17,17
1739,Rio de Janeiro,RJ,residencial_popular,Construtora Planalto,2606.0,5261777.87,373376.0,5302889.57,2640608.98,1857595.15,2625022.27,77,533,629,20,23
1740,Salvador,BA,comercial,Delta Obras,1756.0,8217607.77,605494.1,8741228.18,5438256.98,2937046.93,5663503.47,57,253,199,6,13
1741,Ribeirao Preto,SP,industrial,Engenharia Vale Verde,2142.0,14516743.03,1210498.32,15061016.76,9544760.72,4628284.12,10390988.9,59,382,388,12,14
1742,Ribeirao Preto,SP,residencial_padrao,Engenharia Mineira,2652.0,7566679.05,533841.51,7901901.05,3982566.15,2666064.69,4233365.26,74,349,304,10,16
1743,Sao Paulo,SP,residencial_popular,Beta Engenharia,4482.0,8870399.26,472463.31,9391254.29,4885680.13,3459835.74,4854576.51,115,749,757,25,14
1744,Uberlandia,MG,residencial_popular,Construtora Serrana,15014.0,31603985.14,1962213.36,34200379.95,19731333.5,11020907.54,19971582.63,432,2259,2080,69,12
1745,Curitiba,PR,industrial,Engenharia Mineira,3044.0,22144023.21,1592906.1,25411924.49,12413224.56,7347224.92,13011946.86,103,509,531,17,14
1746,Salvador,BA,residencial_popular,Estrutural Engenharia,2544.0,5281130.86,467281.09,5582056.23,2693295.12,1924897.94,2725409.6,90,396,359,11,20
1747,Curitiba,PR,industrial,Construtora Planalto,2916.0,14780360.27,856295.14,15635292.71,8170318.12,5566081.98,8166367.25,108,571,615,20,14
1748,Goiania,GO,residencial_popular,Delta Obras,3973.0,7038298.07,253792.26,7376381.28,4037532.56,2442514.76,4244496.37,115,676,687,22,9
1749,Uberlandia,MG,residencial_popular,Engenharia Mineira,1995.0,3082110.98,80849.07,3232610.95,1801936.67,1079904.55,1861147.62,52,488,543,18,7
1750,Curitiba,PR,residencial_popular,Alfa Construcoes,8823.0,19581367.75,865914.79,20665992.22,9826863.67,7330284.17,10156293.1,285,1440,1457,48,18
1751,Contagem,MG,residencial_popular,Engenharia Vale Verde,3095.0,4890798.52,71454.91,5007602.43,2530379.99,1777333.13,2640780.1,97,550,570,19,11
1752,Rio de Janeiro,RJ,residencial_padrao,Estrutural Engenharia,2196.0,8598282.1,697118.81,9188677.0,5107382.93,2932983.39,5295829.28,65,438,473,15,12
1753,Rio de Janeiro,RJ,comercial,Engenharia Vale Verde,2243.0,14739568.14,108458.64,13926553.66,6768342.98,5191527.84,7378127.23,71,319,353,11,14
1754,Curitiba,PR,industrial,Vertice Engenharia,4623.0,29391023.5,2684137.01,31907528.94,20077829.76,11408103.47,21605346.29,122,743,786,26,18
1755,Contagem,MG,residencial_popular,Obras & Cia,3401.0,5531928.41,522094.97,6041853.35,3248521.86,2600191.82,3260958.7,85,640,678,22,25
1756,Belo Horizonte,MG,residencial_padrao,Engenharia Vale Verde,2955.0,8329413.25,603442.53,8789609.55,5064224.83,2725871.74,5042930.04,87,622,728,24,8
1757,Contagem,MG,residencial_padrao,Vertice Engenharia,3666.0,10763875.39,1042690.82,12529115.37,6389030.03,4311422.28,6668385.41,95,575,565,18,13
1758,Goiania,GO,industrial,Vertice Engenharia,1662.0,12990689.77,556842.02,16314688.59,6820751.94,9235709.27,6982861.76,150,293,284,9,17
1759,Campinas,SP,residencial_popular,Construtora Horizonte,1907.0,3245252.09,117146.02,3384073.09,1847745.93,1038939.73,1876790.18,66,270,294,9,11
1760,Contagem,MG,comercial,Alfa Construcoes,1914.0,9229711.32,371106.07,10200244.73,6120293.65,3970796.25,6549575.39,58,295,301,10,21
1761,Salvador,BA,industrial,Beta Engenharia,3399.0,20782727.98,1780854.38,21593066.05,13463957.15,7436984.17,13569185.12,108,726,800,26,10
1762,Sao Paulo,SP,residencial_padrao,Construtora Atlantica,2130.0,6559022.61,144483.12,6625405.11,4326130.78,2473515.46,4508079.57,66,357,378,12,13
1763,Rio de Janeiro,RJ,residencial_padrao,Estrutural Engenharia,1851.0,5124910.99,207164.4,5145136.81,2979860.99,1798593.61,2965446.58,52,397,438,14,14
1764,Curitiba,PR,residencial_popular,Construtora Atlantica,1754.0,2271105.57,137591.06,2320447.39,1445707.23,811438.55,1558476.1,52,299,313,10,19
1765,Sao Paulo,SP,industrial,Alfa Construcoes,1757.0,13107681.61,31808.4,12959930.95,5661154.29,4782629.08,5961367.45,49,309,310,10,13
1766,Curitiba,PR,residencial_popular,Alfa Construcoes,2656.0,5410894.5,72098.01,5400052.42,3012887.01,1669795.61,3184565.98,97,512,454,15,14
1767,Curitiba,PR,comercial,Alfa Construcoes,2811.0,13915882.95,1025140.89,15122134.08,7854308.18,5008041.63,8247178.68,88,506,571,19,19
1768,Curitiba,PR,comercial,Construtora Horizonte,2364.0,11629372.39,125184.25,12707369.69,6752354.02,4289094.84,7209198.71,74,401,407,13,4
1769,Uberlandia,MG,comercial,Engenharia Mineira,2721.0,14665813.78,550794.3,14643818.06,7902917.82,4206693.22,8010970.19,71,468,525,17,7
1770,Belo Horizonte,MG,industrial,Engenharia Vale Verde,4807.0,31752573.56,154243.64,33382261.85,17868740.81,13020832.19,18202418.38,162,728,676,22,17
1771,Sao Paulo,SP,residencial_padrao,Estrutural Engenharia,5095.0,16167709.85,1017925.2,17448196.32,9134026.4,5737207.92,9720731.25,146,897,935,31,21
1772,Salvador,BA,industrial,Obras & Cia,1269.0,7565628.71,35118.19,7791418.81,4319007.09,2950415.57,4629703.12,31,186,218,7,14
1773,Ribeirao Preto,SP,comercial,Alfa Construcoes,4154.0,20962692.56,2023144.81,23869383.32,14985649.94,8798150.13,15837798.7,147,665,668,22,15
1774,Sao Paulo,SP,residencial_padrao,Construtora Horizonte,2839.0,10279335.04,370458.24,10710495.05,6405942.71,4349547.63,6866906.92,65,462,485,16,17
1775,Ribeirao Preto,SP,residencial_popular,Engenharia Mineira,2016.0,3369118.92,19550.17,3442383.94,1894879.77,1167627.08,1957409.83,53,304,291,9,9
1776,Goiania,GO,residencial_popular,Obras & Cia,3920.0,8640571.01,205206.12,9041588.82,5229224.42,3775380.72,5124473.28,119,586,599,19,19
1777,Curitiba,PR,industrial,Engenharia Mineira,3184.0,18316892.28,996238.32,18996138.41,10653920.63,6207236.14,11491277.74,83,462,443,14,8
1778,Ribeirao Preto,SP,industrial,Construtora Planalto,5614.0,30882604.58,2432602.53,34042398.37,16859990.4,13313599.91,17618306.84,162,932,1063,35,11
1779,Sao Paulo,SP,comercial,Engenharia Mineira,3503.0,10752246.01,958333.95,12127549.55,6951071.85,4623879.09,7427988.65,74,633,684,22,13
1780,Curitiba,PR,residencial_popular,Delta Obras,7040.0,11737763.92,586127.36,12543184.89,6882465.08,4594233.35,7280532.62,191,1206,1198,39,13
1781,Goiania,GO,comercial,Alfa Construcoes,4541.0,16508284.28,509577.07,17348711.57,10124289.43,5148411.31,10602607.01,121,751,869,28,11
1782,Campinas,SP,industrial,Beta Engenharia,2279.0,10067057.38,135229.32,10578921.86,5283852.99,4443992.21,5415228.34,64,453,477,15,14
1783,Belo Horizonte,MG,comercial,Construtora Serrana,12245.0,50856717.46,2711649.68,55125657.23,34319591.19,21156847.21,34798850.43,339,2724,3056,101,8
1784,Uberlandia,MG,residencial_popular,Estrutural Engenharia,3724.0,6460269.87,637015.75,7251276.76,4175205.32,2270505.08,4596821.88,120,503,609,20,17
1785,Campinas,SP,residencial_popular,Construtora Serrana,638.0,1117297.11,39769.95,1189158.67,596019.49,405727.07,580468.77,17,141,160,5,19
1786,Belo Horizonte,MG,residencial_padrao,Obras & Cia,2674.0,8847888.37,866514.51,9895817.2,4793064.7,2920276.39,5015185.63,78,430,429,14,22
1787,Salvador,BA,residencial_padrao,Construtora Planalto,3349.0,11014041.31,798603.91,12016773.9,6821690.81,4471195.5,6789366.64,128,563,582,19,17
1788,Goiania,GO,industrial,Alfa Construcoes,1599.0,9578537.49,695400.82,10393174.95,4935392.42,3746212.67,4964659.39,48,238,254,8,8
1789,Sao Paulo,SP,comercial,Construtora Planalto,1407.0,4662332.35,296669.15,5042357.11,2862164.11,1855984.78,3004249.59,41,273,277,9,9
1790,Uberlandia,MG,residencial_padrao,Construtora Planalto,2810.0,12867348.6,1250355.95,14064721.35,6934620.93,4759029.46,7209143.19,71,498,515,17,13
1791,Uberlandia,MG,residencial_popular,Alfa Construcoes,2152.0,3668118.05,1262608.32,4997815.25,2199224.18,1393022.97,2195651.77,57,395,438,14,20
1792,Ribeirao Preto,SP,residencial_padrao,Vertice Engenharia,2956.0,9923043.4,650765.63,10394888.0,5951502.57,3793378.91,6187249.39,110,464,458,15,15
1793,Ribeirao Preto,SP,residencial_popular,Construtora Planalto,1159.0,2109693.42,7638.11,2157803.42,1196921.97,627239.83,1302625.06,31,230,227,7,15
1794,Contagem,MG,residencial_popular,Estrutural Engenharia,4504.0,6088544.55,218877.36,5916797.47,3041848.03,2338568.73,3381726.08,124,820,846,28,16
1795,Contagem,MG,residencial_padrao,Delta Obras,2239.0,8610526.52,193294.68,8605992.76,4737837.8,3085199.07,4885894.66,63,345,416,13,14
1796,Goiania,GO,industrial,Estrutural Engenharia,2265.0,10890306.34,606549.36,11868034.57,6698815.81,4119270.54,6742680.99,65,324,308,10,14
1797,Rio de Janeiro,RJ,residencial_popular,Engenharia Mineira,2103.0,3915745.52,21984.38,3988860.56,2038018.99,1199133.21,2155962.52,64,281,682,22,22
1798,Campinas,SP,residencial_padrao,Construtora Horizonte,4608.0,16318123.34,239004.16,17192506.39,9456205.16,6083451.2,9492753.36,120,795,864,28,15
1799,Uberlandia,MG,industrial,Engenharia Vale Verde,2914.0,19546936.46,1734567.66,20352440.42,11657027.63,6629397.04,11776770.3,97,467,486,16,6
1800,Rio de Janeiro,RJ,residencial_padrao,Construtora Atlantica,2379.0,7435649.08,66037.4,7680711.81,4538302.52,2049393.58,5001235.21,62,298,294,9,7
1801,Curitiba,PR,residencial_popular,Construtora Horizonte,2598.0,5100954.76,348125.17,5434809.75,2936817.27,1987409.9,3061074.42,78,380,437,14,19
1802,Ribeirao Preto,SP,residencial_popular,Delta Obras,2768.0,4457877.83,4138.87,4372184.14,2401074.14,1393947.32,2428874.92,67,529,555,18,18
1803,Belo Horizonte,MG,residencial_popular,Obras & Cia,4436.0,8320678.96,551671.2,9237825.72,5237855.53,2724086.35,5416696.89,115,806,950,31,14
1804,Curitiba,PR,industrial,Delta Obras,2721.0,16757684.83,417830.84,16652326.18,9757679.3,5092812.25,10162047.83,69,449,524,17,8
1805,Contagem,MG,residencial_padrao,Beta Engenharia,4380.0,15722506.02,611524.83,16530232.48,9584365.65,5381980.93,9860343.13,121,651,622,20,14
1806,Goiania,GO,residencial_popular,Alfa Construcoes,2968.0,4937354.38,413128.33,5263924.08,2833655.32,1591047.75,2914672.99,78,474,520,17,17
1807,Ribeirao Preto,SP,residencial_padrao,Alfa Construcoes,2051.0,5068552.86,305987.64,5261086.34,2688556.76,1856162.95,2924019.61,48,320,390,13,13
1808,Goiania,GO,residencial_popular,Estrutural Engenharia,1189.0,1915775.35,35467.92,1945250.13,1055029.54,611929.59,1107439.11,29,197,193,6,10
1809,Goiania,GO,residencial_padrao,Construtora Horizonte,3627.0,12167210.43,709467.13,12022660.47,6814450.09,3884146.23,7296040.05,116,696,739,24,24
1810,Curitiba,PR,residencial_popular,Alfa Construcoes,3567.0,4859042.43,278153.59,4750222.01,2941313.51,1880240.39,3123041.26,99,749,1981,66,22
1811,Curitiba,PR,residencial_popular,Engenharia Mineira,2248.0,3058364.29,66691.31,3118485.13,1496032.89,1005000.53,1513497.37,65,364,367,12,18
1812,Belo Horizonte,MG,comercial,Delta Obras,2493.0,16532897.69,1536810.31,17580020.72,8947316.0,6041756.98,8933124.82,68,557,592,19,9
1813,Campinas,SP,residencial_popular,Engenharia Mineira,4033.0,9582445.99,793879.39,10329533.1,5382199.64,3345775.96,5535865.75,103,718,883,29,16
1814,Rio de Janeiro,RJ,residencial_popular,Construtora Atlantica,4985.0,8515993.67,164595.56,8888941.25,4306237.04,2753540.3,4445128.76,129,713,827,27,17
1815,Goiania,GO,comercial,Construtora Horizonte,4435.0,16404397.83,1190828.09,17825708.02,9087062.22,6204073.64,9574027.08,122,657,733,24,15
1816,Goiania,GO,industrial,Delta Obras,2213.0,12886772.52,775130.3,13736574.56,7802508.98,4517074.47,8431408.39,57,334,356,11,19
1817,Uberlandia,MG,industrial,Construtora Horizonte,3434.0,20249779.04,1629999.48,21286316.68,11096164.98,7416173.8,11071301.67,87,656,664,22,14
1818,Ribeirao Preto,SP,industrial,Estrutural Engenharia,2882.0,17137337.85,530695.84,17258208.92,10238587.02,4950824.92,10687329.39,88,454,423,14,13
1819,Ribeirao Preto,SP,residencial_popular,Beta Engenharia,5090.0,9584705.37,106822.12,9549795.67,5590851.99,2998413.85,5857203.94,145,894,1131,37,13
1820,Salvador,BA,comercial,Alfa Construcoes,2032.0,9894668.74,416566.2,10129355.88,5548981.97,3273216.34,5635922.78,50,365,312,10,22
1821,Contagem,MG,residencial_popular,Construtora Horizonte,2635.0,5823947.16,521411.56,6314265.84,3162645.77,1900309.81,3304991.43,71,421,425,14,15
1822,Salvador,BA,industrial,Obras & Cia,3232.0,25132984.81,630498.14,25034889.58,13718395.35,8516018.4,14583219.95,91,647,594,19,16
1823,Rio de Janeiro,RJ,comercial,Construtora Atlantica,3102.0,15724993.87,761050.39,16617994.53,8598488.39,5913666.95,9339782.88,82,470,476,15,14
1824,Rio de Janeiro,RJ,industrial,Engenharia Vale Verde,5345.0,20778920.78,1322307.89,22048519.64,10917103.01,8161326.05,11225674.86,160,714,807,26,17
1825,Goiania,GO,residencial_popular,Construtora Planalto,2745.0,6313072.65,32977.28,6203349.49,3064429.27,2276661.15,3212514.52,98,432,444,14,17
1826,Ribeirao Preto,SP,residencial_popular,Construtora Serrana,4090.0,6852892.05,629896.79,7363302.6,4382924.71,2515177.73,4782530.4,93,756,617,20,19
1827,Sao Paulo,SP,industrial,Construtora Atlantica,1933.0,10573807.11,689928.2,11702072.5,6510991.59,4546348.3,6933077.06,57,339,371,12,18
1828,Rio de Janeiro,RJ,residencial_popular,Alfa Construcoes,3254.0,6332316.87,585948.82,6682711.19,3459968.09,2290625.81,3701702.96,78,662,663,22,13
1829,Ribeirao Preto,SP,industrial,Engenharia Mineira,2289.0,12848708.42,1192563.73,14244901.76,7742731.41,4706211.4,8069587.74,56,440,432,14,20
1830,Ribeirao Preto,SP,industrial,Alfa Construcoes,3644.0,21748116.8,936540.59,23250565.66,13868810.42,8893937.75,14069018.5,87,637,630,21,14
1831,Rio de Janeiro,RJ,industrial,Estrutural Engenharia,3906.0,22538214.61,949048.52,23585811.4,12431636.39,7754046.39,13206214.92,112,797,890,29,13
1832,Rio de Janeiro,RJ,residencial_popular,Engenharia Vale Verde,2723.0,4424890.19,27983.08,4387844.75,2724073.64,1554618.24,2795577.19,105,589,593,19,12
1833,Contagem,MG,industrial,Construtora Atlantica,957.0,5663034.64,495228.59,6081295.29,3594709.54,2424522.66,3570145.51,30,180,191,6,10
1834,Uberlandia,MG,industrial,Alfa Construcoes,2803.0,20835938.94,788122.9,21883747.41,11378849.88,6759559.96,11739435.97,61,430,460,15,11
1835,Salvador,BA,industrial,Delta Obras,1512.0,6939549.58,44229.56,7393271.13,4627564.99,2487561.39,4765346.25,56,249,264,8,18
1836,Salvador,BA,comercial,Construtora Horizonte,3936.0,15781599.79,1101642.82,16626330.94,9450046.39,6008008.48,9942054.63,100,829,799,26,13
1837,Belo Horizonte,MG,industrial,Alfa Construcoes,2432.0,13772009.21,1124581.5,14960288.7,8844181.33,5371495.27,9144264.24,68,369,422,14,14
1838,Curitiba,PR,residencial_padrao,Engenharia Mineira,2532.0,5438595.03,338891.22,5880949.46,3084989.18,1862558.87,3334390.73,86,488,482,16,15
1839,Campinas,SP,industrial,Vertice Engenharia,5412.0,37561846.2,2817616.16,41615706.22,21771673.51,12292198.42,22421907.79,174,985,958,31,13
1840,Goiania,GO,residencial_popular,Obras & Cia,1258.0,1859407.46,162664.33,2034321.93,1054474.8,758745.64,1100715.18,40,191,215,7,14
1841,Uberlandia,MG,industrial,Construtora Atlantica,3412.0,19755679.99,281023.07,34331998.61,20152860.17,7052938.91,21786673.24,81,535,540,18,19
1842,Campinas,SP,industrial,Delta Obras,3481.0,23071786.86,682366.57,23683533.34,12780779.41,8498298.69,13619649.35,85,557,564,18,13
1843,Campinas,SP,residencial_padrao,Vertice Engenharia,6840.0,20222267.62,1237313.31,21637620.9,12163572.86,7496928.54,12484278.03,226,926,980,32,19
1844,Sao Paulo,SP,residencial_padrao,Construtora Atlantica,3684.0,11863418.86,1116447.52,12907641.22,7402535.64,4324435.71,7700522.52,107,479,432,14,17
1845,Sao Paulo,SP,residencial_padrao,Engenharia Vale Verde,2164.0,6654204.64,453190.62,7261879.53,4048067.1,2779718.51,4404560.09,55,388,422,14,16
1846,Rio de Janeiro,RJ,industrial,Construtora Serrana,1084.0,6572151.02,193298.59,6525591.1,3862114.28,2313756.29,4211572.2,29,210,228,7,17
1847,Curitiba,PR,residencial_popular,Engenharia Vale Verde,1449.0,2644532.25,126024.53,2863721.27,1528405.08,1150465.75,1507428.09,40,202,197,6,14
1848,Belo Horizonte,MG,residencial_popular,Construtora Atlantica,3369.0,4973131.16,260132.56,5314273.74,2877127.88,1700535.04,3109903.53,87,652,617,20,11
1849,Goiania,GO,residencial_popular,Alfa Construcoes,1536.0,2974184.9,163605.35,3212163.66,1724784.1,1035145.35,1858567.66,47,249,230,7,12
1850,Curitiba,PR,residencial_popular,Construtora Planalto,4479.0,5452040.7,396182.33,8318647.07,5155079.0,1832301.97,5516603.65,111,825,841,28,15
1851,Rio de Janeiro,RJ,residencial_popular,Obras & Cia,2374.0,5030572.5,218035.49,5223926.21,2896786.68,1919412.38,3108751.24,73,328,378,12,17
1852,Uberlandia,MG,industrial,Vertice Engenharia,2532.0,15330471.5,374422.31,15937966.9,9586663.03,5853923.19,9871563.47,81,405,420,14,16
1853,Contagem,MG,comercial,Delta Obras,5146.0,19078864.98,1709421.69,20561605.99,11227759.5,7729771.12,12116928.17,122,811,844,28,13
1854,Contagem,MG,residencial_padrao,Construtora Serrana,2538.0,8699385.03,44867.72,8417572.14,4318771.28,3336814.8,4572339.58,79,430,488,16,18
1855,Belo Horizonte,MG,comercial,Alfa Construcoes,6749.0,34934873.14,2723075.49,36311613.95,21502297.87,13228060.43,21637032.31,199,793,833,27,12
1856,Contagem,MG,comercial,Construtora Horizonte,4555.0,24985119.61,1707843.45,27697167.73,14293599.37,9829108.0,15131370.18,108,728,727,24,15
1857,Sao Paulo,SP,residencial_popular,Delta Obras,934.0,1875318.21,127057.14,1986671.68,1158702.15,778597.12,1235216.63,20,145,155,5,15
1858,Salvador,BA,residencial_popular,Estrutural Engenharia,878.0,1451717.5,150.71,1417469.29,753994.1,574332.0,816666.63,27,156,147,4,17
1859,Contagem,MG,residencial_padrao,Construtora Atlantica,1115.0,3618568.17,285430.42,4016801.62,2197454.82,1360972.18,2438269.37,31,169,170,5,17
1860,Campinas,SP,industrial,Engenharia Mineira,1629.0,8887048.61,853838.59,9561949.28,5533789.25,3781922.63,5805900.5,40,253,268,8,18
1861,Goiania,GO,residencial_padrao,Vertice Engenharia,2168.0,6001803.6,295216.76,6484878.36,3859635.56,2165228.85,3805290.32,68,336,351,11,15
1862,Salvador,BA,comercial,Estrutural Engenharia,3539.0,17378345.96,1539973.59,19215924.48,10921233.62,6190559.21,11589524.58,90,511,553,18,11
1863,Belo Horizonte,MG,comercial,Construtora Serrana,2398.0,11109034.12,155019.53,10884320.3,5494526.78,3124282.61,5255051.96,69,305,364,12,11
1864,Uberlandia,MG,comercial,Construtora Serrana,1547.0,5664756.92,432702.85,6064083.57,3396542.2,2243083.24,3532042.4,43,301,283,9,9
1865,Campinas,SP,industrial,Estrutural Engenharia,2518.0,10867667.26,960734.99,11385255.42,7018043.96,3787138.4,7512431.33,62,480,506,16,17
1866,Uberlandia,MG,residencial_popular,Construtora Atlantica,1533.0,2971734.38,286801.24,3292696.6,1932152.9,1218509.31,2048973.94,40,234,273,9,14
1867,Campinas,SP,comercial,Beta Engenharia,4751.0,19748617.93,1704666.22,21770726.36,11794488.09,6831091.76,12561321.57,112,1011,1144,38,4
1868,Contagem,MG,residencial_popular,Construtora Atlantica,2530.0,4610886.04,206897.92,4569696.0,2526510.85,1608196.63,2793991.62,87,444,433,14,10
1869,Uberlandia,MG,comercial,Alfa Construcoes,3021.0,12419642.05,101331.48,12309408.99,6536885.46,3841355.9,6812991.17,90,560,594,19,15
1870,Campinas,SP,residencial_padrao,Construtora Planalto,8772.0,36440598.25,3177166.19,38530913.39,19559211.33,14707697.3,20303324.33,242,1154,1210,40,17
1871,Salvador,BA,residencial_padrao,Obras & Cia,2221.0,8165779.19,254226.04,8758459.07,4611345.88,2939872.85,4691331.36,73,392,335,11,14
1872,Sao Paulo,SP,industrial,Delta Obras,4425.0,28234520.79,1898207.18,29718206.41,16066116.43,11726171.15,16473084.97,140,868,808,26,16
1873,Uberlandia,MG,residencial_popular,Estrutural Engenharia,5661.0,11663654.1,421972.75,12058842.89,6506696.19,3750218.25,6968003.67,159,868,832,27,16
1874,Rio de Janeiro,RJ,industrial,Construtora Planalto,2118.0,14975090.65,115592.16,14588007.32,8443797.71,3846339.59,9035355.81,82,379,358,11,14
1875,Ribeirao Preto,SP,industrial,Alfa Construcoes,1178.0,6686879.63,621812.7,7655354.28,4342656.19,2409013.58,4498388.92,27,179,174,5,13
1876,Uberlandia,MG,comercial,Delta Obras,1268.0,5104542.97,55749.35,5101287.81,2784639.24,1806956.59,3109172.91,36,184,184,6,13
1877,Contagem,MG,comercial,Construtora Atlantica,2024.0,8819372.65,166295.95,8769914.28,4823484.09,3255935.97,4945354.33,50,334,346,11,6
1878,Curitiba,PR,residencial_padrao,Construtora Planalto,7134.0,24651894.55,2358287.39,26030437.9,14184691.04,10063950.2,14516158.81,179,1083,1160,38,13
1879,Campinas,SP,residencial_popular,Construtora Planalto,7242.0,14179587.09,563739.56,14560723.29,8030455.34,5168205.23,8528313.62,187,1347,3087,102,15
1880,Rio de Janeiro,RJ,residencial_popular,Construtora Horizonte,2311.0,4443907.52,43528.73,4225649.46,2708503.55,1449430.49,2872189.96,82,339,357,11,14
1881,Curitiba,PR,residencial_popular,Estrutural Engenharia,3093.0,6221436.75,481439.41,6938991.54,4130891.35,2295190.38,4535113.18,87,512,541,18,15
1882,Sao Paulo,SP,comercial,Construtora Serrana,1507.0,8497121.53,82013.34,8798401.69,4755195.64,2813372.98,4899147.63,33,276,237,7,19
1883,Salvador,BA,comercial,Estrutural Engenharia,6834.0,35720249.18,1567608.73,37347071.86,17439147.05,13102713.41,18636295.37,199,1167,1135,37,10
1884,Contagem,MG,industrial,Construtora Atlantica,2977.0,18616286.2,861018.47,19852773.45,12316382.05,6037686.54,13103602.07,78,463,546,18,23
1885,Belo Horizonte,MG,residencial_padrao,Beta Engenharia,4174.0,13515016.17,734848.54,14365636.66,8286960.89,5121462.39,8482239.51,127,740,727,24,16
1886,Sao Paulo,SP,industrial,Engenharia Vale Verde,1941.0,10637202.48,375509.02,10958365.14,6040308.3,3777862.28,6547639.38,47,281,295,9,11
1887,Rio de Janeiro,RJ,industrial,Construtora Atlantica,4574.0,25564117.64,2381396.32,27496477.97,16674637.89,10843195.88,17047408.04,120,690,868,28,12
1888,Curitiba,PR,industrial,Obras & Cia,1602.0,9439002.5,472117.34,9596276.21,5397780.09,3634438.74,5706241.74,49,272,285,9,15
1889,Uberlandia,MG,industrial,Alfa Construcoes,3415.0,16178811.91,907436.1,17171348.32,10216350.9,6678545.11,11271092.69,95,516,481,16,16
1890,Sao Paulo,SP,residencial_padrao,Construtora Atlantica,13561.0,45247624.55,1541709.25,47361739.08,25069373.29,15211533.32,27904573.66,336,2160,2200,73,13
1891,Uberlandia,MG,comercial,Engenharia Vale Verde,3475.0,8138576.49,389128.66,8574538.2,4833765.24,3280625.56,5142942.94,89,613,583,19,16
1892,Curitiba,PR,residencial_popular,Engenharia Vale Verde,2071.0,4359982.72,23378.02,4329371.77,2316535.26,1506840.31,2323000.38,64,334,356,11,19
1893,Curitiba,PR,residencial_popular,Engenharia Vale Verde,6350.0,12882010.66,1136980.56,13756947.23,7576159.08,5056604.82,8141780.98,166,1075,1196,39,20
1894,Campinas,SP,comercial,Estrutural Engenharia,1965.0,7662916.0,50179.38,7772580.75,4436528.08,2390566.26,4591274.83,54,372,403,13,13
1895,Sao Paulo,SP,residencial_popular,Construtora Serrana,3061.0,5809992.52,410269.33,6174988.47,3511760.0,2020069.02,3512698.68,112,540,510,17,13
1896,Goiania,GO,industrial,Beta Engenharia,2588.0,20494563.77,1612074.24,21862764.24,11887324.81,7933579.02,13086436.8,80,479,450,15,15
1897,Belo Horizonte,MG,comercial,Alfa Construcoes,2364.0,9134310.64,748684.0,9732260.28,5507264.32,2937947.87,5804354.84,81,417,511,17,18
1898,Rio de Janeiro,RJ,comercial,Vertice Engenharia,1886.0,10025318.67,836899.0,10782731.41,5349188.08,3857180.11,5625629.35,56,274,275,9,16
1899,Rio de Janeiro,RJ,residencial_popular,Engenharia Mineira,1420.0,2290312.91,172971.78,2509852.11,1523102.52,862193.45,1584797.11,46,226,231,7,13
1900,Contagem,MG,industrial,Delta Obras,2249.0,11931074.81,1145835.04,11889895.9,6252335.92,3750795.06,6790647.95,68,405,423,14,12
1901,Rio de Janeiro,RJ,comercial,Delta Obras,3129.0,13156104.84,1149442.83,14778395.72,7874391.83,4724583.21,7995551.06,88,501,468,15,18
1902,Belo Horizonte,MG,residencial_popular,Beta Engenharia,3463.0,6784953.83,581566.77,7299885.65,3709599.97,2219006.13,4090465.41,78,658,652,21,13
1903,Belo Horizonte,MG,residencial_popular,Vertice Engenharia,1566.0,2048868.46,150930.02,2220413.23,1261586.69,763482.03,1342294.87,57,293,310,10,5
1904,Ribeirao Preto,SP,residencial_padrao,Delta Obras,2562.0,7563057.78,355642.64,7485856.69,4160563.41,2552649.29,4196933.2,72,444,449,14,6
1905,Salvador,BA,residencial_padrao,Construtora Planalto,1609.0,5194610.83,183487.47,5315380.02,3168453.91,1945155.59,3434290.99,43,254,230,7,13
1906,Goiania,GO,comercial,Construtora Horizonte,2314.0,10842019.43,835856.47,12083451.51,6581254.73,4529283.73,6573712.91,85,554,616,20,17
1907,Rio de Janeiro,RJ,industrial,Estrutural Engenharia,2125.0,11672215.1,499422.76,12698803.41,7844725.49,4746993.73,8314864.53,50,366,372,12,14
1908,Goiania,GO,residencial_popular,Delta Obras,1705.0,3505909.58,151144.16,3813893.34,1849084.9,1552448.75,1854309.93,58,309,356,11,15
1909,Campinas,SP,comercial,Engenharia Vale Verde,2006.0,7094911.86,520278.76,7797644.33,4710541.46,2822002.91,4572696.54,69,314,320,10,12
1910,Sao Paulo,SP,comercial,Construtora Atlantica,3745.0,18166372.79,898964.87,19166167.23,9515798.92,6633509.39,9269930.78,137,652,808,26,7
1911,Goiania,GO,residencial_popular,Alfa Construcoes,3322.0,7449105.72,671195.08,8291348.89,4448274.27,2774959.86,4681655.34,104,504,464,15,18
1912,Uberlandia,MG,industrial,Construtora Atlantica,1311.0,6709947.35,67865.88,6735397.88,3779473.81,2179669.32,3965153.16,46,215,232,7,16
1913,Belo Horizonte,MG,residencial_padrao,Construtora Atlantica,2512.0,8645644.26,126722.77,8696756.58,5445375.9,2795749.18,5894143.24,85,385,426,14,12
1914,Contagem,MG,residencial_padrao,Vertice Engenharia,2192.0,7533462.07,510648.98,8067507.0,3960684.54,2767020.61,4022426.4,63,391,373,12,12
1915,Contagem,MG,industrial,Vertice Engenharia,1545.0,10775558.07,436537.59,10471348.79,5498178.21,3952320.04,5647504.56,36,290,316,10,19
1916,Ribeirao Preto,SP,comercial,Vertice Engenharia,1861.0,9898751.48,3395887.63,13601747.01,5753713.88,3825557.66,5802141.63,58,351,374,12,15
1917,Uberlandia,MG,comercial,Obras & Cia,2333.0,8979341.27,798262.72,9475596.61,5620326.01,3283903.78,5846352.74,62,392,359,11,10
1918,Salvador,BA,residencial_popular,Beta Engenharia,1286.0,2428004.03,109702.63,2471129.93,1245956.29,939024.14,1234786.35,41,210,247,8,17
1919,Rio de Janeiro,RJ,comercial,Alfa Construcoes,6404.0,22743252.82,598171.76,23682992.24,12190947.59,8784680.01,12612550.74,166,1414,1522,50,13
1920,Contagem,MG,industrial,Vertice Engenharia,5567.0,35945292.24,1870469.97,38709351.67,22519642.95,14096292.99,22096970.84,185,783,743,24,18
1921,Goiania,GO,comercial,Construtora Atlantica,2074.0,6436322.72,371627.22,7232360.61,3728057.03,2358995.55,3802888.56,50,357,356,11,20
1922,Rio de Janeiro,RJ,industrial,Delta Obras,1617.0,11387484.75,4258634.92,15096962.01,5393628.05,3566477.37,5462749.89,65,315,307,10,13
1923,Goiania,GO,comercial,Vertice Engenharia,2609.0,11434458.07,1032372.67,12378072.61,7006064.83,4436529.55,7382133.97,53,387,372,12,16
1924,Rio de Janeiro,RJ,residencial_padrao,Estrutural Engenharia,1499.0,4049547.37,121392.03,4295775.92,2449046.66,1613594.47,2598963.97,41,267,297,9,19
1925,Belo Horizonte,MG,comercial,Estrutural Engenharia,2812.0,15786523.2,595265.64,16418984.94,9348461.63,5698468.35,9585817.11,76,471,563,18,18
1926,Salvador,BA,residencial_popular,Estrutural Engenharia,3477.0,7396818.81,517241.06,7958855.7,4345823.75,2799562.37,4447707.38,91,548,631,21,14
1927,Salvador,BA,residencial_popular,Construtora Planalto,4423.0,7083208.51,522017.17,7852283.41,4713656.29,2837019.71,4880543.8,124,701,704,23,20
1928,Rio de Janeiro,RJ,comercial,Beta Engenharia,7642.0,34909974.19,690577.54,34713826.58,21158471.09,14050405.6,22857169.45,183,1095,1198,39,16
1929,Contagem,MG,comercial,Alfa Construcoes,4307.0,17145656.17,1349714.62,19304700.57,10458227.0,6575230.56,11130653.23,135,870,993,33,13
1930,Uberlandia,MG,residencial_popular,Vertice Engenharia,5644.0,11363031.56,303324.21,11253402.7,6033205.85,4131175.68,6369008.48,158,914,1015,33,14
1931,Rio de Janeiro,RJ,residencial_popular,Engenharia Mineira,1820.0,4438002.1,341380.28,4808573.85,2753671.27,1623741.35,2892001.24,52,345,374,12,8
1932,Sao Paulo,SP,residencial_padrao,Estrutural Engenharia,4103.0,9923150.84,528038.18,10886798.27,7795488.15,4200570.67,8427766.96,109,770,869,28,10
1933,Salvador,BA,residencial_popular,Construtora Horizonte,1577.0,3223278.65,1083.76,3234118.5,1776772.45,1022720.45,1829858.99,49,323,326,10,10
1934,Ribeirao Preto,SP,residencial_padrao,Engenharia Mineira,1561.0,4786831.02,467996.34,5100215.17,2892156.13,1801220.85,3131587.98,42,276,291,9,15
1935,Goiania,GO,industrial,Construtora Serrana,1541.0,10970039.59,464342.15,11076192.06,5958669.84,3801874.46,6049863.92,60,282,288,9,9
1936,Goiania,GO,residencial_padrao,Alfa Construcoes,4542.0,14275467.19,1406734.78,16018915.63,8904205.35,5810549.81,9866599.32,147,1227,1184,39,16
1937,Salvador,BA,industrial,Estrutural Engenharia,1623.0,7664218.82,300632.05,7667102.12,4376576.15,2588852.18,4513066.08,52,261,650,21,15
1938,Rio de Janeiro,RJ,residencial_padrao,Alfa Construcoes,1778.0,5105222.86,232273.24,5668185.25,2811683.72,1912619.74,2960556.78,53,259,265,8,14
1939,Curitiba,PR,industrial,Construtora Atlantica,7371.0,53563203.46,5314538.59,58427121.65,31815545.18,20362703.39,33450914.39,206,1384,1556,51,15
1940,Curitiba,PR,residencial_popular,Estrutural Engenharia,3075.0,4079593.04,293978.11,4299688.71,2414188.39,1747374.15,2576318.58,72,471,536,17,22
1941,Salvador,BA,residencial_popular,Alfa Construcoes,2001.0,3936372.65,98508.21,4061553.9,2193455.69,1348891.76,2409780.74,67,305,333,11,8
1942,Uberlandia,MG,comercial,Construtora Planalto,3953.0,16772877.16,430806.22,16451376.27,10578834.9,5793119.67,11266142.09,122,721,867,28,7
1943,Salvador,BA,industrial,Engenharia Mineira,1627.0,9168956.81,908617.93,9779486.83,5392581.83,2669400.17,5611172.0,47,331,387,12,12
1944,Goiania,GO,industrial,Engenharia Mineira,2862.0,20541517.56,2052033.91,23098950.6,13709683.4,9274062.92,14497525.88,66,431,457,15,16
1945,Ribeirao Preto,SP,residencial_popular,Construtora Planalto,3450.0,4878517.76,168166.88,5075886.58,2565540.16,1775477.05,2704471.95,96,653,732,24,14
1946,Ribeirao Preto,SP,residencial_padrao,Obras & Cia,2727.0,10072944.93,809826.2,10622468.52,5610550.7,3402795.17,5780593.1,97,463,509,16,11
1947,Sao Paulo,SP,comercial,Engenharia Mineira,2670.0,13987016.91,613832.46,14348890.06,7406310.97,4532451.55,7894205.78,77,441,508,16,20
1948,Curitiba,PR,residencial_popular,Construtora Serrana,3337.0,5621517.71,94633.59,5420103.27,3298163.7,1980767.65,3377464.97,104,719,736,24,13
1949,Salvador,BA,industrial,Vertice Engenharia,4396.0,31427520.4,396695.21,31532406.44,17891467.99,11017764.34,18205188.15,138,762,815,27,15
1950,Uberlandia,MG,comercial,Engenharia Vale Verde,4157.0,18716439.88,445519.88,18939124.73,10661559.43,8236181.69,11256716.98,119,797,934,31,10
1951,Curitiba,PR,residencial_popular,Engenharia Vale Verde,2352.0,4122270.28,247592.16,4545940.88,2449753.48,1425367.54,2664304.65,72,375,418,13,16
1952,Curitiba,PR,comercial,Beta Engenharia,2835.0,12104542.55,462292.42,11959844.48,6669847.83,3696408.31,6946145.0,79,413,406,13,20
1953,Salvador,BA,residencial_popular,Beta Engenharia,2405.0,3662364.5,319094.24,4013918.04,2089279.0,1549294.91,2151151.5,78,388,386,12,15
1954,Goiania,GO,residencial_popular,Obras & Cia,3167.0,5863024.91,502672.25,6440526.77,3583491.47,2426706.24,3827793.58,93,463,475,15,15
1955,Campinas,SP,industrial,Construtora Atlantica,3755.0,21257652.78,1500337.49,24135323.92,14118139.47,9563354.19,14172121.1,134,653,687,22,14
1956,Curitiba,PR,industrial,Alfa Construcoes,8753.0,62609236.64,6223417.38,69299586.4,35777997.75,24405640.16,39826909.36,263,1553,1768,58,19
1957,Campinas,SP,residencial_popular,Delta Obras,2616.0,4380553.81,166756.19,4697874.16,2432741.98,1797829.2,2561797.82,56,418,435,14,17
1958,Uberlandia,MG,residencial_popular,Beta Engenharia,2643.0,4588054.0,39289.32,4617204.55,2157691.67,1567861.36,2281344.4,74,466,486,16,11
1959,Contagem,MG,residencial_popular,Estrutural Engenharia,3069.0,4833483.2,251213.91,5124579.34,2784448.4,2165808.2,2911917.46,91,542,527,17,17
1960,Campinas,SP,residencial_padrao,Engenharia Vale Verde,2278.0,6279934.4,618912.23,6803034.1,3979321.95,2421263.75,4364588.99,58,354,425,14,14
1961,Curitiba,PR,residencial_popular,Engenharia Mineira,2964.0,6479145.97,324091.76,6670926.18,3825823.0,2171467.89,4078343.18,79,506,554,18,9
1962,Curitiba,PR,residencial_popular,Delta Obras,12471.0,22933623.61,1886465.39,23793801.85,14329014.07,8077972.37,14705285.93,339,1912,2104,70,15
1963,Goiania,GO,comercial,Estrutural Engenharia,3348.0,15854378.29,1434256.15,17856282.25,9861249.63,5812146.7,10311625.22,86,732,664,22,18
1964,Curitiba,PR,residencial_padrao,Construtora Atlantica,3135.0,9468341.73,44058.85,9599590.58,4783333.82,3040991.66,4979270.96,91,614,683,22,13
1965,Rio de Janeiro,RJ,residencial_popular,Construtora Planalto,3433.0,6068764.47,24533.21,5922669.04,2926417.64,2017891.09,3078026.81,119,702,747,24,11
1966,Sao Paulo,SP,comercial,Construtora Serrana,2174.0,11532783.3,725449.13,12366629.11,6697024.45,3343257.99,6803483.06,63,345,312,10,14
1967,Rio de Janeiro,RJ,comercial,Delta Obras,3352.0,15038478.0,480724.97,16015890.22,9102784.89,6018960.66,9462251.37,68,667,672,22,18
1968,Goiania,GO,residencial_popular,Estrutural Engenharia,4178.0,5344124.55,247389.04,5557311.82,3333474.4,1606030.9,3525806.06,129,646,694,23,16
1969,Curitiba,PR,comercial,Engenharia Mineira,2897.0,12671139.24,874958.81,13948131.47,7755426.63,4347839.45,8168227.55,60,395,320,10,15
1970,Goiania,GO,comercial,Engenharia Mineira,2368.0,10213480.12,3738973.61,13568119.47,6435963.73,3751628.22,6577228.45,58,497,499,16,12
1971,Belo Horizonte,MG,residencial_padrao,Alfa Construcoes,2116.0,4719242.12,24496.26,4808568.73,2795525.78,2011405.98,3053292.62,58,400,471,15,13
1972,Contagem,MG,comercial,Beta Engenharia,1594.0,6654130.58,8093.17,6808257.68,3638853.51,2124014.51,3645719.43,44,263,264,8,13
1973,Belo Horizonte,MG,industrial,Estrutural Engenharia,5975.0,31654772.5,1207979.49,33807494.07,17544582.57,11816768.45,18401813.19,210,973,1024,34,17
1974,Belo Horizonte,MG,residencial_padrao,Alfa Construcoes,5948.0,24594236.05,1455998.52,25130344.91,14275094.08,8431371.52,15110430.01,191,1284,1312,43,17
1975,Salvador,BA,residencial_padrao,Construtora Planalto,3646.0,12022165.97,3741648.61,15969708.56,7097256.85,4641242.34,7823290.27,102,604,639,21,14
1976,Contagem,MG,industrial,Delta Obras,2315.0,13586819.64,320372.33,13952256.2,7999774.41,4794588.96,7917765.9,60,379,367,12,18
1977,Uberlandia,MG,residencial_padrao,Vertice Engenharia,5028.0,15959802.29,154252.35,16200263.02,8646927.73,5399458.91,8887902.28,146,895,806,26,20
1978,Uberlandia,MG,industrial,Construtora Serrana,1696.0,11352445.43,510325.65,11910454.9,6272689.19,3980919.6,6378655.07,53,282,301,10,11
1979,Rio de Janeiro,RJ,comercial,Engenharia Vale Verde,4648.0,15506471.73,194611.96,15253233.54,7747004.95,5458069.83,8007633.22,160,658,739,24,7
1980,Contagem,MG,comercial,Obras & Cia,2585.0,14347789.82,988533.37,15474104.19,7878260.91,5644074.42,7970649.92,62,407,400,13,18
1981,Curitiba,PR,residencial_popular,Construtora Planalto,2674.0,5181151.22,226670.23,5421668.54,2655048.65,1897497.86,2791272.08,60,585,601,20,20
1982,Campinas,SP,residencial_popular,Construtora Serrana,1965.0,3078857.61,226637.76,3243099.33,1655361.56,1146569.12,1699013.37,60,348,364,12,12
1983,Contagem,MG,residencial_padrao,Obras & Cia,3112.0,11453303.5,295453.66,11533818.19,6286786.07,3327287.6,6574833.52,94,592,585,19,13
1984,Ribeirao Preto,SP,industrial,Engenharia Mineira,1874.0,10370210.7,158193.32,10784100.69,5994021.67,3804454.9,6390153.85,58,264,277,9,11
1985,Rio de Janeiro,RJ,industrial,Beta Engenharia,5519.0,31002276.5,1680470.41,32069606.36,16656102.16,11858953.11,17052197.98,141,878,860,28,14
1986,Goiania,GO,residencial_padrao,Alfa Construcoes,7661.0,23237214.42,1241216.76,24496379.24,13496581.65,8452324.92,13824244.6,208,1327,1297,43,19
1987,Campinas,SP,residencial_popular,Beta Engenharia,2660.0,5679137.65,423744.19,6335918.09,3261683.0,2257778.92,3367224.82,87,377,451,15,14
1988,Salvador,BA,comercial,Vertice Engenharia,7082.0,21393267.97,859744.81,21767590.25,9920828.26,7383220.44,10966894.91,223,1067,1222,40,14
1989,Campinas,SP,comercial,Construtora Planalto,1264.0,5054338.21,237687.26,5301658.93,2993813.17,1876759.31,3340377.34,38,173,183,6,21
1990,Salvador,BA,industrial,Construtora Atlantica,2448.0,14995285.45,1106394.42,16284664.0,9751506.08,5372202.64,9998365.13,69,410,424,14,11
1991,Contagem,MG,residencial_padrao,Construtora Atlantica,2486.0,9550553.6,120809.13,9859498.47,5642673.65,3207016.4,5986967.52,55,400,448,14,17
1992,Curitiba,PR,industrial,Construtora Serrana,3919.0,26206173.87,1529972.78,27941923.53,15162318.34,9451472.84,16509928.99,125,802,893,29,9
1993,Contagem,MG,industrial,Engenharia Vale Verde,4694.0,28834538.02,2269288.3,30690990.61,15180493.01,9650057.19,15815558.81,163,751,760,25,15
1994,Uberlandia,MG,comercial,Obras & Cia,3827.0,16300224.71,217605.42,16634780.4,7532966.94,6144817.55,7943500.58,101,769,788,26,10
1995,Sao Paulo,SP,residencial_padrao,Alfa Construcoes,1477.0,4109169.6,229228.86,4256484.13,2182999.07,1605552.55,2354214.64,38,221,227,7,14
1996,Salvador,BA,comercial,Construtora Serrana,2289.0,9606598.02,174630.29,10128815.77,5732204.86,4090314.36,5897490.31,88,348,343,11,13
1997,Uberlandia,MG,residencial_popular,Engenharia Vale Verde,1901.0,2707866.42,80273.18,4206338.05,2328622.09,1066766.4,2492340.95,70,293,310,10,14
1998,Curitiba,PR,residencial_padrao,Construtora Atlantica,2109.0,6575739.92,472723.09,6899619.39,3510557.26,2402094.07,3567017.57,79,368,429,14,14
1999,Uberlandia,MG,industrial,Construtora Planalto,1028.0,6573353.71,337359.5,6772862.14,3773852.46,2405068.06,3842594.55,28,147,151,5,11
2000,Belo Horizonte,MG,comercial,Estrutural Engenharia,1615.0,7921560.11,345437.48,8327031.64,4391899.23,2772814.03,4812172.57,57,252,299,9,17
2001,Uberlandia,MG,industrial,Vertice Engenharia,1571.0,8363276.88,738262.37,9163232.04,4573663.6,2967212.84,4691003.34,46,207,201,6,11
2002,Sao Paulo,SP,residencial_popular,Beta Engenharia,2920.0,4601754.62,68155.7,4559021.86,2561421.02,1962801.6,2731821.94,84,534,503,16,17
2003,Goiania,GO,industrial,Delta Obras,2361.0,16744213.38,214727.82,17353114.85,9749810.79,5981374.42,9958003.0,68,353,356,11,16
2004,Belo Horizonte,MG,industrial,Construtora Atlantica,3486.0,17144497.71,1315010.18,18975326.11,9480807.24,6031715.24,9935080.99,76,638,695,23,16
2005,Rio de Janeiro,RJ,residencial_padrao,Estrutural Engenharia,3231.0,9688070.79,143476.19,9341560.8,5128727.54,3521514.38,5393999.55,79,499,521,17,12
2006,Rio de Janeiro,RJ,residencial_popular,Engenharia Mineira,2608.0,4789591.19,103273.01,4970414.19,2561780.5,1525017.27,2673995.29,66,447,488,16,14
2007,Goiania,GO,residencial_popular,Alfa Construcoes,1341.0,2951602.06,249587.95,3277416.65,1766896.74,1135707.34,1842461.51,36,210,238,7,20
2008,Uberlandia,MG,industrial,Construtora Serrana,3123.0,21766361.63,1122135.55,22511383.12,12544453.98,8218796.94,13159559.44,84,466,488,16,3
2009,Salvador,BA,comercial,Engenharia Mineira,2569.0,10079995.18,224277.63,10200267.9,5380540.2,3344562.95,5539460.98,68,336,374,12,19
2010,Uberlandia,MG,industrial,Alfa Construcoes,2791.0,17008908.93,64717.25,16735794.83,8919689.91,6286576.38,9657426.6,78,553,567,18,9
2011,Rio de Janeiro,RJ,residencial_popular,Construtora Atlantica,3387.0,5867375.95,89406.51,6031284.16,3379174.61,1893546.34,3522458.61,91,466,479,15,17
2012,Uberlandia,MG,residencial_popular,Engenharia Mineira,5293.0,11118176.52,764370.24,12045967.01,7762487.27,3993738.05,8645255.39,136,748,766,25,18
2013,Curitiba,PR,comercial,Obras & Cia,1731.0,7591597.54,90413.97,7640912.83,3953100.16,2624401.17,4497478.82,39,357,390,13,18
2014,Uberlandia,MG,industrial,Engenharia Vale Verde,3422.0,16384706.29,512929.18,16984977.68,9409271.71,5583694.53,9655500.27,99,510,532,17,21
2015,Goiania,GO,industrial,Beta Engenharia,3283.0,18651163.3,1723677.27,19897098.72,12477389.23,5954836.1,13743400.13,92,509,588,19,18
2016,Ribeirao Preto,SP,comercial,Construtora Serrana,7584.0,29417545.76,2918775.17,32710486.91,17423924.15,10572072.5,18178404.25,300,1338,1376,45,10
2017,Belo Horizonte,MG,comercial,Estrutural Engenharia,2672.0,10834809.88,289261.89,13831618.49,6216346.26,8630131.63,6550596.74,221,525,539,17,17
2018,Sao Paulo,SP,industrial,Engenharia Vale Verde,4181.0,21398525.46,1808645.47,23032243.42,14047426.19,8174086.73,14633752.07,97,724,889,29,12
2019,Rio de Janeiro,RJ,residencial_padrao,Construtora Serrana,2743.0,8470142.84,702072.35,9888191.17,5564530.76,3598584.57,5765653.06,85,402,368,12,10
2020,Sao Paulo,SP,industrial,Beta Engenharia,2472.0,15757853.98,989088.09,17398193.01,8466153.48,6473500.45,8838943.89,62,462,486,16,14
2021,Contagem,MG,comercial,Construtora Serrana,1572.0,6435315.34,248162.0,6531713.17,3506204.41,1916574.99,3642527.4,39,239,249,8,15
2022,Campinas,SP,industrial,Vertice Engenharia,8382.0,51535396.51,1195377.95,51654778.16,25825159.16,16979508.63,26946365.99,180,1451,1423,47,11
2023,Ribeirao Preto,SP,comercial,Engenharia Vale Verde,4908.0,20418091.14,750050.58,20451434.88,12656365.43,7580615.5,13314038.79,110,648,678,22,14
2024,Rio de Janeiro,RJ,industrial,Construtora Atlantica,1418.0,6605968.91,653759.35,7495888.02,3654574.56,3062061.78,3757226.67,32,248,229,7,20
2025,Rio de Janeiro,RJ,industrial,Vertice Engenharia,1895.0,10804367.06,897639.18,11659694.12,6463121.96,3957982.37,6433606.55,59,288,297,9,13
2026,Sao Paulo,SP,residencial_padrao,Vertice Engenharia,6030.0,16203214.41,567122.15,16794010.52,9401159.9,5508927.71,9772004.44,172,1079,1161,38,16
2027,Salvador,BA,industrial,Alfa Construcoes,3426.0,14659791.0,720814.84,15286536.22,9637809.72,6024847.87,9973610.08,88,620,651,21,17
2028,Curitiba,PR,residencial_popular,Delta Obras,3095.0,7492549.24,620418.25,7721792.5,3810025.3,3044086.83,3991765.08,86,556,563,18,11
2029,Ribeirao Preto,SP,residencial_padrao,Estrutural Engenharia,2839.0,9640541.12,161610.45,9676915.73,4757663.12,2938163.33,5427539.94,66,401,399,13,15
2030,Campinas,SP,industrial,Construtora Serrana,2221.0,15976911.12,167361.38,15674450.92,8423565.26,5838320.65,8700455.08,62,351,379,12,16
2031,Goiania,GO,residencial_popular,Vertice Engenharia,2263.0,3432037.6,212831.24,3632321.52,2116373.53,1120903.65,2239523.61,58,499,513,17,21
2032,Salvador,BA,comercial,Construtora Horizonte,4143.0,16474988.52,1360488.47,17466238.87,9569380.28,5831518.09,10048755.82,128,711,679,22,16
2033,Curitiba,PR,residencial_popular,Engenharia Mineira,1328.0,2720048.33,211273.25,2945546.91,1710132.89,1059947.01,1855419.1,39,194,205,6,17
2034,Belo Horizonte,MG,residencial_popular,Obras & Cia,4276.0,7223291.28,206065.54,7418267.58,3854501.73,2362230.35,3801149.36,156,563,561,18,22
2035,Uberlandia,MG,residencial_popular,Delta Obras,2908.0,4143460.08,207295.67,4597728.63,2815214.39,1647031.27,2858962.68,96,546,629,20,21
2036,Contagem,MG,residencial_popular,Construtora Planalto,6466.0,10056935.87,757456.62,10964593.37,5652116.04,3628431.45,5813698.01,153,858,908,30,13
2037,Salvador,BA,residencial_popular,Estrutural Engenharia,2984.0,4960734.57,128718.97,5152547.42,2750365.31,1774085.75,2872581.55,89,528,586,19,7
2038,Campinas,SP,comercial,Construtora Planalto,4044.0,20250550.19,1896286.39,21539332.09,10957257.01,7379115.82,11734960.83,126,623,536,17,13
2039,Belo Horizonte,MG,residencial_padrao,Construtora Serrana,2737.0,7737185.24,139021.69,7160726.96,3648590.32,2733372.94,3767249.47,83,661,607,20,19
2040,Rio de Janeiro,RJ,residencial_padrao,Beta Engenharia,2175.0,6931447.57,216815.77,6718478.89,3652377.32,2466879.37,3899846.77,55,457,481,16,13
2041,Contagem,MG,residencial_popular,Estrutural Engenharia,2681.0,4383134.61,108410.35,4648097.18,2617806.5,1419860.32,2785853.84,81,473,467,15,17
2042,Contagem,MG,industrial,Engenharia Mineira,5249.0,30648946.33,1939869.08,33265812.97,17407884.56,11175829.66,18437934.47,192,849,840,28,18
2043,Goiania,GO,residencial_padrao,Vertice Engenharia,3668.0,9085154.05,281681.61,9637127.17,4846601.24,3362336.65,4752294.18,134,527,568,18,13
2044,Salvador,BA,residencial_popular,Vertice Engenharia,3295.0,5647932.88,109723.16,5725741.86,3162606.76,1765503.28,3286514.6,91,577,583,19,16
2045,Goiania,GO,comercial,Vertice Engenharia,3205.0,16989481.93,349582.64,28859298.05,15168770.36,6154950.77,15834934.11,84,483,511,17,18
2046,Uberlandia,MG,residencial_padrao,Construtora Horizonte,4954.0,17363142.6,1320237.11,19083198.43,9813340.55,6792681.04,10392477.93,174,776,737,24,13
2047,Campinas,SP,residencial_padrao,Beta Engenharia,2069.0,6697661.94,174372.76,6702945.2,3838903.93,2192367.85,4294348.54,60,408,396,13,19
2048,Belo Horizonte,MG,residencial_padrao,Engenharia Vale Verde,4568.0,13763346.32,1166952.03,15349346.75,8610654.15,6475539.76,8595652.02,147,788,969,32,22
2049,Uberlandia,MG,residencial_popular,Estrutural Engenharia,2004.0,3267765.12,27626.5,3217940.67,1962004.76,1102746.39,2053542.2,51,429,452,15,10
2050,Campinas,SP,industrial,Beta Engenharia,2167.0,13441952.2,36754.21,13389819.49,7562936.58,4337519.06,8095727.13,63,386,380,12,14
2051,Campinas,SP,residencial_padrao,Construtora Atlantica,2888.0,7754333.16,171761.91,7813878.58,4386323.56,2592880.76,4774176.32,90,405,391,13,13
2052,Goiania,GO,residencial_popular,Engenharia Mineira,9281.0,16081326.87,629143.56,17665548.65,8646280.39,5314989.44,8872248.81,237,1969,2161,72,17
2053,Campinas,SP,industrial,Engenharia Vale Verde,5028.0,31815400.13,748193.19,33090052.78,17590579.33,10445266.51,18169644.17,144,818,2236,74,14
2054,Sao Paulo,SP,comercial,Estrutural Engenharia,6724.0,31131834.06,1406377.17,30763499.7,17765319.29,9965139.83,19115574.32,160,1411,1544,51,20
2055,Ribeirao Preto,SP,industrial,Obras & Cia,1045.0,5467140.25,180860.1,5736697.58,3250028.86,1543534.46,3383198.96,26,170,180,6,13
2056,Salvador,BA,residencial_popular,Vertice Engenharia,3060.0,5978669.71,247235.58,6241942.24,3706442.42,2114472.04,3731198.72,81,501,545,18,9
2057,Belo Horizonte,MG,residencial_popular,Delta Obras,4252.0,7347459.3,497856.75,8098834.32,4097436.84,3384024.58,4226931.63,97,726,854,28,12
2058,Uberlandia,MG,industrial,Beta Engenharia,4151.0,29018336.13,1877689.46,30974632.84,18582783.17,10185770.59,19831104.52,122,673,711,23,11
2059,Uberlandia,MG,residencial_padrao,Construtora Serrana,3205.0,10107846.31,1002641.56,11447120.84,6428694.13,3744417.5,6591207.06,71,617,653,21,16
2060,Belo Horizonte,MG,residencial_padrao,Construtora Atlantica,2013.0,5946548.44,336858.19,6533684.84,3591141.61,2184119.15,3782221.73,52,351,393,13,9
2061,Curitiba,PR,comercial,Construtora Serrana,2968.0,13256249.54,266420.69,13024555.86,6295199.25,4260549.73,6720944.81,98,623,608,20,13
2062,Contagem,MG,comercial,Vertice Engenharia,4996.0,26850892.62,284462.51,25812582.02,13313217.16,9575294.87,13797539.53,127,810,952,31,19
2063,Uberlandia,MG,residencial_padrao,Obras & Cia,2426.0,7656801.99,690242.04,7969951.59,4852670.56,2967704.08,5045075.0,58,441,398,13,19
2064,Sao Paulo,SP,residencial_popular,Beta Engenharia,3305.0,6267490.74,38056.1,6415424.42,3669595.19,2093208.3,3885467.59,120,455,426,14,13
2065,Rio de Janeiro,RJ,residencial_padrao,Construtora Horizonte,2069.0,6633302.53,443391.09,7319618.03,4092223.07,2460216.64,4280434.81,50,307,294,9,12
2066,Rio de Janeiro,RJ,residencial_popular,Construtora Serrana,1763.0,3503577.54,345142.96,3999262.44,2284290.59,1263935.97,2362248.17,54,287,296,9,10
2067,Campinas,SP,comercial,Delta Obras,3923.0,18439535.05,955508.94,19552569.68,10269854.93,6951325.09,11565450.19,95,679,684,22,3
2068,Rio de Janeiro,RJ,industrial,Alfa Construcoes,2271.0,10699732.67,213535.27,11058762.93,6042799.69,4100011.59,6360610.43,57,360,401,13,6
2069,Contagem,MG,residencial_popular,Obras & Cia,2484.0,5141612.22,510927.55,5624689.29,2955981.2,1638758.53,3180360.61,77,296,293,9,23
2070,Curitiba,PR,industrial,Engenharia Mineira,3348.0,22412323.8,368634.45,23353659.72,13606736.28,8591581.49,14280348.63,114,563,599,19,7
2071,Ribeirao Preto,SP,residencial_padrao,Engenharia Vale Verde,2840.0,7430911.88,301962.27,7660530.09,4804713.44,2731772.23,5194286.13,82,630,695,23,12
2072,Contagem,MG,residencial_padrao,Construtora Horizonte,3091.0,11372809.84,210934.66,12134964.92,7512979.8,3502439.36,7619599.38,119,475,472,15,13
2073,Salvador,BA,residencial_popular,Estrutural Engenharia,3609.0,5156069.08,477952.34,5634240.51,3368993.2,1967691.33,3457429.97,148,533,528,17,10
2074,Campinas,SP,comercial,Construtora Planalto,1843.0,7985361.25,141506.01,8172144.0,4414118.94,3405003.63,4409116.45,51,300,290,9,15
2075,Uberlandia,MG,residencial_padrao,Beta Engenharia,3128.0,11958369.96,132367.77,11785241.03,7177238.21,4447287.87,7652481.56,75,700,779,25,19
2076,Sao Paulo,SP,residencial_padrao,Engenharia Mineira,3288.0,7277178.92,562593.75,9536012.6,4576198.86,6218487.01,4722922.49,212,486,478,15,14
2077,Uberlandia,MG,residencial_popular,Construtora Planalto,2485.0,4265254.37,107766.8,4233198.38,1950189.56,1511988.59,1931337.08,82,542,497,16,16
2078,Belo Horizonte,MG,industrial,Engenharia Vale Verde,1544.0,8352632.11,362765.46,8701778.73,5072327.41,3297563.07,5287563.53,59,286,298,9,11
2079,Rio de Janeiro,RJ,industrial,Construtora Planalto,3087.0,25274111.11,1398125.14,26669991.1,13268815.7,10329341.74,14280460.61,79,435,441,14,13
2080,Belo Horizonte,MG,industrial,Engenharia Mineira,983.0,6300380.12,268348.99,6745724.53,3820290.11,2008766.92,4042114.89,27,156,170,5,20
2081,Belo Horizonte,MG,residencial_padrao,Construtora Planalto,3015.0,11205504.98,393916.84,11917850.57,6653119.17,4325892.73,7036879.82,85,389,385,12,19
2082,Uberlandia,MG,residencial_padrao,Beta Engenharia,2713.0,8014068.72,578122.19,8615724.98,4386428.64,3395717.73,4749203.92,63,438,458,15,17
2083,Rio de Janeiro,RJ,comercial,Construtora Atlantica,3181.0,13923318.02,346472.07,14324352.99,7625731.53,4909291.46,8090241.9,76,597,610,20,11
2084,Ribeirao Preto,SP,residencial_popular,Obras & Cia,2702.0,5259356.3,162114.49,5249579.21,3159020.45,1986085.74,3231565.56,65,431,447,14,16
2085,Curitiba,PR,comercial,Engenharia Mineira,3915.0,18130838.19,1461904.89,18401997.98,10509147.37,6234419.18,11279871.41,104,684,774,25,15
2086,Campinas,SP,residencial_padrao,Construtora Horizonte,6917.0,19914250.32,850876.02,19994323.72,11578097.9,6648823.03,11993739.26,213,1143,1085,36,6
2087,Belo Horizonte,MG,residencial_popular,Obras & Cia,1036.0,2086021.69,24800.98,2100423.25,1264412.2,733619.68,1388295.81,31,252,262,8,21
2088,Uberlandia,MG,comercial,Construtora Horizonte,3514.0,18201772.88,924764.02,20633549.31,10921405.36,7842302.89,11717118.39,111,620,701,23,15
2089,Goiania,GO,comercial,Construtora Atlantica,1316.0,6526305.96,583747.66,7096421.51,4005473.46,2396628.09,4134621.64,38,233,285,9,18
2090,Uberlandia,MG,industrial,Construtora Serrana,2401.0,14469650.1,824690.89,17696124.91,7778311.53,11018914.07,8215082.41,186,404,420,14,19
2091,Contagem,MG,residencial_padrao,Alfa Construcoes,3043.0,9940086.59,342503.86,10335856.52,5472030.45,3025615.56,5510235.5,93,514,516,17,16
2092,Campinas,SP,industrial,Engenharia Mineira,4049.0,29284210.49,1975477.44,31488242.39,14919123.38,9627966.41,15401563.45,99,753,741,24,15
2093,Campinas,SP,residencial_padrao,Engenharia Mineira,2013.0,8240818.81,549979.13,8820753.02,4709654.24,3203689.97,5119623.65,46,373,424,14,17
2094,Campinas,SP,industrial,Engenharia Mineira,2715.0,18576418.74,607532.04,20085051.97,11206292.1,6965346.61,10939631.57,100,477,458,15,18
2095,Curitiba,PR,industrial,Estrutural Engenharia,2320.0,12955288.68,577676.1,13286026.57,7547744.99,4728114.0,8129665.97,59,388,354,11,14
2096,Curitiba,PR,residencial_padrao,Vertice Engenharia,2062.0,7657042.15,670737.55,8097808.73,4305369.15,3302742.14,4606449.37,51,399,396,13,12
2097,Uberlandia,MG,residencial_popular,Beta Engenharia,2733.0,4584952.94,77944.44,4551822.24,2470758.37,1745152.57,2482138.24,74,384,397,13,12
2098,Curitiba,PR,residencial_padrao,Beta Engenharia,2947.0,8051410.75,803841.84,8814876.82,4402715.38,3082120.66,4770125.89,66,485,548,18,16
2099,Curitiba,PR,industrial,Delta Obras,1139.0,8501317.28,490821.62,9365160.94,5351930.11,3003590.82,5669620.42,24,157,158,5,12
2100,Rio de Janeiro,RJ,residencial_padrao,Alfa Construcoes,5431.0,19186718.87,1832973.53,21308928.78,11567261.37,7481847.11,12232012.11,132,800,792,26,14
2101,Sao Paulo,SP,industrial,Engenharia Mineira,1286.0,7589414.57,553878.43,7725042.87,4241338.44,2690754.92,4490016.87,42,264,248,8,20
2102,Salvador,BA,comercial,Estrutural Engenharia,8538.0,34032647.64,1878293.88,37057015.89,21886941.1,11489628.17,22512895.06,233,1131,1118,37,13
2103,Uberlandia,MG,residencial_padrao,Construtora Horizonte,4064.0,14248848.52,1354880.86,15354671.33,8577427.24,5955606.23,8944931.21,116,784,940,31,15
2104,Contagem,MG,industrial,Construtora Serrana,3111.0,14465285.14,865575.66,15906644.34,8798320.16,5665832.88,8908548.92,102,454,539,17,12
2105,Curitiba,PR,industrial,Delta Obras,3278.0,19312415.52,686002.49,19726518.53,11828582.82,7130006.11,12414018.66,78,525,547,18,20
2106,Campinas,SP,residencial_padrao,Beta Engenharia,427.0,1450979.94,4503.95,1453961.6,835142.73,520251.75,893881.84,12,120,133,4,17
2107,Ribeirao Preto,SP,residencial_popular,Vertice Engenharia,5317.0,10928678.49,840217.58,12118541.87,6749568.4,4938400.38,7309322.49,166,676,596,19,17
2108,Belo Horizonte,MG,residencial_popular,Engenharia Mineira,3383.0,5418047.49,148032.82,5446866.31,2929155.42,1852700.22,3009605.62,93,535,519,17,8
2109,Sao Paulo,SP,industrial,Construtora Atlantica,3889.0,25889831.69,2479094.03,29707414.28,17523890.21,12785917.99,20030146.75,148,916,961,32,17
2110,Ribeirao Preto,SP,residencial_padrao,Construtora Horizonte,2604.0,7519628.5,427683.25,11146724.19,6506794.29,2649504.18,6775726.2,68,445,507,16,11
2111,Salvador,BA,residencial_popular,Construtora Horizonte,3471.0,6598621.31,490815.15,7375196.49,4624229.56,2442402.33,5061769.63,150,505,1344,44,18
2112,Ribeirao Preto,SP,industrial,Construtora Planalto,1988.0,11545324.66,967047.33,12471855.25,7912295.44,4220795.39,8662008.7,73,344,346,11,21
2113,Campinas,SP,industrial,Construtora Horizonte,1049.0,5057106.59,288889.97,5495799.45,3199656.08,1874001.76,3306987.6,27,205,222,7,16
2114,Goiania,GO,residencial_padrao,Engenharia Mineira,3137.0,10740582.23,337116.27,11281916.53,6668335.31,4057299.2,7122025.34,91,467,492,16,10
2115,Uberlandia,MG,industrial,Construtora Horizonte,1317.0,8237178.83,428372.15,8549053.28,4760792.94,2810256.37,5071987.79,37,239,276,9,15
2116,Campinas,SP,residencial_padrao,Engenharia Mineira,6003.0,20775803.44,879524.63,20726506.93,11570937.86,7934884.71,12272477.4,337,896,1007,33,13
2117,Ribeirao Preto,SP,residencial_padrao,Alfa Construcoes,4081.0,11800301.05,1115058.34,12424261.79,6804895.07,4289972.49,6976629.22,111,579,665,22,17
2118,Rio de Janeiro,RJ,residencial_padrao,Obras & Cia,3239.0,10314900.72,463760.59,11394766.31,6315371.54,4173588.2,6818307.62,91,401,390,13,12
2119,Salvador,BA,comercial,Engenharia Mineira,6512.0,32960228.25,254006.9,32353445.36,19586634.11,11674761.19,21394726.04,187,1016,1091,36,12
2120,Goiania,GO,comercial,Engenharia Vale Verde,3816.0,19205447.65,1321465.04,20937375.95,11408181.42,8302907.37,12283979.0,90,532,553,18,16
2121,Campinas,SP,industrial,Engenharia Mineira,1678.0,8366045.12,311516.25,8649420.02,4641861.04,2654765.46,4894753.1,48,241,291,9,16
2122,Salvador,BA,residencial_padrao,Estrutural Engenharia,2995.0,9260371.19,862239.42,9981637.05,5418914.56,3734358.92,5772936.41,67,457,495,16,13
2123,Contagem,MG,comercial,Delta Obras,2242.0,8990673.2,553774.62,9255642.82,5683782.8,3341823.94,5903769.55,60,505,541,18,20
2124,Rio de Janeiro,RJ,comercial,Engenharia Vale Verde,2424.0,13078651.75,254679.13,12766006.95,8230310.64,3987918.59,8581845.83,81,468,474,15,17
2125,Salvador,BA,residencial_padrao,Construtora Serrana,2458.0,6748280.21,203895.52,7058119.29,3949829.8,2528727.89,4133982.74,69,419,475,15,23
2126,Belo Horizonte,MG,residencial_padrao,Engenharia Vale Verde,3388.0,9838532.42,917796.48,10898692.06,5810977.62,4109482.68,6104836.97,112,539,576,19,18
2127,Sao Paulo,SP,industrial,Engenharia Mineira,2823.0,15738568.72,1377509.41,17302630.83,9851255.89,6212377.52,10316995.11,70,516,644,21,18
2128,Campinas,SP,comercial,Estrutural Engenharia,4387.0,18668622.41,916687.84,18974798.56,10847583.38,5642374.67,10918305.97,116,753,748,24,13
2129,Salvador,BA,residencial_padrao,Construtora Serrana,3798.0,10775136.41,454137.02,11346097.78,6123884.93,3731282.26,6064586.42,103,626,631,21,10
2130,Uberlandia,MG,residencial_padrao,Obras & Cia,3130.0,12323215.29,1145392.97,13425259.64,7780356.16,4718439.99,8179922.44,75,592,622,20,19
2131,Salvador,BA,residencial_padrao,Estrutural Engenharia,2479.0,6029493.47,517196.99,6954453.93,3910770.91,2312201.58,4147308.83,81,432,421,14,9
2132,Campinas,SP,industrial,Obras & Cia,4967.0,25390341.57,1750912.81,27920192.68,15374622.29,9521985.82,16204708.72,150,713,855,28,20
2133,Contagem,MG,residencial_popular,Alfa Construcoes,2396.0,4315291.32,73250.15,4161129.73,1998433.54,1619527.06,2064834.33,86,468,506,16,11
2134,Belo Horizonte,MG,residencial_padrao,Engenharia Mineira,1246.0,4785849.96,126165.12,4862833.4,2573146.56,1915698.68,2747466.69,30,225,237,7,16
2135,Salvador,BA,comercial,Construtora Planalto,2842.0,11627965.59,349961.24,11503099.95,6589882.1,4133309.93,6879182.83,76,497,495,16,17
2136,Goiania,GO,residencial_padrao,Construtora Atlantica,2216.0,6908738.84,466147.96,9263021.64,4339403.23,5169024.74,4434949.3,136,402,401,13,18
2137,Salvador,BA,residencial_popular,Estrutural Engenharia,853.0,1501755.38,133967.8,1619058.62,900867.77,478770.79,869399.9,28,137,108,3,11
2138,Campinas,SP,residencial_popular,Construtora Atlantica,7934.0,13850431.41,1070618.61,15296716.23,8426230.74,5255190.64,9081786.25,212,1273,1322,44,13
2139,Uberlandia,MG,industrial,Construtora Planalto,2519.0,17905373.4,1109088.5,19832340.81,11282253.84,6365069.84,12018639.32,79,417,421,14,14
2140,Contagem,MG,residencial_padrao,Construtora Planalto,1698.0,4617467.51,269142.56,4936920.72,2582119.14,1963608.2,2774241.32,53,313,322,10,13
2141,Contagem,MG,residencial_popular,Vertice Engenharia,4877.0,8821358.5,57186.86,9097750.05,5024964.19,3294100.24,5365785.53,130,907,903,30,13
2142,Goiania,GO,industrial,Engenharia Mineira,4180.0,26383187.37,2214938.13,28391432.51,15406002.35,10091971.27,15676259.47,148,651,603,20,14
2143,Belo Horizonte,MG,comercial,Construtora Planalto,2803.0,13109357.24,1290803.51,13709172.41,8020733.15,3765022.17,8757127.36,113,352,358,11,20
2144,Uberlandia,MG,comercial,Vertice Engenharia,2490.0,9745831.93,458850.12,10075041.33,5211221.02,3688656.81,5331520.53,74,409,408,13,13
2145,Campinas,SP,residencial_padrao,Vertice Engenharia,2692.0,8178747.9,111643.38,8403419.57,4274361.15,3048898.96,4520883.24,103,362,422,14,11
2146,Salvador,BA,residencial_popular,Vertice Engenharia,1461.0,3128104.35,166242.48,3454630.67,1786126.5,1197492.23,1943334.89,43,234,266,8,12
2147,Sao Paulo,SP,industrial,Construtora Serrana,1437.0,9376553.57,135081.99,9814580.16,5290433.73,3013840.49,5181543.01,29,223,236,7,16
2148,Curitiba,PR,residencial_popular,Obras & Cia,7127.0,14001610.28,1173738.55,14616828.31,7737743.08,4977572.04,8600303.2,209,1411,1474,49,16
2149,Uberlandia,MG,residencial_padrao,Obras & Cia,3645.0,13646924.39,197972.04,13513837.9,7146728.07,4057326.05,7475369.95,99,689,830,27,18
2150,Rio de Janeiro,RJ,industrial,Construtora Atlantica,1823.0,13519125.3,449151.51,17223806.66,8062761.96,8583720.04,8164148.9,104,311,320,10,21
2151,Contagem,MG,residencial_popular,Construtora Horizonte,5799.0,8135888.76,176511.37,8219316.93,4753127.1,3090366.07,4919863.46,148,865,858,28,12
2152,Uberlandia,MG,industrial,Construtora Atlantica,5982.0,39675024.97,1563143.73,41987975.05,19655993.54,13920721.41,20808515.45,147,971,1132,37,18
2153,Sao Paulo,SP,comercial,Alfa Construcoes,2779.0,13300002.71,241198.69,14163266.66,7161669.31,5091456.33,7677763.58,83,499,520,17,18
2154,Belo Horizonte,MG,comercial,Estrutural Engenharia,5299.0,25326610.41,1746949.67,27690294.48,17644133.04,10617820.19,18143067.01,141,954,967,32,9
2155,Salvador,BA,residencial_padrao,Construtora Horizonte,3915.0,12411686.26,279858.45,12111660.67,7684531.82,4357228.34,7878780.84,104,505,555,18,3
2156,Curitiba,PR,residencial_padrao,Estrutural Engenharia,2689.0,7233324.13,487398.87,7786598.45,3637580.01,2704228.27,3944665.51,87,550,571,19,13
2157,Sao Paulo,SP,residencial_popular,Engenharia Mineira,1646.0,3176444.46,113776.29,3185034.36,1633635.51,1127803.98,1668024.93,45,229,239,7,10
2158,Goiania,GO,comercial,Construtora Horizonte,2765.0,13362487.42,564970.62,13942291.69,7634419.52,5742917.01,8291106.48,70,452,438,14,19
2159,Curitiba,PR,residencial_padrao,Beta Engenharia,2234.0,6904370.9,206745.75,7336680.35,4235623.18,2607815.5,4441967.63,70,520,487,16,12
2160,Uberlandia,MG,comercial,Engenharia Vale Verde,4473.0,19726343.96,983051.31,20222995.12,11013008.65,7047114.89,11924506.81,125,732,671,22,11
2161,Uberlandia,MG,residencial_padrao,Estrutural Engenharia,1056.0,4017390.11,271924.39,4193123.88,2166662.76,1706092.62,2366737.11,30,172,171,5,15
2162,Salvador,BA,industrial,Delta Obras,7370.0,43585792.03,423725.86,42205516.64,23427636.98,13808511.63,24772338.7,273,1124,1084,36,15
2163,Sao Paulo,SP,residencial_padrao,Construtora Atlantica,7039.0,23068000.53,1956652.09,25445624.13,15445907.0,8746578.43,16378300.59,171,1046,1142,38,13
2164,Sao Paulo,SP,comercial,Construtora Horizonte,5843.0,23868632.15,117638.47,23335666.69,13609081.36,7516785.76,14623340.37,154,1050,1233,41,9
2165,Salvador,BA,comercial,Alfa Construcoes,3496.0,10657813.13,792804.85,11784591.0,6279673.07,3783541.73,6298059.94,74,664,630,21,16
2166,Contagem,MG,comercial,Beta Engenharia,4902.0,23651892.24,358595.45,24023674.25,12787830.12,8363603.53,13134964.19,152,889,881,29,19
2167,Salvador,BA,comercial,Engenharia Mineira,1870.0,6851538.53,632492.47,7967938.18,4054818.34,2750239.58,4268351.61,54,331,378,12,16
2168,Rio de Janeiro,RJ,residencial_padrao,Construtora Horizonte,4661.0,18238412.01,834429.7,20403060.25,12215182.64,6731308.2,13136443.91,120,618,601,20,17
2169,Sao Paulo,SP,comercial,Construtora Planalto,3852.0,16754957.09,151959.84,16191582.81,9419114.24,5767146.87,9933075.62,86,676,728,24,15
2170,Campinas,SP,residencial_padrao,Engenharia Vale Verde,3078.0,9063860.75,201776.04,9180108.82,4459631.45,3009007.31,4515833.4,118,539,562,18,19
2171,Belo Horizonte,MG,comercial,Engenharia Vale Verde,3991.0,15464139.21,1251678.07,17413485.1,9852250.98,6315444.87,9971061.55,99,537,577,19,12
2172,Ribeirao Preto,SP,residencial_popular,Construtora Atlantica,2489.0,4883407.46,276363.05,5315172.98,3002201.59,1722527.23,3107216.32,77,425,507,16,22
2173,Belo Horizonte,MG,residencial_popular,Delta Obras,3163.0,4616673.51,210941.5,4713199.48,2899658.71,1422522.92,3078087.85,103,527,581,19,19
2174,Uberlandia,MG,residencial_padrao,Construtora Atlantica,2140.0,7084453.46,516913.22,7677098.98,4059851.48,2622717.57,4386546.44,72,408,448,14,13
2175,Goiania,GO,residencial_popular,Engenharia Vale Verde,5857.0,8932510.28,797640.81,9549310.21,5138413.74,3088833.4,5505442.29,164,862,863,28,23
2176,Sao Paulo,SP,residencial_popular,Construtora Atlantica,7162.0,13740371.61,201765.68,14122524.28,8090063.9,5069887.81,8260140.22,183,1097,1277,42,22
2177,Uberlandia,MG,residencial_padrao,Beta Engenharia,1614.0,6452183.4,110701.9,6629425.91,3578104.31,2234655.1,3839051.89,44,251,247,8,14
2178,Campinas,SP,industrial,Vertice Engenharia,2809.0,21516585.38,67918.29,20208104.12,12242143.47,7345196.85,12806135.19,85,535,644,21,15
2179,Rio de Janeiro,RJ,industrial,Delta Obras,3512.0,24884467.52,2202518.27,26354342.3,13450123.83,8498759.69,14736624.68,101,754,814,27,15
2180,Goiania,GO,industrial,Estrutural Engenharia,1751.0,12218426.23,625024.1,13027873.41,7292877.85,4687828.3,7555043.39,51,252,293,9,10
2181,Salvador,BA,residencial_padrao,Engenharia Mineira,4535.0,18352854.21,1596011.16,19472631.4,11703087.39,6849675.08,12654928.74,116,909,994,33,19
2182,Ribeirao Preto,SP,comercial,Alfa Construcoes,1359.0,6765825.34,33315.93,6611039.51,3549906.09,2344506.64,3667908.26,38,295,341,11,15
2183,Curitiba,PR,comercial,Engenharia Vale Verde,871.0,4546963.57,147866.08,4724503.66,2761689.34,1775595.81,2915883.13,25,153,165,5,20
2184,Rio de Janeiro,RJ,residencial_popular,Estrutural Engenharia,3592.0,6807460.49,651659.92,7828946.18,4831590.06,2552796.93,5390921.38,103,617,541,18,16
2185,Rio de Janeiro,RJ,residencial_popular,Delta Obras,3656.0,5519129.47,131339.6,5743968.62,3683003.17,1834102.48,4038322.29,140,592,591,19,13
2186,Belo Horizonte,MG,residencial_popular,Obras & Cia,1588.0,2682756.56,73224.78,2852194.94,1602403.09,1098084.23,1611464.19,48,241,259,8,11
2187,Belo Horizonte,MG,industrial,Delta Obras,2286.0,12116652.21,963480.08,13082553.17,6921763.11,4360335.75,7045704.86,69,332,355,11,18
2188,Campinas,SP,residencial_popular,Delta Obras,1307.0,2049750.34,197075.21,2196367.5,1294189.34,832681.69,1444776.54,41,179,210,7,14
2189,Belo Horizonte,MG,residencial_padrao,Beta Engenharia,5543.0,17590621.37,258747.58,17513441.64,7979097.03,6166730.59,8208128.39,187,874,816,27,18
2190,Campinas,SP,residencial_padrao,Obras & Cia,2888.0,7694788.67,42749.3,7781030.11,4361065.06,2840517.26,4495069.85,105,426,470,15,12
2191,Salvador,BA,comercial,Construtora Planalto,5591.0,29616033.33,116652.79,28404740.17,14126000.94,9676024.17,15452001.78,178,1012,1012,33,12
2192,Curitiba,PR,industrial,Construtora Atlantica,5127.0,30093752.1,1775057.43,30746800.21,18866072.02,12044762.64,19576369.82,155,974,951,31,14
2193,Sao Paulo,SP,industrial,Estrutural Engenharia,1338.0,10789839.11,728489.03,11541000.45,6058453.99,3946903.44,6296331.05,38,223,248,8,15
2194,Rio de Janeiro,RJ,comercial,Vertice Engenharia,3346.0,14491813.83,454061.39,15090531.46,8204374.96,5196616.1,8587706.49,95,561,563,18,18
2195,Rio de Janeiro,RJ,comercial,Obras & Cia,7273.0,29655360.78,843187.48,28751770.76,16766932.16,8806740.31,17110152.38,198,1321,1306,43,13
2196,Ribeirao Preto,SP,residencial_padrao,Obras & Cia,2901.0,8788883.15,761841.43,10155914.92,5918822.84,3812912.86,5888882.75,72,526,562,18,11
2197,Contagem,MG,residencial_popular,Vertice Engenharia,10675.0,19554373.09,333188.45,19749047.91,9701498.63,7770636.13,10277636.61,358,2058,2163,72,18
2198,Rio de Janeiro,RJ,residencial_popular,Vertice Engenharia,2847.0,4462499.27,354441.91,5069621.62,2506783.24,1663054.96,2703760.02,78,530,597,19,19
2199,Campinas,SP,comercial,Vertice Engenharia,2195.0,9173314.95,371757.08,9169398.31,5530168.61,3676986.24,5767530.94,59,315,380,12,21
2200,Belo Horizonte,MG,comercial,Engenharia Vale Verde,3829.0,15905849.38,392483.83,17095016.19,8844325.35,5899968.74,9087662.6,112,657,740,24,11
2201,Ribeirao Preto,SP,industrial,Construtora Serrana,1336.0,6779570.14,368180.42,7187886.84,3642880.31,2254602.77,3723448.35,45,240,240,8,17
2202,Sao Paulo,SP,industrial,Vertice Engenharia,2270.0,15272552.01,405720.62,16172465.92,8149389.56,5636411.68,8416064.23,78,381,452,15,11
2203,Belo Horizonte,MG,residencial_padrao,Construtora Atlantica,1547.0,3934558.59,385243.43,4261486.89,2274682.32,1462624.33,2275933.44,48,241,226,7,13
2204,Uberlandia,MG,residencial_popular,Obras & Cia,3536.0,5020124.37,48287.27,5124032.5,2829627.13,1966319.5,2943150.44,110,498,596,19,12
2205,Belo Horizonte,MG,comercial,Construtora Atlantica,5027.0,22346515.55,1805744.5,24717715.37,13038788.08,8962105.73,13688305.13,173,965,962,32,18
2206,Sao Paulo,SP,residencial_padrao,Vertice Engenharia,3715.0,12578142.38,346678.1,13082864.04,7444339.38,4027786.49,7640070.31,124,539,637,21,6
2207,Rio de Janeiro,RJ,industrial,Delta Obras,3113.0,21515337.12,1193013.03,23689620.01,13228039.75,7322375.46,13847505.59,82,534,588,19,14
2208,Uberlandia,MG,residencial_popular,Construtora Planalto,2451.0,4537151.28,109288.73,4537702.66,2133320.67,1504192.86,2316614.39,84,373,476,15,20
2209,Contagem,MG,comercial,Engenharia Vale Verde,4579.0,16215255.71,535939.06,16765616.6,9488407.21,6418416.69,9800928.17,127,747,776,25,14
2210,Curitiba,PR,residencial_padrao,Construtora Horizonte,3286.0,9864554.6,654423.97,10843330.72,6257632.5,3456059.02,6589220.52,107,540,527,17,20
2211,Goiania,GO,residencial_popular,Beta Engenharia,5305.0,10943846.42,291194.44,11091588.57,6873113.08,3827112.82,6937463.16,132,867,1014,33,15
2212,Goiania,GO,residencial_popular,Beta Engenharia,6394.0,9049961.55,703450.89,9493767.93,4387989.24,3571510.81,4534010.32,161,1013,1112,37,13
2213,Contagem,MG,residencial_popular,Construtora Horizonte,3118.0,6328891.6,80903.76,6274817.31,3150204.74,2234618.63,3255352.19,90,536,543,18,16
2214,Goiania,GO,industrial,Delta Obras,4355.0,32376437.89,693441.2,31481587.59,17296701.68,11828917.45,18525370.32,106,1096,1260,42,16
2215,Sao Paulo,SP,residencial_popular,Obras & Cia,4280.0,7885346.36,326373.61,8457852.11,4797386.88,2586540.13,5016671.65,159,656,762,25,10
2216,Campinas,SP,residencial_padrao,Construtora Horizonte,2376.0,8044162.84,746585.39,8962835.08,5311512.22,3433238.87,5398910.85,56,331,388,12,14
2217,Contagem,MG,industrial,Engenharia Mineira,1822.0,9125301.34,685040.7,10059873.54,6058682.95,3374416.44,6354585.1,52,331,367,12,16
2218,Ribeirao Preto,SP,residencial_padrao,Delta Obras,4055.0,14080771.2,134642.3,14597663.93,8177825.11,4918850.94,8644181.05,110,590,570,19,20
2219,Campinas,SP,residencial_padrao,Engenharia Mineira,2314.0,6845873.79,549432.49,7009068.32,4044905.26,2869698.96,4050857.5,76,350,366,12,18
2220,Rio de Janeiro,RJ,industrial,Vertice Engenharia,2663.0,10268846.28,255487.44,10823733.98,6469085.96,4244905.91,6878100.91,112,484,559,18,21
2221,Ribeirao Preto,SP,comercial,Obras & Cia,2649.0,9497716.37,2715.42,9504651.98,5822764.54,3391580.5,6116816.68,74,419,460,15,12
2222,Ribeirao Preto,SP,residencial_popular,Beta Engenharia,1312.0,2898781.17,201245.56,3045663.94,1793512.79,1066013.62,1812354.89,35,216,223,7,12
2223,Rio de Janeiro,RJ,residencial_padrao,Construtora Horizonte,2228.0,9570462.45,615453.86,10071704.6,5321229.56,4062004.33,5325635.5,60,383,358,11,11
2224,Belo Horizonte,MG,industrial,Construtora Planalto,3394.0,25645871.45,1334349.79,25803738.59,13318035.85,8810372.45,13843205.24,94,543,645,21,14
2225,Goiania,GO,comercial,Vertice Engenharia,5308.0,28578894.12,871172.79,29232376.97,16805747.78,10046221.0,16609603.4,140,790,920,30,12
2226,Rio de Janeiro,RJ,comercial,Engenharia Mineira,3111.0,14249621.99,1075262.46,15422235.5,8939147.82,5962369.27,9183276.19,91,549,551,18,8
2227,Campinas,SP,comercial,Construtora Horizonte,3788.0,16634737.5,833320.78,17687336.7,10726393.15,5967832.35,10885697.64,109,504,482,16,17
2228,Rio de Janeiro,RJ,residencial_padrao,Engenharia Mineira,3660.0,12705817.32,982397.09,13422756.72,7065383.51,4565656.0,7354619.96,112,639,731,24,10
2229,Sao Paulo,SP,residencial_popular,Alfa Construcoes,5450.0,9548375.8,60049.35,9576366.51,5347166.0,3201173.08,5695683.23,180,946,825,27,19
2230,Rio de Janeiro,RJ,residencial_padrao,Construtora Horizonte,3783.0,13041575.49,163942.0,13359319.8,6833941.65,4206377.46,7154910.17,119,529,571,19,12
2231,Belo Horizonte,MG,residencial_padrao,Estrutural Engenharia,3186.0,10097704.16,985712.67,11106244.64,5490635.59,3170531.45,5703626.84,84,557,639,21,14
2232,Uberlandia,MG,industrial,Construtora Serrana,5042.0,24790704.91,2828.06,25703039.21,14416675.05,9423525.75,14537247.19,113,939,836,27,13
2233,Belo Horizonte,MG,comercial,Delta Obras,1733.0,10902230.7,19321.35,10453742.49,5760136.67,3377247.6,6197535.97,56,278,266,8,25
2234,Campinas,SP,residencial_padrao,Beta Engenharia,2575.0,7598516.02,636277.26,8040024.76,4961765.84,2680717.77,4892883.79,88,381,392,13,14
2235,Goiania,GO,comercial,Construtora Planalto,2021.0,9989181.35,531663.21,10702605.82,5718986.54,3668355.87,6145645.87,52,344,348,11,21
2236,Curitiba,PR,residencial_padrao,Estrutural Engenharia,2151.0,7875249.54,303837.02,8138955.14,4513856.44,2931113.71,4731872.66,52,306,334,11,20
2237,Ribeirao Preto,SP,residencial_padrao,Construtora Horizonte,4210.0,15374942.5,704118.64,16520913.33,9503615.21,6752325.98,9824924.14,123,722,736,24,7
2238,Contagem,MG,comercial,Engenharia Vale Verde,3245.0,11372742.33,546144.28,11638055.22,5872114.87,4141172.73,6042276.8,100,528,588,19,11
2239,Belo Horizonte,MG,residencial_padrao,Obras & Cia,3016.0,10383073.6,745680.63,10771077.32,5787098.6,4149811.53,6419008.31,100,557,601,20,12
2240,Uberlandia,MG,residencial_padrao,Vertice Engenharia,6469.0,16888831.56,1643281.22,18212562.14,10268819.45,7243600.78,10882481.1,193,983,1018,33,17
2241,Campinas,SP,comercial,Engenharia Mineira,4585.0,16157713.38,994639.76,16427360.0,8997968.54,4995787.75,9261114.6,155,638,619,20,9
2242,Belo Horizonte,MG,residencial_popular,Estrutural Engenharia,2813.0,5036170.65,477595.33,5659036.51,3208767.64,1881798.16,3413097.91,99,511,595,19,20
2243,Uberlandia,MG,comercial,Alfa Construcoes,1136.0,4151222.24,145057.14,4274149.37,2137004.39,1464368.83,2357156.14,30,183,177,5,8
2244,Salvador,BA,residencial_padrao,Construtora Horizonte,3095.0,10438656.95,1013931.8,11503410.53,7002813.35,4701799.57,7514805.21,90,469,543,18,6
2245,Goiania,GO,residencial_padrao,Engenharia Vale Verde,2270.0,6717535.34,439429.97,7225690.24,3652946.47,2467252.24,3893158.08,62,360,368,12,17
2246,Rio de Janeiro,RJ,comercial,Beta Engenharia,3692.0,19040474.06,1816159.0,22531321.36,13490013.17,7825976.8,13795556.86,109,643,701,23,12
2247,Campinas,SP,comercial,Alfa Construcoes,1488.0,4995561.82,68705.77,4936259.26,2466503.85,1633348.47,2533482.81,42,270,271,9,14
2248,Campinas,SP,residencial_padrao,Construtora Atlantica,3210.0,10597797.04,681220.93,11441858.33,6471615.47,4459755.26,6428507.14,94,511,535,17,11
2249,Curitiba,PR,industrial,Engenharia Vale Verde,4461.0,23727018.4,2047110.32,26436451.29,15025403.37,9160858.95,15364428.34,129,639,588,19,8
2250,Sao Paulo,SP,residencial_popular,Construtora Planalto,2326.0,4560597.84,334319.49,4935853.83,2825368.09,1767840.15,2967442.41,81,449,422,14,14
2251,Goiania,GO,residencial_popular,Beta Engenharia,1444.0,2625406.81,149572.03,2685968.67,1410096.01,849802.09,1506264.24,42,217,220,7,13
2252,Uberlandia,MG,residencial_padrao,Engenharia Vale Verde,7606.0,18783950.92,1831648.07,21638869.11,12564234.99,7359073.97,13730284.73,227,1399,1425,47,12
2253,Belo Horizonte,MG,industrial,Obras & Cia,5193.0,27543134.43,1725706.43,28001114.97,15435122.57,8829373.7,15660250.4,150,758,822,27,17
2254,Contagem,MG,comercial,Construtora Atlantica,4427.0,18176270.29,117198.07,29901089.66,15439264.05,6244870.75,15958473.15,160,787,908,30,10
2255,Salvador,BA,residencial_popular,Construtora Serrana,2400.0,5588421.38,126925.46,5690659.64,2922681.12,1874326.74,3186147.31,64,351,331,11,17
2256,Curitiba,PR,comercial,Alfa Construcoes,3359.0,15652862.18,4817.33,15994738.5,9356004.77,6303396.57,9489699.37,79,447,456,15,8
2257,Ribeirao Preto,SP,residencial_popular,Vertice Engenharia,2366.0,5450164.75,341084.64,5684021.38,2970378.12,1763856.02,3196831.67,68,308,338,11,18
2258,Ribeirao Preto,SP,comercial,Construtora Horizonte,1926.0,6820981.27,129894.49,6870610.83,4040606.38,2432728.24,4207141.79,66,308,318,10,18
2259,Sao Paulo,SP,residencial_popular,Delta Obras,4056.0,8964620.29,379763.48,9564525.71,5479283.5,3892214.34,5814324.22,105,679,670,22,10
2260,Sao Paulo,SP,residencial_padrao,Obras & Cia,4328.0,14659833.99,1216727.5,15631405.78,8102864.37,5648426.54,8436943.44,150,573,565,18,11
2261,Belo Horizonte,MG,residencial_padrao,Construtora Horizonte,5577.0,12408653.4,78069.9,12145283.78,6808415.44,4004540.43,7555690.14,156,1026,1052,35,15
2262,Rio de Janeiro,RJ,residencial_popular,Construtora Horizonte,2979.0,4336558.29,75560.28,4492418.03,2350454.17,1663018.75,2470213.44,87,428,389,12,12
2263,Belo Horizonte,MG,residencial_padrao,Beta Engenharia,7443.0,31474188.93,800860.93,32718409.68,19064922.87,12702996.44,20197241.22,187,1168,1275,42,11
2264,Belo Horizonte,MG,residencial_padrao,Estrutural Engenharia,1645.0,4041399.23,375674.74,5914973.11,3278086.87,1606796.29,3460491.64,48,312,349,11,14
2265,Uberlandia,MG,residencial_padrao,Beta Engenharia,2716.0,7795639.86,21027.82,7684771.19,4138299.26,2840849.72,4395756.77,63,389,469,15,17
2266,Salvador,BA,residencial_padrao,Construtora Atlantica,4505.0,13085886.95,1302370.05,15047091.0,7524038.08,5464585.13,7701530.58,110,642,701,23,19
2267,Salvador,BA,comercial,Construtora Serrana,9110.0,45753295.69,24687183.73,70543943.96,27004995.16,17004722.68,27012713.81,246,1862,1578,52,13
2268,Belo Horizonte,MG,comercial,Delta Obras,632.0,2467587.11,63882.29,2483309.16,1404295.8,972910.41,1496264.57,15,120,116,3,16
2269,Uberlandia,MG,residencial_popular,Obras & Cia,2397.0,3840816.98,354421.63,4008765.01,2030358.57,1322881.67,2159317.66,66,351,342,11,11
2270,Uberlandia,MG,residencial_padrao,Engenharia Vale Verde,2204.0,5211260.63,406955.2,5877994.91,2990891.0,2237465.28,3135105.91,84,417,405,13,13
2271,Rio de Janeiro,RJ,residencial_padrao,Beta Engenharia,7514.0,19205666.72,1022248.05,19684200.04,9827943.57,6945834.35,10319777.11,289,1249,1191,39,15
2272,Curitiba,PR,comercial,Estrutural Engenharia,3258.0,13455096.81,860180.74,14557171.77,8276722.44,5051679.78,8744533.47,114,601,665,22,18
2273,Sao Paulo,SP,comercial,Construtora Atlantica,6245.0,30323306.88,418360.53,29616750.41,17993636.87,11050291.64,19864063.6,136,1256,1189,39,3
2274,Salvador,BA,industrial,Engenharia Vale Verde,3130.0,15325982.69,22428.94,15433459.71,8971609.44,5528104.87,9598850.89,91,450,495,16,10
2275,Curitiba,PR,comercial,Delta Obras,5502.0,26551729.4,374460.98,28265993.11,13699607.8,10945630.9,14188872.84,135,902,857,28,13
2276,Salvador,BA,comercial,Vertice Engenharia,2185.0,8871710.84,725223.19,10100955.9,4690527.0,4384022.27,4953723.67,57,386,405,13,15
2277,Salvador,BA,residencial_padrao,Vertice Engenharia,1993.0,7439979.4,732265.15,8280372.93,4431484.38,2659480.12,4915216.16,65,391,404,13,11
2278,Ribeirao Preto,SP,residencial_padrao,Engenharia Mineira,3935.0,13007520.77,844119.02,13559857.06,7806899.51,4700513.83,8081167.45,92,666,757,25,19
2279,Goiania,GO,residencial_padrao,Delta Obras,4212.0,13477199.27,1023566.13,14394567.54,6669351.1,5348506.03,7051731.46,107,713,786,26,9
2280,Belo Horizonte,MG,residencial_padrao,Delta Obras,2787.0,7949537.03,267414.39,8299446.09,4423436.39,2547990.28,4982306.63,80,542,540,18,14
2281,Contagem,MG,industrial,Engenharia Vale Verde,5716.0,33887380.53,2057065.09,35478149.53,20118148.71,13505091.32,21845383.7,137,988,1036,34,5
2282,Ribeirao Preto,SP,residencial_popular,Construtora Planalto,4668.0,8301469.53,516025.13,8715915.72,4544081.07,2928156.76,4618267.96,122,749,822,27,13
2283,Belo Horizonte,MG,comercial,Construtora Atlantica,1003.0,4777647.96,364070.26,4971960.13,2713763.95,1701725.55,2993089.93,33,160,154,5,12
2284,Belo Horizonte,MG,comercial,Vertice Engenharia,2972.0,14066195.07,390279.57,14839923.9,7980626.3,5150541.9,8466162.32,82,456,490,16,16
2285,Sao Paulo,SP,residencial_padrao,Construtora Horizonte,1747.0,4468061.68,147138.81,4859260.61,2242495.63,1874759.62,2299396.56,42,412,424,14,20
2286,Goiania,GO,industrial,Construtora Horizonte,1128.0,5425409.65,39074.21,5407395.11,2958532.06,1938583.88,2990823.94,30,199,213,7,12
2287,Uberlandia,MG,industrial,Delta Obras,2407.0,15830116.55,614968.16,16460344.53,9644531.88,5660583.76,10143041.24,73,355,381,12,12
2288,Campinas,SP,residencial_padrao,Beta Engenharia,2055.0,6642641.51,655418.3,7473543.75,4592088.94,2495089.33,4969233.95,58,326,395,13,13
2289,Contagem,MG,comercial,Estrutural Engenharia,1898.0,9721419.32,879238.72,10925900.14,5288173.58,4003895.99,5450463.4,49,316,318,10,13
2290,Contagem,MG,residencial_popular,Construtora Serrana,1765.0,3059151.55,137987.82,3351896.38,1842296.29,1148777.62,1949534.6,71,350,356,11,12
2291,Goiania,GO,industrial,Obras & Cia,4577.0,28532015.9,2527211.8,30412582.82,16823502.36,11113776.09,17530983.1,122,853,902,30,19
2292,Salvador,BA,industrial,Obras & Cia,3438.0,20725819.9,1621290.24,21135348.31,10487444.63,7290814.9,10977746.79,81,487,1200,40,18
2293,Curitiba,PR,residencial_padrao,Estrutural Engenharia,4194.0,14941997.26,325956.41,15042303.99,8883565.77,4419663.26,9673194.58,120,699,620,20,13
2294,Ribeirao Preto,SP,comercial,Estrutural Engenharia,4259.0,19268519.2,1389614.99,20776815.77,10652845.61,7307071.48,11697213.38,113,721,887,29,19
2295,Salvador,BA,comercial,Estrutural Engenharia,3494.0,17509103.75,960897.41,17260503.1,9765948.61,5957908.38,10107822.36,102,734,664,22,19
2296,Ribeirao Preto,SP,residencial_popular,Engenharia Vale Verde,2235.0,4515008.28,73159.68,4759536.72,2817598.49,1472118.35,2946363.52,68,457,426,14,11
2297,Goiania,GO,residencial_padrao,Engenharia Mineira,3434.0,12602423.08,1132898.25,14044519.45,7574704.93,5169647.25,7919723.28,104,456,393,13,7
2298,Goiania,GO,residencial_padrao,Construtora Serrana,1453.0,3960042.63,191125.05,4262294.84,2550968.19,1701452.17,2556911.09,51,299,344,11,16
2299,Curitiba,PR,industrial,Beta Engenharia,3344.0,19893120.1,711720.15,20922055.55,11351354.55,6569323.64,12114489.81,101,540,561,18,18
2300,Rio de Janeiro,RJ,comercial,Construtora Planalto,3502.0,16628483.94,1508666.65,18700784.81,9824657.19,6920002.32,9807517.91,101,605,705,23,14
2301,Uberlandia,MG,comercial,Estrutural Engenharia,1235.0,5253405.24,380854.67,6052690.1,3167542.99,2131747.6,3337948.17,45,221,239,7,15
2302,Sao Paulo,SP,residencial_padrao,Construtora Planalto,4966.0,17205701.78,1213026.92,17874097.57,10746572.04,6232122.61,11797228.66,141,1138,1272,42,13
2303,Contagem,MG,residencial_padrao,Construtora Horizonte,1442.0,5667045.25,194360.32,6138363.27,3270214.71,1977582.03,3563179.76,41,242,229,7,13
2304,Rio de Janeiro,RJ,residencial_popular,Alfa Construcoes,2277.0,3859260.87,2587.1,4033263.0,2169903.06,1328092.93,2457178.95,69,389,397,13,13
2305,Rio de Janeiro,RJ,residencial_padrao,Engenharia Vale Verde,4724.0,15975597.1,1566803.69,18091843.87,10101437.81,6536390.68,10942504.74,160,590,595,19,13
2306,Sao Paulo,SP,residencial_padrao,Construtora Planalto,4851.0,20478918.42,1974929.64,22687805.84,12678097.09,8621532.68,14155874.27,113,835,912,30,17
2307,Goiania,GO,comercial,Construtora Planalto,1723.0,6790096.0,667924.52,7737988.94,4191647.76,2768897.44,4551785.39,65,305,369,12,16
2308,Salvador,BA,residencial_popular,Construtora Horizonte,4968.0,5779606.09,298673.53,6010370.43,2910943.06,2118402.05,3044571.63,142,868,840,28,9
2309,Rio de Janeiro,RJ,industrial,Construtora Planalto,3689.0,19840840.33,1893433.16,21886241.9,11976875.28,6977486.15,12441369.07,95,576,582,19,4
2310,Campinas,SP,industrial,Construtora Planalto,1894.0,10659700.56,997445.41,11644102.86,6865221.48,3548526.81,7145652.58,74,334,322,10,20
2311,Campinas,SP,residencial_popular,Construtora Planalto,4951.0,8380374.73,3095824.28,11198835.82,4773507.16,3442546.53,5071237.81,149,846,886,29,23
2312,Contagem,MG,residencial_padrao,Engenharia Vale Verde,3149.0,10500998.72,849330.21,11209630.95,5786824.48,4270495.08,6079982.01,79,430,469,15,16
2313,Uberlandia,MG,comercial,Delta Obras,3306.0,12353256.58,865741.99,13834350.11,6892733.99,4529728.85,7466159.86,98,559,634,21,12
2314,Ribeirao Preto,SP,industrial,Vertice Engenharia,3987.0,24851843.69,1380883.46,25320779.22,13652383.68,9710405.36,13992675.64,125,789,805,26,16
2315,Salvador,BA,residencial_popular,Construtora Atlantica,3324.0,5938593.49,189821.18,6256415.6,3296465.13,2621824.8,3458877.02,91,516,556,18,21
2316,Salvador,BA,comercial,Construtora Serrana,3237.0,16793252.49,1504296.17,18105196.4,10488031.39,6531264.89,10754334.79,77,491,512,17,13
2317,Rio de Janeiro,RJ,industrial,Engenharia Mineira,4147.0,18932433.6,52886.77,19356989.17,8824891.16,6888875.44,9450031.22,109,624,638,21,10
2318,Ribeirao Preto,SP,comercial,Beta Engenharia,4237.0,22532121.32,1018627.44,24118677.25,11815565.41,7812406.0,12450998.44,110,576,593,19,11
2319,Ribeirao Preto,SP,residencial_padrao,Vertice Engenharia,2113.0,8873463.33,503878.64,9690319.72,5237041.98,3391132.61,5608756.41,65,366,364,12,13
2320,Belo Horizonte,MG,industrial,Construtora Serrana,3439.0,21514808.96,1640631.6,22580634.63,12514154.34,7561190.16,13157354.65,84,688,842,28,14
2321,Uberlandia,MG,comercial,Construtora Serrana,2046.0,10842875.38,330570.19,11041335.79,5818556.5,3775532.21,6182509.65,57,342,339,11,11
2322,Campinas,SP,residencial_padrao,Construtora Horizonte,4151.0,14772038.71,923380.57,15876024.24,8624840.23,4726785.53,9000212.22,125,803,806,26,15
2323,Rio de Janeiro,RJ,industrial,Engenharia Vale Verde,2089.0,15444210.58,734005.83,16089309.59,8098515.78,5268458.84,8455400.23,69,323,374,12,18
2324,Rio de Janeiro,RJ,residencial_padrao,Engenharia Mineira,2640.0,9003296.23,276608.16,9768032.83,5790114.61,3681519.4,6537084.95,74,457,486,16,11
2325,Belo Horizonte,MG,residencial_popular,Construtora Atlantica,1257.0,2096198.64,32720.62,2189570.17,1301576.02,703052.34,1447718.28,35,203,186,6,12
2326,Campinas,SP,industrial,Engenharia Vale Verde,3146.0,19519215.28,1679758.1,21137533.32,12816388.52,8087246.22,13409069.81,73,630,612,20,22
2327,Campinas,SP,residencial_popular,Delta Obras,2580.0,4608319.52,198967.96,4847177.28,2704218.58,1699403.59,2745342.48,71,462,448,14,20
2328,Curitiba,PR,comercial,Vertice Engenharia,4126.0,17799937.17,258278.42,18277949.18,9745621.37,7120436.51,9637719.56,123,621,610,20,14
2329,Contagem,MG,industrial,Engenharia Mineira,6369.0,30797016.37,2645357.31,32493248.83,15872905.46,9943215.09,16203381.96,154,1107,1165,38,11
2330,Uberlandia,MG,residencial_popular,Beta Engenharia,1913.0,4268260.91,362056.13,4632659.54,2622108.25,1675706.13,2899299.53,50,297,301,10,18
2331,Curitiba,PR,industrial,Beta Engenharia,3148.0,27056918.97,1983700.96,29243741.93,16401788.89,10035204.36,17121243.88,88,542,578,19,13
2332,Salvador,BA,residencial_popular,Construtora Planalto,3963.0,6470552.48,533805.12,7158481.72,4057215.62,2284843.76,4168496.56,91,735,809,26,11
2333,Sao Paulo,SP,residencial_popular,Obras & Cia,2115.0,3297714.4,219521.99,3458800.75,1958327.79,1217779.79,1991903.94,60,415,457,15,18
2334,Uberlandia,MG,residencial_popular,Alfa Construcoes,7159.0,12604130.04,241296.26,13068626.59,6595655.46,4491463.89,6806916.27,227,1234,1384,46,19
2335,Belo Horizonte,MG,residencial_popular,Estrutural Engenharia,3527.0,6121358.42,296856.54,6489006.78,2977329.77,1896730.07,3111756.12,97,625,733,24,16
2336,Contagem,MG,residencial_popular,Engenharia Vale Verde,6520.0,12571470.67,705195.01,13057492.98,6425989.92,4553506.8,6544862.74,195,1050,935,31,9
2337,Salvador,BA,comercial,Estrutural Engenharia,2904.0,12064018.78,841988.98,12632586.04,6215535.59,4218746.56,6486563.67,86,476,515,17,17
2338,Contagem,MG,residencial_popular,Construtora Planalto,5630.0,10676515.13,988038.3,11761732.59,6971411.66,4726749.76,7372395.47,139,1118,1170,39,13
2339,Sao Paulo,SP,residencial_padrao,Beta Engenharia,6671.0,22097355.47,375418.38,21620984.77,13314877.05,7900606.26,14159605.34,200,1073,1041,34,16
2340,Goiania,GO,comercial,Construtora Horizonte,2161.0,4797079.97,202969.34,4865218.02,2634926.2,1703077.76,2906423.62,59,344,374,12,18
2341,Campinas,SP,residencial_popular,Vertice Engenharia,3432.0,6787849.86,589856.68,7840078.83,4810587.65,2795098.43,4847195.29,83,630,688,22,9
2342,Salvador,BA,industrial,Vertice Engenharia,3086.0,12621837.23,3986.13,12464736.08,7422592.48,4203590.36,8047268.27,103,534,549,18,16
2343,Ribeirao Preto,SP,residencial_popular,Delta Obras,4277.0,7983908.62,623183.42,8375252.12,4736640.14,3335412.15,4734746.51,114,653,761,25,17
2344,Sao Paulo,SP,residencial_padrao,Engenharia Mineira,2064.0,6244455.25,589908.36,7139250.62,4055139.28,2302527.02,4290907.95,50,303,295,9,3
2345,Uberlandia,MG,residencial_popular,Engenharia Mineira,1913.0,3741028.13,350084.38,4227792.46,2620341.88,1636539.17,2888891.46,45,266,278,9,9
2346,Salvador,BA,residencial_padrao,Construtora Horizonte,5510.0,16267593.56,1577365.9,16536051.32,8823343.71,5738798.04,9386963.58,136,1075,1185,39,19
2347,Curitiba,PR,comercial,Alfa Construcoes,4244.0,17732899.63,1225228.16,19998475.32,11588990.01,6986281.99,11605277.77,139,652,703,23,7
2348,Sao Paulo,SP,residencial_padrao,Construtora Horizonte,5866.0,19321725.05,1060132.02,20987292.6,11839770.65,8179751.71,12460343.57,164,1016,1088,36,21
2349,Rio de Janeiro,RJ,industrial,Engenharia Vale Verde,4122.0,21465730.4,525555.3,22128154.23,12498340.36,7671797.04,12562337.5,112,663,649,21,9
2350,Goiania,GO,residencial_padrao,Construtora Serrana,3671.0,10292101.32,522049.62,11101956.51,5585320.73,3906719.22,6089056.5,128,530,625,20,14
2351,Sao Paulo,SP,residencial_popular,Beta Engenharia,4997.0,8762076.63,625253.12,9359507.23,5323838.95,3483632.14,5449381.06,148,736,769,25,8
2352,Curitiba,PR,comercial,Estrutural Engenharia,5144.0,18123239.53,939403.93,22842656.75,10577318.42,11628352.71,10348804.98,286,829,947,31,18
2353,Curitiba,PR,comercial,Construtora Horizonte,2539.0,12295962.76,1000195.73,13329270.28,8345030.14,4065658.61,8359990.62,63,475,576,19,20
2354,Sao Paulo,SP,industrial,Alfa Construcoes,1880.0,8472394.01,100466.43,8187192.77,5021986.61,3029985.42,5261597.75,50,295,304,10,20
2355,Campinas,SP,comercial,Delta Obras,3222.0,13145772.66,488693.49,12807170.22,7271343.95,4766665.51,7454214.21,80,538,541,18,18
2356,Ribeirao Preto,SP,industrial,Construtora Planalto,1106.0,6920390.21,434283.68,7235595.3,4092344.13,2515186.24,4426446.66,29,173,185,6,13
2357,Uberlandia,MG,comercial,Beta Engenharia,3375.0,14777938.21,676303.8,15497568.07,8756725.16,4772003.13,9442349.67,105,653,771,25,17
2358,Uberlandia,MG,comercial,Construtora Atlantica,2845.0,12245668.62,882359.06,13574059.92,7428711.74,5594905.6,7756172.65,101,615,562,18,13
2359,Goiania,GO,industrial,Engenharia Mineira,4194.0,25056016.11,149323.95,25239286.23,13895258.27,8396468.28,15183038.21,153,672,695,23,18
2360,Rio de Janeiro,RJ,residencial_padrao,Delta Obras,2609.0,9984552.68,374594.85,10971264.75,6153671.4,3847104.65,6434526.14,68,471,500,16,15
2361,Campinas,SP,comercial,Beta Engenharia,3551.0,16978738.67,222543.55,18010917.41,10210438.66,7711907.21,10736230.74,89,655,761,25,12
2362,Curitiba,PR,comercial,Engenharia Vale Verde,3737.0,16202296.52,976264.21,17038593.79,10421880.89,6202359.74,10540007.69,92,706,783,26,17
2363,Uberlandia,MG,residencial_popular,Estrutural Engenharia,7530.0,11994083.46,1079726.34,13567838.46,7113160.9,4445195.54,7407534.61,205,1545,1690,56,9
2364,Salvador,BA,comercial,Beta Engenharia,7759.0,38547865.24,109521.24,46490680.56,21112674.16,29198457.32,22919584.88,706,1018,1172,39,14
2365,Belo Horizonte,MG,comercial,Delta Obras,2015.0,9357484.4,572935.31,10480535.94,5073674.9,3215289.55,5230748.81,48,297,314,10,19
2366,Rio de Janeiro,RJ,comercial,Construtora Horizonte,6808.0,29460713.1,138679.04,30017073.64,17398225.24,10605435.31,18791848.12,200,1115,1204,40,16
2367,Sao Paulo,SP,residencial_padrao,Engenharia Mineira,3586.0,10984793.12,185591.0,11508461.66,6686064.27,4276132.66,6719885.7,159,510,553,18,14
2368,Belo Horizonte,MG,industrial,Obras & Cia,6044.0,41498095.03,3324647.17,43805099.03,19911336.73,16164318.27,21569131.05,147,924,958,31,12
2369,Rio de Janeiro,RJ,residencial_popular,Construtora Horizonte,2747.0,4273077.82,314220.01,4408066.84,2389691.8,1286773.99,2530436.63,78,480,468,15,15
2370,Ribeirao Preto,SP,industrial,Engenharia Mineira,7932.0,48821138.71,1037879.18,49164285.16,25497708.39,17173638.82,28687925.06,236,1261,1240,41,3
2371,Salvador,BA,residencial_popular,Engenharia Mineira,9802.0,19102603.92,135386.2,19037305.81,8675809.62,6029852.06,9212935.44,270,1635,1647,54,18
2372,Curitiba,PR,residencial_padrao,Alfa Construcoes,3287.0,9973329.61,918813.5,10752506.9,6719724.04,4122225.51,7261412.16,105,677,770,25,18
2373,Goiania,GO,residencial_popular,Construtora Planalto,2477.0,3552052.27,279123.61,3967504.65,2074355.46,1297858.1,2255305.34,77,333,346,11,13
2374,Belo Horizonte,MG,comercial,Beta Engenharia,3648.0,15428697.2,770294.83,15362886.07,8993931.35,5878503.71,9493414.65,111,608,617,20,20
2375,Curitiba,PR,residencial_padrao,Obras & Cia,2848.0,7926229.7,191057.96,8150572.79,4440377.46,3231617.2,4594465.38,85,489,461,15,16
2376,Sao Paulo,SP,industrial,Construtora Planalto,2096.0,11468550.77,621657.0,12179873.89,6623126.47,4280497.85,7421965.88,61,323,357,11,14
2377,Sao Paulo,SP,residencial_padrao,Construtora Atlantica,3012.0,9912947.65,92863.51,9857461.61,5428276.3,2866972.63,5943323.01,65,490,540,18,19
2378,Uberlandia,MG,residencial_popular,Engenharia Mineira,2409.0,5715788.67,302743.27,6182509.65,3356258.72,2571310.6,3472484.26,59,370,400,13,15
2379,Campinas,SP,comercial,Alfa Construcoes,818.0,4296196.92,30061.53,4478058.23,2525928.95,1728564.97,2712991.1,36,126,128,4,19
2380,Belo Horizonte,MG,industrial,Estrutural Engenharia,2602.0,13474858.82,733944.74,13441574.09,7075459.79,4114132.84,7124052.46,73,404,423,14,13
2381,Rio de Janeiro,RJ,industrial,Construtora Serrana,2544.0,13381438.12,337223.3,13092460.04,7568131.92,4359646.04,8031965.37,64,406,452,15,6
2382,Uberlandia,MG,comercial,Construtora Serrana,3845.0,22277638.88,1581327.65,24073405.29,12997733.57,7733505.34,13462087.26,116,695,678,22,16
2383,Contagem,MG,industrial,Vertice Engenharia,2302.0,15745521.37,227423.06,16458855.22,9280589.43,5740500.92,9715907.71,67,353,374,12,12
2384,Campinas,SP,residencial_popular,Vertice Engenharia,3693.0,6358300.29,56098.82,6655124.8,3936800.37,1932506.52,4291850.5,108,600,684,22,21
2385,Ribeirao Preto,SP,industrial,Alfa Construcoes,3363.0,16014348.33,340328.91,16785537.42,10133113.6,5464710.54,10557757.95,104,607,689,22,15
2386,Contagem,MG,industrial,Estrutural Engenharia,1455.0,9447489.56,553776.37,9954028.89,5533897.92,3736124.02,5767232.2,43,251,241,8,17
2387,Campinas,SP,comercial,Beta Engenharia,3706.0,16496591.54,32103.42,17111629.14,10110773.27,6715356.49,10729328.44,88,653,675,22,19
2388,Contagem,MG,residencial_padrao,Construtora Planalto,1767.0,5492217.86,298997.71,6090824.71,3535124.56,1991835.64,3601055.59,56,318,329,10,19
2389,Sao Paulo,SP,residencial_popular,Obras & Cia,9365.0,14648498.32,327111.32,15734111.46,9485312.62,5420866.12,10068089.94,252,1532,1449,48,5
2390,Salvador,BA,residencial_popular,Construtora Planalto,7538.0,13074968.24,103341.22,13288264.49,7541877.4,4890368.17,7347215.05,148,1091,1128,37,12
2391,Belo Horizonte,MG,industrial,Obras & Cia,3819.0,23230720.13,1054615.72,24203212.85,13700821.39,8998533.94,14526974.15,104,536,494,16,11
2392,Contagem,MG,residencial_popular,Delta Obras,2445.0,5188132.16,459985.45,5338169.64,2845598.5,1877665.91,2991266.64,64,383,397,13,10
2393,Uberlandia,MG,residencial_padrao,Construtora Serrana,2183.0,6705528.28,369014.15,7160307.69,4174174.61,2423603.07,4571768.18,56,358,393,13,12
2394,Belo Horizonte,MG,residencial_popular,Delta Obras,4332.0,7884473.97,209854.83,7888447.91,3721509.14,3098151.38,3884374.13,131,793,912,30,18
2395,Campinas,SP,residencial_padrao,Construtora Horizonte,5336.0,16726856.91,1146233.87,17715657.95,9188546.83,5498474.07,9861919.64,157,821,880,29,17
2396,Curitiba,PR,comercial,Construtora Serrana,3963.0,14296992.17,1118751.05,14772580.88,8134636.29,5883914.71,8730400.81,153,593,709,23,26
2397,Goiania,GO,residencial_popular,Delta Obras,1507.0,2876364.93,56515.76,2916419.47,1725716.44,947287.78,1831279.55,66,287,301,10,13
2398,Rio de Janeiro,RJ,comercial,Construtora Horizonte,3515.0,15605337.02,981883.89,16951460.76,9090619.06,6624212.78,9275357.42,78,510,520,17,13
2399,Campinas,SP,residencial_popular,Engenharia Mineira,4021.0,8338094.65,76013.74,8524529.08,3966799.5,2938243.08,4338160.86,144,851,908,30,20
2400,Rio de Janeiro,RJ,residencial_popular,Delta Obras,1285.0,2344401.04,191454.63,2546254.17,1420401.93,853777.55,1568752.44,33,184,206,6,14
2401,Uberlandia,MG,residencial_popular,Construtora Atlantica,2569.0,5061637.92,305660.64,5645061.56,2936364.73,2012093.3,3063003.02,78,332,336,11,13
2402,Ribeirao Preto,SP,industrial,Beta Engenharia,2834.0,14149232.96,1136614.09,15565434.31,9200408.72,5459109.41,9676712.44,85,506,494,16,8
2403,Campinas,SP,residencial_popular,Vertice Engenharia,4685.0,7935901.66,610630.22,8452822.95,5069904.36,2723064.43,5365538.6,135,773,826,27,15
2404,Salvador,BA,comercial,Construtora Serrana,7131.0,32311530.51,3208017.06,36199722.42,20477599.15,12705246.48,21342017.19,291,1605,1896,63,12
2405,Curitiba,PR,industrial,Vertice Engenharia,1337.0,6762315.41,281121.06,7021777.68,4012992.9,2454750.44,4188640.96,42,265,307,10,21
2406,Campinas,SP,industrial,Construtora Serrana,2505.0,15797510.74,1212714.67,17265133.88,9461812.05,5983423.2,10619865.58,77,342,398,13,17
2407,Uberlandia,MG,residencial_popular,Alfa Construcoes,3028.0,5060776.07,381046.09,5268287.87,3056925.71,1999576.29,3317072.32,91,587,632,21,22
2408,Ribeirao Preto,SP,residencial_popular,Beta Engenharia,2651.0,4438125.12,191306.68,4614700.93,2612571.01,1685405.1,2770436.93,70,498,486,16,14
2409,Campinas,SP,industrial,Construtora Atlantica,2296.0,14274003.01,858606.83,15671714.46,9504745.55,4866944.17,9648362.66,68,378,389,12,12
2410,Belo Horizonte,MG,residencial_padrao,Construtora Atlantica,1533.0,6522164.95,1530.49,6729357.69,3545024.31,2471225.31,3732920.28,39,262,307,10,9
2411,Sao Paulo,SP,residencial_padrao,Beta Engenharia,3163.0,8672164.69,856971.11,10057630.55,4697367.77,3573511.65,5031678.85,85,438,505,16,16
2412,Goiania,GO,residencial_popular,Construtora Horizonte,2501.0,4156444.67,248804.92,4300454.75,2294767.68,1474251.12,2433990.32,73,505,577,19,13
2413,Sao Paulo,SP,residencial_padrao,Construtora Atlantica,3470.0,13082744.49,230140.17,13838100.43,7926651.57,4940963.85,8582954.72,73,599,667,22,14
2414,Ribeirao Preto,SP,residencial_padrao,Construtora Planalto,1013.0,3150344.88,29654.0,3106998.19,1823304.16,1104563.57,1903995.0,25,154,450,15,19
2415,Goiania,GO,comercial,Beta Engenharia,1310.0,5548263.16,65765.78,5724742.89,3353829.14,2165390.11,3570730.8,32,276,287,9,9
2416,Sao Paulo,SP,industrial,Alfa Construcoes,5149.0,33963096.8,1750440.51,34648993.78,19316159.42,13281661.82,20519481.68,190,846,758,25,18
2417,Campinas,SP,comercial,Delta Obras,1617.0,8202315.72,810671.83,9075825.82,5787366.58,3349433.47,5964756.84,43,280,322,10,16
2418,Campinas,SP,residencial_padrao,Estrutural Engenharia,3074.0,9758967.44,335778.35,10027665.75,5689999.36,3508374.52,5733453.94,91,546,581,19,15
2419,Salvador,BA,residencial_padrao,Construtora Planalto,2380.0,7687995.39,160015.04,7913613.64,4802952.33,3038793.84,5258754.79,56,328,314,10,17
2420,Sao Paulo,SP,industrial,Engenharia Vale Verde,2028.0,13367850.93,182937.29,14301661.88,7072291.0,4675518.07,7041745.67,56,259,271,9,15
2421,Ribeirao Preto,SP,residencial_popular,Beta Engenharia,2813.0,5320807.8,285793.1,5464379.94,2984852.69,2034159.08,3217245.21,67,448,483,16,18
2422,Campinas,SP,comercial,Delta Obras,2801.0,10104572.8,967461.4,11420498.37,5956912.01,4146263.05,6142327.26,93,366,354,11,9
2423,Salvador,BA,residencial_padrao,Engenharia Vale Verde,3409.0,11932367.47,590735.55,12231140.72,6444129.7,4871225.04,6947891.25,87,616,702,23,18
2424,Curitiba,PR,comercial,Construtora Serrana,3144.0,17775989.94,1272883.61,18591815.41,9758619.0,6277998.06,10241942.9,79,493,520,17,16
2425,Belo Horizonte,MG,residencial_padrao,Construtora Horizonte,1286.0,4735325.77,401371.53,5068351.94,2856611.41,1762457.68,3041171.11,36,222,260,8,17
2426,Ribeirao Preto,SP,residencial_popular,Alfa Construcoes,2095.0,4910036.7,110184.95,5037265.6,2712783.87,1714018.12,2811454.05,67,301,287,9,18
2427,Ribeirao Preto,SP,industrial,Beta Engenharia,2464.0,15965109.91,21175.13,15458255.01,7827792.2,5714348.72,8360920.5,68,433,448,14,13
2428,Contagem,MG,comercial,Delta Obras,3871.0,17602699.56,415735.99,17475416.4,9149356.51,6186132.61,9673733.62,151,597,638,21,6
2429,Salvador,BA,industrial,Construtora Horizonte,1990.0,11128098.03,376447.74,11648187.62,7227363.26,4169477.0,7120531.82,54,340,327,10,16
2430,Campinas,SP,residencial_padrao,Construtora Atlantica,1310.0,3006119.21,53725.82,3730719.1,1612202.54,2283828.58,1720279.74,99,212,236,7,12
2431,Rio de Janeiro,RJ,residencial_popular,Alfa Construcoes,2296.0,3793392.21,186229.39,3914486.9,2325964.72,1464118.32,2478909.73,64,320,308,10,11
2432,Curitiba,PR,comercial,Estrutural Engenharia,2131.0,10412805.97,707686.01,10841081.11,5587340.64,3898956.67,5901206.51,50,369,378,12,20
2433,Curitiba,PR,residencial_padrao,Alfa Construcoes,3205.0,8004629.4,265321.45,8008431.49,4416314.18,2680820.57,4849497.84,118,632,675,22,17
2434,Campinas,SP,residencial_padrao,Engenharia Vale Verde,2613.0,9956103.9,3081322.84,12901519.11,5862805.23,3506776.79,6267316.47,61,373,390,13,11
2435,Rio de Janeiro,RJ,residencial_padrao,Engenharia Mineira,5946.0,17955536.4,1093352.6,18843155.71,10153426.61,5565534.35,10731777.16,158,794,749,24,17
2436,Rio de Janeiro,RJ,residencial_padrao,Delta Obras,1802.0,4902850.95,1486836.85,6402960.36,2595560.61,1912393.04,2694133.39,70,309,336,11,16
2437,Ribeirao Preto,SP,residencial_popular,Beta Engenharia,6292.0,9572034.43,747931.96,10798313.56,5089310.02,3762015.46,5531406.34,153,963,1063,35,10
2438,Sao Paulo,SP,residencial_popular,Construtora Horizonte,1685.0,3196391.98,234495.13,3452161.7,1958172.04,1392406.27,2081559.86,52,257,252,8,18
2439,Campinas,SP,comercial,Construtora Horizonte,3642.0,11849400.75,138271.38,11447714.69,7095646.55,3612387.68,7606315.22,114,627,656,21,21
2440,Ribeirao Preto,SP,residencial_padrao,Beta Engenharia,5701.0,16618765.11,373253.95,17451467.59,10219509.17,6026855.59,10596410.32,185,1064,1039,34,16
2441,Rio de Janeiro,RJ,residencial_popular,Engenharia Vale Verde,3699.0,7109368.9,432343.94,7295151.2,3945608.68,2383664.23,4038676.26,85,774,937,31,16
2442,Salvador,BA,residencial_padrao,Estrutural Engenharia,4058.0,16020271.05,732477.3,16674155.32,8601965.35,4987533.56,8861424.42,91,692,1711,57,23
2443,Salvador,BA,residencial_padrao,Construtora Serrana,2335.0,9474196.79,590278.08,10162654.09,5682276.58,3646819.44,5966401.01,65,353,357,11,9
2444,Salvador,BA,residencial_popular,Beta Engenharia,2220.0,3916771.96,261420.72,4317331.82,2345737.36,1661367.52,2477522.03,64,362,342,11,16
2445,Ribeirao Preto,SP,residencial_popular,Construtora Planalto,4892.0,7151891.09,140058.6,7174516.08,4343355.14,2558642.37,4459579.6,176,897,887,29,18
2446,Belo Horizonte,MG,residencial_popular,Alfa Construcoes,4344.0,8525921.99,293257.72,8797003.34,4958279.62,3122030.64,4951753.37,121,667,784,26,12
2447,Ribeirao Preto,SP,residencial_padrao,Estrutural Engenharia,2685.0,8943861.64,345030.76,9457292.96,4775862.38,3422647.38,4908313.94,78,364,341,11,13
2448,Campinas,SP,comercial,Construtora Serrana,5035.0,23255449.47,1470599.82,25711433.53,14481196.1,9631168.28,15515989.38,244,847,816,27,11
2449,Campinas,SP,industrial,Obras & Cia,2472.0,19042585.72,1662868.76,20032317.6,11628640.7,6806157.28,12317286.71,71,419,429,14,15
2450,Rio de Janeiro,RJ,residencial_popular,Construtora Horizonte,2694.0,4584084.61,254509.26,5051944.48,2918068.79,1480366.22,2893867.43,87,435,455,15,17
2451,Curitiba,PR,residencial_popular,Construtora Serrana,5995.0,11948201.93,607572.01,12987192.63,6286369.44,4512370.97,6626621.51,157,1295,1332,44,16
2452,Sao Paulo,SP,comercial,Obras & Cia,4362.0,19443212.67,1061023.36,20380371.8,11328856.8,7619081.15,11879903.45,118,644,712,23,19
2453,Ribeirao Preto,SP,residencial_popular,Construtora Atlantica,4236.0,7136291.19,218451.03,7458183.38,4285027.87,2944867.34,4282785.32,99,566,620,20,17
2454,Rio de Janeiro,RJ,residencial_popular,Estrutural Engenharia,4226.0,8276148.1,583497.17,9026207.11,5288776.07,3372186.1,5390688.35,107,564,590,19,20
2455,Contagem,MG,residencial_popular,Beta Engenharia,2937.0,4815829.63,352758.28,5422956.33,2961108.53,2088553.18,3255794.49,84,481,533,17,11
2456,Curitiba,PR,industrial,Beta Engenharia,2322.0,15716326.08,903653.16,16538325.66,9242711.28,6657975.95,9858349.0,60,318,326,10,10
2457,Salvador,BA,comercial,Vertice Engenharia,3192.0,16360661.74,101542.57,16654084.29,8429009.92,5860775.36,8686619.89,104,554,480,16,10
2458,Belo Horizonte,MG,residencial_padrao,Construtora Horizonte,1742.0,6003878.09,219212.29,6357875.77,3467422.92,2163243.74,3631321.38,36,323,345,11,18
2459,Uberlandia,MG,residencial_popular,Vertice Engenharia,1343.0,2215581.3,151993.59,2343283.33,1267143.96,884174.91,1299848.58,38,280,301,10,15
2460,Uberlandia,MG,residencial_popular,Engenharia Mineira,2708.0,4008875.57,159093.19,4353250.15,2338434.9,1345251.83,2407661.04,100,545,601,20,9
2461,Uberlandia,MG,industrial,Construtora Horizonte,3020.0,16675306.22,1327466.52,17496357.53,10211465.21,5757172.79,10603677.31,92,460,503,16,4
2462,Sao Paulo,SP,residencial_padrao,Alfa Construcoes,2513.0,7919271.41,149662.87,8190166.6,4740493.51,2676513.9,4862353.06,72,527,533,17,20
2463,Uberlandia,MG,residencial_padrao,Construtora Serrana,2515.0,7377663.55,73091.66,7330531.04,3891101.33,2339004.24,4086744.56,69,475,536,17,16
2464,Salvador,BA,industrial,Alfa Construcoes,3366.0,19550445.48,1880016.7,21505210.01,11835395.73,7231185.79,12243966.5,93,505,502,16,15
2465,Belo Horizonte,MG,comercial,Engenharia Mineira,3566.0,11784747.48,97691.32,11395551.88,6282542.98,3680430.49,6503140.44,122,628,602,20,18
2466,Goiania,GO,comercial,Obras & Cia,2563.0,7877686.17,329578.79,8019780.69,4490202.78,2956020.71,4758442.91,62,462,462,15,19
2467,Campinas,SP,residencial_padrao,Construtora Atlantica,2635.0,10621512.45,478035.97,11036099.79,5767048.67,4301820.71,6091213.96,75,402,450,15,17
2468,Salvador,BA,residencial_popular,Construtora Serrana,3934.0,6361634.17,60839.26,6184775.76,3478163.91,1916643.38,3641832.87,122,644,693,23,11
2469,Campinas,SP,industrial,Construtora Horizonte,5984.0,28836665.09,927790.23,30533052.12,16887898.07,10825024.88,18250229.11,192,1071,1069,35,13
2470,Sao Paulo,SP,comercial,Beta Engenharia,1641.0,5815739.86,492332.15,6191801.64,3324582.97,1867205.74,3464642.39,41,264,274,9,8
2471,Uberlandia,MG,residencial_popular,Engenharia Mineira,3208.0,4978956.46,149561.88,5264691.05,2784253.19,1957280.34,2914299.56,78,420,404,13,18
2472,Contagem,MG,residencial_popular,Vertice Engenharia,2236.0,3697015.2,53748.15,3710664.07,2011434.54,1392017.22,1997607.23,74,342,374,12,10
2473,Curitiba,PR,comercial,Engenharia Vale Verde,5787.0,25842898.49,2534844.87,29122620.18,18024625.0,9418715.24,18947081.37,143,949,863,28,16
2474,Sao Paulo,SP,industrial,Alfa Construcoes,1257.0,8888707.77,52876.35,9031000.72,5176191.91,3204691.87,5481054.72,34,205,202,6,11
2475,Campinas,SP,industrial,Estrutural Engenharia,2799.0,17875499.34,166921.79,18228567.69,9434462.28,5187218.3,9688550.12,98,516,551,18,15
2476,Goiania,GO,residencial_popular,Construtora Horizonte,7743.0,15321731.1,900923.81,16047984.48,8136643.13,5400647.53,8540577.94,243,1489,1613,53,10
2477,Ribeirao Preto,SP,comercial,Obras & Cia,1701.0,7375452.92,39074.47,7363792.02,4226947.49,2704229.58,4354496.57,59,307,338,11,18
2478,Goiania,GO,residencial_popular,Alfa Construcoes,7077.0,11883648.99,550109.46,12336570.16,7288370.99,4580040.18,7220503.48,234,1408,1277,42,18
2479,Contagem,MG,industrial,Obras & Cia,2621.0,17740870.16,1517476.25,19378710.13,10638669.19,6639715.09,11342169.98,66,411,445,14,14
2480,Curitiba,PR,comercial,Estrutural Engenharia,1568.0,7735837.68,41841.5,7511581.73,3948748.14,3107122.49,4136769.89,54,236,233,7,7
2481,Rio de Janeiro,RJ,comercial,Engenharia Vale Verde,1885.0,8906308.02,58669.47,9155179.58,5102547.17,2493172.76,5416151.64,56,264,285,9,18
2482,Ribeirao Preto,SP,residencial_padrao,Construtora Serrana,2943.0,8940018.03,760589.4,9655988.79,4837719.23,3139862.72,5219664.58,86,505,573,19,11
2483,Rio de Janeiro,RJ,comercial,Vertice Engenharia,1946.0,9086773.76,122775.67,8778423.82,5184909.15,3115505.7,5504664.78,52,392,421,14,18
2484,Uberlandia,MG,comercial,Construtora Serrana,3853.0,12652501.11,949935.8,13212084.64,7944250.98,5072269.71,8114926.35,110,621,696,23,8
2485,Sao Paulo,SP,residencial_popular,Construtora Atlantica,3038.0,3545788.92,136692.98,3747905.73,2246656.59,1241767.19,2369853.01,79,600,673,22,16
2486,Curitiba,PR,residencial_padrao,Construtora Horizonte,2780.0,9871872.51,35508.59,9974877.26,5238433.83,3210561.02,5527312.42,91,418,458,15,11
2487,Belo Horizonte,MG,industrial,Estrutural Engenharia,2029.0,9244364.39,897063.28,10126119.14,5780559.4,3589551.25,6226993.38,67,356,420,14,7
2488,Rio de Janeiro,RJ,residencial_popular,Construtora Horizonte,2703.0,4571822.11,55782.16,4504524.41,2523528.39,1400147.96,2605177.5,77,410,510,17,17
2489,Goiania,GO,residencial_popular,Construtora Serrana,2844.0,5247874.07,286711.28,5612665.81,2577026.97,2057572.35,2669048.42,82,396,375,12,16
2490,Rio de Janeiro,RJ,residencial_padrao,Construtora Horizonte,1330.0,5064212.38,142449.18,5124259.76,2754703.07,1734744.39,2794080.48,37,240,264,8,17
2491,Campinas,SP,residencial_popular,Construtora Planalto,2682.0,4289021.04,211710.31,4796880.83,2765326.58,1579264.62,3044056.71,64,545,539,17,14
2492,Goiania,GO,comercial,Engenharia Mineira,4256.0,15060781.25,19978.75,15609415.13,8835066.48,5427885.48,9099738.1,108,841,899,29,15
2493,Campinas,SP,comercial,Engenharia Vale Verde,2227.0,9245579.64,665436.59,10041034.18,5352346.82,3254678.53,5496836.16,59,435,421,14,18
2494,Uberlandia,MG,industrial,Estrutural Engenharia,2491.0,14943475.85,802269.37,16401060.9,9877291.49,6307800.64,10184825.25,82,376,436,14,19
2495,Contagem,MG,comercial,Construtora Serrana,4289.0,21538377.35,1641846.0,27684972.34,12914273.74,14569903.59,13294191.36,325,908,963,32,14
2496,Campinas,SP,comercial,Delta Obras,5780.0,31749111.24,1846082.16,32151984.93,18880601.85,12586344.73,20705974.16,154,1312,1415,47,17
2497,Goiania,GO,comercial,Delta Obras,6093.0,31298177.43,173977.06,30500498.32,17426717.32,9950102.74,19069257.11,230,944,1015,33,14
2498,Campinas,SP,residencial_popular,Delta Obras,2285.0,3819444.23,45409.03,3774084.6,2144098.31,1174618.94,2282194.21,95,297,308,10,3
2499,Campinas,SP,comercial,Engenharia Vale Verde,1924.0,7774744.14,230885.19,7846489.31,4059330.38,2473523.46,4362374.34,46,331,347,11,10
2500,Uberlandia,MG,residencial_padrao,Vertice Engenharia,2671.0,9023262.32,371037.61,9097212.88,5437603.37,3127354.44,5982816.35,71,352,402,13,15
2501,Goiania,GO,residencial_padrao,Obras & Cia,2099.0,7220277.53,190238.69,7279566.57,4246334.23,2556315.45,4565532.42,69,308,335,11,19
2502,Goiania,GO,residencial_popular,Construtora Planalto,2744.0,6162359.26,551540.32,6864646.84,3670832.28,2019191.3,3719213.21,74,418,452,15,19
2503,Uberlandia,MG,residencial_popular,Construtora Atlantica,2023.0,3941968.33,2185900.42,6056347.23,2315786.69,1434414.42,2389544.46,59,283,328,10,15
2504,Curitiba,PR,industrial,Delta Obras,7042.0,48820127.61,993559.18,46414305.09,25603843.66,16067989.06,27408516.83,215,1211,1331,44,11
2505,Salvador,BA,residencial_popular,Engenharia Mineira,3283.0,7007962.14,658919.73,7914231.75,4372871.62,3124952.93,4363096.18,72,425,461,15,18
2506,Rio de Janeiro,RJ,residencial_padrao,Estrutural Engenharia,2196.0,6978766.33,570987.39,7644854.31,4812161.51,2698696.54,4837835.08,50,437,439,14,16
2507,Curitiba,PR,residencial_padrao,Obras & Cia,1447.0,4144334.6,96288.05,4319716.16,2580318.5,1353560.85,2786408.02,36,264,235,7,10
2508,Uberlandia,MG,comercial,Vertice Engenharia,2810.0,10664569.37,944974.22,11158391.73,6366683.76,3578162.35,6526005.49,76,379,464,15,10
2509,Belo Horizonte,MG,comercial,Obras & Cia,3857.0,20512114.36,240112.93,20806600.3,11038198.6,6081339.9,11147310.82,119,637,720,24,16
2510,Contagem,MG,comercial,Construtora Atlantica,2095.0,9158030.69,850972.53,10319050.76,5614440.86,3324040.14,5951698.89,56,299,297,9,12
2511,Goiania,GO,residencial_popular,Delta Obras,2432.0,4104192.02,19378.21,3953967.09,2499888.28,1311218.27,2689884.42,70,391,402,13,18
2512,Ribeirao Preto,SP,residencial_popular,Construtora Planalto,7381.0,13340018.42,386287.09,13112621.64,8190446.66,4372301.91,9106590.28,199,1207,1283,42,23
2513,Campinas,SP,residencial_padrao,Construtora Planalto,3318.0,10221624.49,285760.1,10554450.9,5692541.34,3753626.29,5973141.94,116,526,582,19,12
2514,Salvador,BA,comercial,Obras & Cia,4546.0,23104019.97,1451136.84,25395953.94,15563407.14,9504200.1,16075310.94,130,703,785,26,14
2515,Goiania,GO,residencial_padrao,Engenharia Vale Verde,6582.0,17886296.24,442339.31,17598902.29,9015177.91,6818172.82,9812344.86,190,1028,1078,35,10
2516,Salvador,BA,residencial_popular,Construtora Horizonte,3559.0,5644671.94,230469.8,5753098.79,3186660.35,2067075.14,3313381.83,128,461,492,16,16
2517,Contagem,MG,comercial,Construtora Serrana,1365.0,6062906.34,263675.99,6461250.16,3787863.34,2409728.96,4089559.72,31,216,245,8,16
2518,Salvador,BA,residencial_padrao,Construtora Horizonte,1932.0,6383608.14,499616.75,7008296.02,4129576.22,2705952.86,4536660.95,72,383,491,16,19
2519,Campinas,SP,residencial_popular,Construtora Atlantica,3029.0,5409142.65,326709.96,5602953.63,3056557.42,1840705.88,3155730.24,63,522,559,18,15
2520,Curitiba,PR,residencial_padrao,Construtora Planalto,5561.0,18905192.21,1393615.86,20233341.98,10989012.66,6949243.21,11706363.36,145,867,933,31,15
2521,Campinas,SP,residencial_popular,Delta Obras,4398.0,8453345.33,594349.84,9123853.86,5254587.46,3513937.46,5597759.54,120,650,666,22,16
2522,Ribeirao Preto,SP,residencial_popular,Alfa Construcoes,1333.0,2671577.66,167374.63,2921172.95,1515440.92,1030296.26,1593969.41,35,258,284,9,7
2523,Contagem,MG,industrial,Construtora Atlantica,1365.0,9207467.53,841441.75,10186390.01,6202773.78,3468687.35,6626346.13,38,230,265,8,23
2524,Salvador,BA,residencial_popular,Engenharia Mineira,3497.0,6584075.04,501846.08,7015116.19,2852351.7,2778296.64,2935520.63,103,600,592,19,15
2525,Campinas,SP,comercial,Engenharia Vale Verde,2083.0,9591197.27,243579.12,10108528.94,5017718.99,3293746.09,5377785.13,65,394,395,13,14
2526,Sao Paulo,SP,residencial_padrao,Engenharia Mineira,1782.0,6322396.14,60010.41,6016612.57,2935254.83,2286828.46,3220250.14,73,267,315,10,11
2527,Belo Horizonte,MG,industrial,Beta Engenharia,2727.0,17134213.81,746049.33,18417222.74,10744204.13,7398958.65,11745759.73,78,321,371,12,17
2528,Belo Horizonte,MG,industrial,Engenharia Mineira,1447.0,7466087.44,649980.19,8234665.03,4327028.86,2848567.69,4509922.02,37,273,294,9,16
2529,Goiania,GO,industrial,Vertice Engenharia,6595.0,37815637.1,3160277.93,42024341.16,23204993.27,15223437.33,23540528.33,168,852,808,26,16
2530,Rio de Janeiro,RJ,industrial,Alfa Construcoes,5540.0,34646587.21,1154220.51,34741759.6,20145043.36,10739554.57,20347835.14,158,907,979,32,13
2531,Rio de Janeiro,RJ,comercial,Delta Obras,1937.0,9566167.08,25941.41,9764953.23,5832410.5,3284344.66,6008360.76,72,441,456,15,14
2532,Goiania,GO,residencial_padrao,Alfa Construcoes,6385.0,22948506.65,1963238.49,24581155.28,13918836.01,8141437.65,14277094.89,191,929,1063,35,12
2533,Uberlandia,MG,comercial,Alfa Construcoes,2971.0,11272672.65,580420.84,11403540.91,6802465.42,4522349.67,7058801.42,93,434,497,16,10
2534,Belo Horizonte,MG,residencial_padrao,Vertice Engenharia,2028.0,6841846.89,38989.01,6769312.53,3695681.07,2066861.55,3652465.26,51,375,457,15,22
2535,Goiania,GO,industrial,Estrutural Engenharia,9600.0,65700643.93,5698112.26,65868551.81,38040814.79,23115835.55,40435135.92,283,1887,1916,63,17
2536,Contagem,MG,comercial,Delta Obras,1395.0,6366557.27,153498.48,6699721.01,3488115.71,2285468.31,3888968.25,41,247,270,9,7
2537,Sao Paulo,SP,residencial_padrao,Delta Obras,4900.0,16836416.1,813102.17,17512163.52,8740064.28,6719823.49,9453051.04,132,972,1136,37,13
2538,Contagem,MG,comercial,Construtora Planalto,3841.0,16046879.6,786385.45,17140522.92,10416564.33,6090477.49,10922693.11,101,536,606,20,15
2539,Rio de Janeiro,RJ,residencial_popular,Obras & Cia,4470.0,6438247.39,1280.4,6417163.4,3165517.79,2317719.59,3528379.61,133,675,835,27,18
2540,Uberlandia,MG,residencial_popular,Construtora Serrana,3791.0,8182696.4,706315.36,8150365.92,4203566.04,2835505.77,4285709.56,229,699,733,24,12
2541,Uberlandia,MG,industrial,Delta Obras,3043.0,19197615.59,540071.38,20549938.48,11349907.27,6655191.9,11534500.8,89,441,433,14,17
2542,Goiania,GO,comercial,Vertice Engenharia,3623.0,14532728.43,450830.35,15329688.87,8187886.67,4830080.34,8728950.87,102,756,1889,62,12
2543,Goiania,GO,residencial_padrao,Obras & Cia,2500.0,9443283.58,554158.54,10281395.1,5765490.89,3782257.08,6070827.47,84,473,1408,46,20
2544,Campinas,SP,residencial_popular,Estrutural Engenharia,3062.0,5203404.23,332774.53,5447149.89,3302212.96,1903412.86,3488737.48,84,591,625,20,19
2545,Rio de Janeiro,RJ,residencial_padrao,Construtora Planalto,1679.0,4225420.84,269055.05,4644032.39,2621016.92,1720190.85,2645110.7,52,395,410,13,6
2546,Contagem,MG,residencial_padrao,Beta Engenharia,3198.0,8056856.04,736397.7,9283688.47,5282691.87,3579321.63,5469937.1,104,538,481,16,24
2547,Curitiba,PR,residencial_popular,Construtora Planalto,4598.0,7745895.95,570026.54,8671631.46,4379485.97,3125821.05,4656674.78,129,855,887,29,11
2548,Sao Paulo,SP,industrial,Beta Engenharia,2949.0,16185538.36,195778.45,15741431.13,7685210.29,5470774.15,8009976.37,72,452,475,15,17
2549,Salvador,BA,residencial_padrao,Obras & Cia,8534.0,28281791.43,1169998.61,29627176.42,13191583.95,10340494.11,14283708.25,224,1367,1506,50,19
2550,Goiania,GO,residencial_popular,Estrutural Engenharia,2545.0,3109021.63,102160.65,3260814.56,1813359.78,1073976.85,1956532.8,75,426,445,14,16
2551,Goiania,GO,residencial_padrao,Beta Engenharia,3949.0,11355745.35,196281.17,11858816.02,6050354.43,4464883.03,6371271.29,147,556,597,19,16
2552,Curitiba,PR,industrial,Construtora Planalto,3296.0,21607121.11,2022453.14,23386519.71,11381343.27,8336070.27,12421235.38,86,640,728,24,13
2553,Campinas,SP,residencial_padrao,Construtora Planalto,4959.0,13759135.87,94978.73,14331156.13,7751550.79,5213399.38,8702802.17,123,801,1026,34,15
2554,Belo Horizonte,MG,comercial,Engenharia Vale Verde,1290.0,5545114.53,209851.0,5811812.55,2866439.17,2149325.85,2938353.64,33,191,194,6,11
2555,Uberlandia,MG,comercial,Vertice Engenharia,4612.0,21244640.4,1991797.65,23294479.23,12233787.88,7453043.89,12805913.52,118,648,681,22,19
2556,Contagem,MG,residencial_popular,Estrutural Engenharia,1551.0,2595505.45,247892.98,3014813.7,1711123.41,1046536.97,1885076.31,54,263,318,10,14
2557,Ribeirao Preto,SP,industrial,Construtora Atlantica,4415.0,31679096.6,2272478.52,33953207.3,18011209.94,11766035.48,18378494.98,127,736,872,29,17
2558,Campinas,SP,industrial,Construtora Atlantica,1622.0,9213266.89,5129575.92,14310839.09,4767209.31,3324872.67,4834293.73,57,213,217,7,15
2559,Contagem,MG,industrial,Engenharia Vale Verde,2629.0,13784911.93,418406.2,14347014.01,8704984.93,5429241.07,8821875.41,65,412,412,13,15
2560,Ribeirao Preto,SP,residencial_popular,Construtora Planalto,3790.0,6004353.91,426953.05,6059072.29,3472539.45,2187342.69,3713145.81,120,546,568,18,10
2561,Sao Paulo,SP,industrial,Alfa Construcoes,3173.0,14478813.49,895941.1,15858561.81,9881053.94,6369475.66,10270790.43,103,822,836,27,22
2562,Goiania,GO,residencial_popular,Construtora Horizonte,2259.0,4277978.51,401505.33,4463402.5,2214244.71,1761252.38,2373652.63,67,306,287,9,18
2563,Salvador,BA,residencial_popular,Construtora Planalto,4037.0,4857366.73,252823.9,5223145.78,2859498.86,2024799.12,3107286.3,133,606,588,19,15
2564,Salvador,BA,residencial_padrao,Construtora Serrana,4418.0,13132902.24,63771.68,13476437.2,6961402.98,4358211.54,7526910.33,124,913,1021,34,13
2565,Belo Horizonte,MG,comercial,Vertice Engenharia,851.0,4367663.9,31266.02,4234782.34,2437439.56,1584544.38,2501756.06,21,120,138,4,19
2566,Rio de Janeiro,RJ,comercial,Obras & Cia,2899.0,13939896.94,308545.95,13919568.06,6860815.82,4970059.71,7220951.14,91,435,420,14,12
2567,Salvador,BA,comercial,Obras & Cia,4743.0,18701609.43,969049.74,19211069.62,10414444.15,6806772.47,11110243.43,129,762,734,24,16
2568,Ribeirao Preto,SP,residencial_popular,Delta Obras,2080.0,4220104.52,362991.85,4523861.94,2438267.66,1412022.75,2538916.11,57,458,466,15,8
2569,Curitiba,PR,residencial_popular,Construtora Planalto,3315.0,6071281.02,356022.55,6543866.7,3855163.28,1983402.69,4199449.9,80,557,579,19,3
2570,Campinas,SP,industrial,Delta Obras,5433.0,36161793.9,3183259.51,41618260.34,24563389.51,14074680.01,27399560.0,184,1126,1144,38,11
2571,Rio de Janeiro,RJ,residencial_padrao,Beta Engenharia,4443.0,14149662.94,1061813.21,15238315.96,6971635.92,4640710.03,7239630.22,144,764,888,29,14
2572,Uberlandia,MG,residencial_padrao,Construtora Planalto,7011.0,27270141.86,1653405.54,27567770.81,15500591.07,9966049.99,16287497.27,218,1227,1225,40,10
2573,Contagem,MG,industrial,Construtora Atlantica,4634.0,26615673.27,2596673.37,34898566.28,19024278.87,17815657.73,20451919.51,262,819,950,31,17
2574,Rio de Janeiro,RJ,comercial,Obras & Cia,4531.0,13742152.96,1364079.41,16037855.79,8229096.43,5787788.63,8165453.92,173,783,852,28,17
2575,Sao Paulo,SP,residencial_padrao,Obras & Cia,3106.0,9418343.11,217535.85,9524692.21,5508140.67,3548725.69,5827274.46,82,442,466,15,20
2576,Campinas,SP,residencial_padrao,Construtora Horizonte,2344.0,8336945.37,706151.42,8955804.1,4259496.32,3294224.91,4631792.09,59,352,393,13,17
2577,Belo Horizonte,MG,residencial_popular,Engenharia Mineira,4186.0,6848628.65,470004.49,7334055.68,3935247.42,2222297.43,3986207.81,115,622,653,21,26
2578,Campinas,SP,industrial,Construtora Serrana,5685.0,39562536.99,3801435.2,44756286.1,24715127.17,17897432.47,26902286.74,184,908,841,28,21
2579,Goiania,GO,residencial_popular,Obras & Cia,5851.0,10371837.31,776930.7,12030869.98,6680062.86,3849803.1,7243678.93,129,1002,1044,34,15
2580,Goiania,GO,residencial_popular,Vertice Engenharia,7266.0,12838647.01,615426.67,13271619.53,7868915.05,3858366.28,8322475.35,153,952,1043,34,20
2581,Curitiba,PR,residencial_popular,Engenharia Vale Verde,2799.0,5685324.46,493198.94,5944277.86,3406463.74,2144958.57,3587329.71,79,452,486,16,19
2582,Ribeirao Preto,SP,comercial,Delta Obras,1959.0,8167639.58,538951.47,8522166.97,5009628.73,3092708.49,5431969.6,61,367,418,13,15
2583,Curitiba,PR,residencial_padrao,Obras & Cia,2766.0,8599126.93,100257.27,8872010.23,4433959.68,3473741.15,4601065.83,63,560,602,20,14
2584,Ribeirao Preto,SP,residencial_popular,Delta Obras,1139.0,1967147.86,13527.73,1949180.71,1001587.74,729014.43,1044169.7,34,162,154,5,13
2585,Uberlandia,MG,comercial,Vertice Engenharia,1610.0,9245816.25,590633.83,10094517.43,5904257.07,3486962.91,6114623.6,46,245,237,7,10
2586,Goiania,GO,residencial_padrao,Construtora Planalto,3558.0,11061850.84,427370.66,11982243.43,6549413.17,4065517.87,6823889.45,109,651,657,21,21
2587,Curitiba,PR,industrial,Estrutural Engenharia,2508.0,17263793.1,424824.04,18418632.57,11084447.84,7682227.83,11975044.91,67,356,355,11,13
2588,Rio de Janeiro,RJ,industrial,Alfa Construcoes,1943.0,9975642.71,535959.34,16227033.78,8468512.08,3974221.77,9239586.88,47,309,322,10,21
2589,Rio de Janeiro,RJ,comercial,Estrutural Engenharia,4770.0,28003701.86,2612822.94,29700700.75,14863391.62,10130051.19,15922928.1,128,614,666,22,13
2590,Belo Horizonte,MG,residencial_popular,Construtora Planalto,2972.0,4230538.15,895.95,4105032.09,2187877.42,1437523.78,2237858.73,91,549,544,18,10
2591,Belo Horizonte,MG,residencial_padrao,Engenharia Mineira,1906.0,6602313.2,418208.19,7272147.1,4548496.29,2693019.7,4837269.45,49,299,315,10,14
2592,Belo Horizonte,MG,residencial_padrao,Obras & Cia,2935.0,11306452.19,1048705.43,12123145.69,7272282.82,3311773.56,8057011.39,103,458,496,16,19
2593,Rio de Janeiro,RJ,residencial_popular,Construtora Atlantica,1020.0,1752541.58,46657.41,1688591.86,931790.09,536506.93,996523.93,30,134,137,4,16
2594,Contagem,MG,industrial,Construtora Planalto,2691.0,17970692.01,1633575.72,19431788.75,9555188.73,7176815.56,10153196.37,68,465,425,14,17
2595,Contagem,MG,industrial,Beta Engenharia,5978.0,36022589.46,1828050.78,38324440.71,20163360.42,12671820.28,21112311.51,196,1027,1237,41,19
2596,Goiania,GO,comercial,Estrutural Engenharia,1973.0,12318046.5,84962.78,13148605.97,8283307.8,3910436.25,9062044.46,58,355,387,12,10
2597,Uberlandia,MG,comercial,Beta Engenharia,1862.0,8609805.13,277076.5,8989929.8,4815081.35,3292492.87,4852665.91,60,329,366,12,16
2598,Rio de Janeiro,RJ,comercial,Beta Engenharia,2010.0,11138780.53,752038.35,12040300.37,6568174.26,4417463.33,6777274.65,49,282,318,10,15
2599,Campinas,SP,residencial_popular,Construtora Atlantica,12223.0,18971243.3,1812782.73,20991524.32,11492828.13,7463639.08,11891555.03,329,1954,2470,82,19
2600,Salvador,BA,comercial,Obras & Cia,3975.0,23006013.53,1395064.04,24267311.29,11495775.95,8900357.11,12363077.21,132,556,551,18,13
2601,Salvador,BA,residencial_popular,Construtora Horizonte,6615.0,10487755.36,987206.94,11741699.32,6724926.86,4322847.87,7214804.2,205,899,935,31,14
2602,Contagem,MG,comercial,Construtora Atlantica,3499.0,13975061.16,1195877.0,16221671.81,8850387.77,5930573.71,9294287.77,105,574,600,20,8
2603,Belo Horizonte,MG,industrial,Estrutural Engenharia,2919.0,18334181.82,1614030.56,19732568.6,11543481.64,7222002.35,12604113.11,77,499,548,18,7
2604,Sao Paulo,SP,residencial_padrao,Beta Engenharia,8886.0,24958949.91,902333.9,26145111.37,14758951.7,9416092.4,15579177.28,278,1846,5157,171,9
2605,Ribeirao Preto,SP,industrial,Obras & Cia,2464.0,15739029.37,1110514.11,17344545.65,10533840.42,6410714.93,11176463.8,51,498,506,16,13
2606,Goiania,GO,industrial,Vertice Engenharia,4366.0,28473676.05,1409107.14,30384758.55,17700151.82,11359545.3,19402014.14,125,679,672,22,11
2607,Ribeirao Preto,SP,comercial,Alfa Construcoes,1986.0,9828552.05,173029.25,10354131.31,5008003.13,3900776.19,5249684.55,62,342,387,12,17
2608,Contagem,MG,comercial,Estrutural Engenharia,1747.0,8782380.58,859417.18,9607621.11,6314540.62,3495125.98,6770876.53,58,348,387,12,13
2609,Goiania,GO,industrial,Construtora Planalto,3202.0,29460726.28,835264.87,30649664.91,15883703.76,11768318.91,16935449.11,104,549,641,21,20
2610,Campinas,SP,industrial,Vertice Engenharia,7791.0,46274955.98,1802425.25,49702779.29,24886854.16,16143913.77,25964181.87,187,1129,1259,41,14
2611,Rio de Janeiro,RJ,industrial,Delta Obras,2904.0,19195937.2,104477.53,20340795.9,11222973.45,6959027.54,12253828.94,68,514,498,16,20
2612,Salvador,BA,comercial,Vertice Engenharia,2740.0,12526479.37,704462.64,13319006.24,7467418.1,4469703.5,8296330.82,73,396,369,12,9
2613,Ribeirao Preto,SP,residencial_popular,Engenharia Mineira,7536.0,11662080.99,160910.22,11384915.25,5934445.09,4050677.02,6143466.12,264,1526,1372,45,16
2614,Sao Paulo,SP,industrial,Delta Obras,1892.0,13064933.86,112370.75,13180188.23,7166422.23,4356401.96,7566056.73,43,273,281,9,17
2615,Goiania,GO,residencial_popular,Construtora Planalto,4294.0,6837274.86,294991.67,7767552.96,4095050.06,3399734.42,4360077.87,137,800,991,33,16
2616,Ribeirao Preto,SP,comercial,Alfa Construcoes,3697.0,16613931.76,1496815.38,19074389.69,9630300.25,7044914.29,10090754.49,113,539,502,16,5
2617,Uberlandia,MG,comercial,Beta Engenharia,2782.0,9884465.26,228368.93,10698559.45,6082351.37,3750801.24,6787036.46,69,375,358,11,10
2618,Ribeirao Preto,SP,comercial,Construtora Planalto,5568.0,18699837.28,1395447.86,20691674.2,12155259.51,6989630.34,12952139.55,178,965,932,31,11
2619,Contagem,MG,residencial_popular,Engenharia Vale Verde,2191.0,3674889.4,310359.49,3829872.36,2406859.66,1282942.56,2551028.07,83,309,328,10,13
2620,Belo Horizonte,MG,residencial_popular,Obras & Cia,681.0,1085481.08,69306.75,1150262.99,747915.35,390942.41,807529.3,15,120,119,3,9
2621,Belo Horizonte,MG,residencial_popular,Delta Obras,6785.0,13139089.9,1112842.05,15360139.54,8962564.18,4868872.61,9424421.45,162,1169,1368,45,14
2622,Ribeirao Preto,SP,comercial,Delta Obras,3228.0,15006046.21,895814.14,15691195.7,7856137.26,5300277.87,8061536.65,80,473,517,17,9
2623,Goiania,GO,comercial,Engenharia Mineira,1520.0,6683279.84,200089.44,7088239.89,4032597.43,2748494.41,4265652.09,44,226,253,8,12
2624,Salvador,BA,industrial,Construtora Atlantica,1092.0,6984536.66,586120.67,7645203.52,3735352.77,2510761.19,3873531.07,26,195,187,6,16
2625,Curitiba,PR,comercial,Estrutural Engenharia,4426.0,16781993.54,1291972.48,19413012.01,10491351.59,6903304.19,10493122.45,144,695,711,23,17
2626,Campinas,SP,residencial_popular,Estrutural Engenharia,4953.0,7376645.37,588707.53,8020190.75,4913817.85,2565528.37,5181279.58,138,758,867,28,13
2627,Campinas,SP,residencial_padrao,Beta Engenharia,5797.0,23204125.11,414601.26,23730280.15,12601173.18,7266933.14,13126155.62,163,980,1075,35,9
2628,Belo Horizonte,MG,comercial,Alfa Construcoes,4904.0,24183257.48,2175140.05,26069431.58,12509082.79,9481813.53,12215709.15,146,817,828,27,23
2629,Contagem,MG,comercial,Vertice Engenharia,4996.0,19245947.23,165623.89,19772026.02,10129620.46,6939615.5,10927401.47,156,817,878,29,10
2630,Curitiba,PR,comercial,Construtora Planalto,4602.0,17783790.25,1022265.73,18021755.54,9094904.65,5668627.21,9470640.13,128,731,663,22,14
2631,Sao Paulo,SP,residencial_padrao,Obras & Cia,3894.0,11991820.86,908608.37,12612124.4,7806727.28,3928583.64,8103445.22,109,671,663,22,7
2632,Salvador,BA,industrial,Construtora Planalto,6902.0,55479838.17,3499625.38,56493909.94,32739450.36,18110123.07,33837036.12,216,1232,1258,41,9
2633,Rio de Janeiro,RJ,comercial,Vertice Engenharia,1690.0,6774517.84,457288.45,7224525.97,4009702.61,2044776.05,4324197.66,53,244,259,8,12
2634,Goiania,GO,industrial,Engenharia Mineira,4454.0,30183720.04,324663.62,30713479.64,18553890.26,10308756.53,19892133.31,139,795,840,28,9
2635,Belo Horizonte,MG,residencial_padrao,Delta Obras,2550.0,5879274.17,386630.5,6201042.27,3622112.25,2223420.53,3960505.08,67,458,478,15,13
2636,Rio de Janeiro,RJ,residencial_padrao,Engenharia Mineira,2177.0,6974825.45,27642.43,6791044.85,3821187.5,2055238.47,4138984.74,57,298,286,9,19
2637,Salvador,BA,comercial,Alfa Construcoes,2721.0,11527107.41,1148439.33,12163780.53,6324565.32,3799073.81,6943561.12,98,444,481,16,16
2638,Curitiba,PR,residencial_padrao,Vertice Engenharia,5622.0,20384698.16,1627264.53,22069777.54,11879224.16,8586815.64,13221528.71,193,1284,1406,46,19
2639,Ribeirao Preto,SP,residencial_popular,Alfa Construcoes,4311.0,9264102.93,456077.98,10147318.06,5938681.57,3161231.67,6234125.9,118,728,762,25,21
2640,Curitiba,PR,comercial,Construtora Planalto,3492.0,13617847.83,1178123.25,14040792.82,7995151.51,4887637.27,8196842.62,136,550,569,18,12
2641,Rio de Janeiro,RJ,residencial_popular,Construtora Atlantica,2646.0,5073702.68,209101.93,5094442.04,2790098.55,1942849.14,2932973.99,74,461,451,15,11
2642,Campinas,SP,industrial,Construtora Planalto,3756.0,22814838.51,1851347.9,24917433.27,12972467.97,8477960.57,13436541.66,78,551,585,19,20
2643,Goiania,GO,residencial_popular,Construtora Planalto,1495.0,2607708.59,228765.1,2888511.18,1562800.93,1002440.67,1619311.09,37,308,312,10,7
2644,Belo Horizonte,MG,residencial_popular,Vertice Engenharia,3527.0,6072443.23,274131.04,6604380.28,3614121.01,2361151.71,3745760.55,92,699,834,27,19
2645,Belo Horizonte,MG,residencial_padrao,Construtora Planalto,2009.0,6809629.95,44521.81,6966134.8,3731230.0,2756808.51,3918721.36,42,309,291,9,23
2646,Campinas,SP,residencial_padrao,Delta Obras,4119.0,10976842.37,949418.73,11911323.56,7208147.14,4310365.73,7938153.29,98,684,782,26,21
2647,Goiania,GO,industrial,Construtora Atlantica,2679.0,16412640.17,611527.99,17167391.76,9936787.11,6083013.47,10536375.16,77,608,719,23,13
2648,Curitiba,PR,residencial_padrao,Construtora Planalto,4863.0,16159163.67,1522259.48,17068768.03,9332591.72,6637079.9,9609636.66,162,802,848,28,17
2649,Belo Horizonte,MG,comercial,Delta Obras,833.0,4285670.34,124615.26,4329578.65,2003168.67,1648215.95,2124380.7,22,133,366,12,11
2650,Goiania,GO,industrial,Construtora Serrana,2603.0,16194772.04,145413.43,15614581.22,8582501.24,5798417.12,8773697.95,76,408,428,14,17
2651,Contagem,MG,residencial_popular,Estrutural Engenharia,2551.0,3843904.35,207370.18,4063425.05,2073511.84,1493152.97,2256059.06,80,470,464,15,8
2652,Goiania,GO,residencial_padrao,Estrutural Engenharia,1941.0,5227018.34,486391.65,5594249.51,3398634.84,1748414.8,3411699.1,51,328,338,11,17
2653,Goiania,GO,residencial_padrao,Construtora Planalto,2912.0,7476441.35,637335.67,7943283.43,4024269.16,2844300.54,4008327.23,88,496,519,17,16
2654,Curitiba,PR,industrial,Delta Obras,5554.0,31724284.6,1099263.31,32503393.01,17855713.39,11240894.77,18872356.26,168,913,1070,35,19
2655,Uberlandia,MG,residencial_padrao,Engenharia Vale Verde,1524.0,4067473.74,363657.83,4533588.8,2399331.95,1491879.19,2619627.31,39,222,225,7,12
2656,Campinas,SP,residencial_padrao,Engenharia Vale Verde,2046.0,5984783.93,352050.53,6239634.68,3650207.14,1901279.42,3901602.65,65,350,363,12,14
2657,Curitiba,PR,residencial_padrao,Engenharia Mineira,2387.0,7024603.65,592635.94,7622963.79,4154226.11,2520612.4,4311096.69,75,360,356,11,6
2658,Curitiba,PR,industrial,Estrutural Engenharia,2224.0,15168570.73,171176.55,16065122.85,9513558.68,5320100.41,9860579.74,59,346,345,11,8
2659,Curitiba,PR,comercial,Construtora Serrana,4808.0,22163904.55,1141829.23,23740141.26,13760795.58,6823130.25,14303987.03,146,818,909,30,7
2660,Contagem,MG,residencial_padrao,Engenharia Vale Verde,3220.0,11509750.01,102722.99,11512714.59,6714436.61,4274727.04,7159268.54,92,566,546,18,10
2661,Salvador,BA,residencial_popular,Engenharia Vale Verde,2901.0,4920453.27,454351.93,5342477.49,2743217.06,1827154.32,2947912.89,97,470,491,16,11
2662,Ribeirao Preto,SP,residencial_popular,Beta Engenharia,3149.0,4593813.96,213280.08,4793830.44,2526959.63,1844746.39,2575084.4,100,694,801,26,22
2663,Salvador,BA,residencial_padrao,Estrutural Engenharia,1982.0,6404666.73,70619.96,6469203.48,3527631.31,2343317.3,3602314.92,55,388,394,13,8
2664,Belo Horizonte,MG,comercial,Construtora Atlantica,4778.0,21302798.76,66922.1,21355327.05,9926717.25,6195001.25,10328150.43,131,822,806,26,14
2665,Campinas,SP,comercial,Engenharia Vale Verde,4401.0,22031907.66,172678.32,22171329.56,12439179.47,8042413.27,13677847.37,126,634,606,20,12
2666,Campinas,SP,comercial,Vertice Engenharia,4121.0,11172980.57,466872.44,11850840.6,6777371.35,3722635.42,7273431.55,117,636,661,22,16
2667,Goiania,GO,comercial,Delta Obras,2692.0,12649367.1,280275.13,12877963.68,6503167.59,4768469.05,7108263.46,64,409,352,11,12
2668,Sao Paulo,SP,industrial,Alfa Construcoes,6934.0,34860771.88,1720196.66,36161390.72,18779476.17,13573400.09,20239188.48,181,1287,1403,46,10
2669,Sao Paulo,SP,comercial,Beta Engenharia,2843.0,11161690.44,96090.36,11062514.3,5986830.86,3579763.82,6472532.24,89,411,466,15,13
2670,Uberlandia,MG,comercial,Engenharia Vale Verde,3916.0,17088915.24,928504.14,18042380.26,8781431.6,6273778.6,9391638.87,109,579,590,19,13
2671,Ribeirao Preto,SP,comercial,Obras & Cia,2434.0,14302487.85,585844.98,14626803.09,7456076.1,4417939.26,7643135.58,62,430,418,13,11
2672,Salvador,BA,industrial,Construtora Horizonte,2179.0,12469219.57,1059721.52,14023947.35,8537008.01,4171239.17,8925159.57,68,338,383,12,16
2673,Sao Paulo,SP,industrial,Alfa Construcoes,2142.0,14048336.52,852157.64,14963501.96,8307611.15,5259725.95,8790058.19,55,329,346,11,14
2674,Ribeirao Preto,SP,industrial,Engenharia Mineira,2005.0,13011569.1,1105871.19,14462160.17,7924487.03,5417349.6,8472138.53,51,356,385,12,17
2675,Sao Paulo,SP,residencial_padrao,Alfa Construcoes,6980.0,29453358.52,1799850.91,32008800.24,18358658.39,10892498.69,19215913.99,175,1336,1289,42,13
2676,Goiania,GO,industrial,Construtora Serrana,2663.0,15722330.58,1350349.89,15823079.13,8052989.96,5661918.54,8573086.71,71,410,409,13,11
2677,Salvador,BA,comercial,Construtora Serrana,2681.0,13766814.45,212655.43,14517883.81,7714492.02,5546209.48,8571111.35,76,418,407,13,18
2678,Curitiba,PR,residencial_padrao,Construtora Atlantica,3996.0,13291546.08,1021523.72,14661744.66,8368278.45,5070476.51,8995890.05,98,719,754,25,7
2679,Rio de Janeiro,RJ,industrial,Engenharia Mineira,5495.0,31697546.45,1602338.62,33079910.29,17685980.55,11808374.76,18154176.63,162,1041,1142,38,15
2680,Curitiba,PR,comercial,Alfa Construcoes,2669.0,14147639.35,929071.69,15363942.72,8016777.92,5752677.32,8667092.27,66,371,398,13,19
2681,Curitiba,PR,comercial,Engenharia Mineira,1701.0,6936224.34,665244.23,7843456.18,3840616.63,2326406.2,3906207.52,64,273,262,8,8
2682,Uberlandia,MG,residencial_popular,Alfa Construcoes,1170.0,1897242.41,119715.44,1995366.92,1071154.21,768971.73,1193690.34,34,236,243,8,15
2683,Rio de Janeiro,RJ,residencial_padrao,Engenharia Vale Verde,4045.0,16970227.81,844451.45,17543675.41,10730514.1,5865528.46,11521189.94,106,578,695,23,16
2684,Sao Paulo,SP,residencial_popular,Engenharia Mineira,8893.0,12863284.72,994547.37,12812462.69,6354352.57,4825277.47,6678925.45,268,1662,1479,49,17
2685,Contagem,MG,industrial,Engenharia Vale Verde,1393.0,8395848.12,3682715.63,12467711.24,5517281.53,3310656.09,5812344.54,39,256,269,8,17
2686,Ribeirao Preto,SP,residencial_popular,Delta Obras,2127.0,4166906.02,235529.58,4308702.18,2289762.79,1595903.62,2498834.72,81,290,331,11,15
2687,Belo Horizonte,MG,residencial_popular,Beta Engenharia,3624.0,5942847.78,466597.56,6125822.2,2942471.81,2572656.64,3095163.31,100,606,596,19,13
2688,Goiania,GO,residencial_popular,Obras & Cia,2047.0,3929978.39,302095.14,4281957.97,2475835.77,1476780.0,2587083.39,48,390,351,11,17
2689,Curitiba,PR,residencial_padrao,Construtora Planalto,1739.0,6257543.01,478162.36,6480375.51,4065773.63,1954995.87,4258489.87,68,279,278,9,18
2690,Sao Paulo,SP,residencial_popular,Beta Engenharia,2405.0,3364267.71,104597.96,3442583.03,1642902.54,1095907.03,1688716.56,56,366,374,12,16
2691,Ribeirao Preto,SP,residencial_popular,Engenharia Vale Verde,2247.0,4269859.15,55788.76,4255655.97,2334089.73,1532645.79,2450139.04,57,359,391,13,21
2692,Sao Paulo,SP,industrial,Alfa Construcoes,2130.0,9727342.61,667562.36,10324553.39,6281216.34,3263577.56,6580413.48,57,350,362,12,16
2693,Uberlandia,MG,comercial,Delta Obras,6424.0,29055527.45,248974.04,30653564.19,15538128.06,12375376.17,16941594.89,151,981,864,28,10
2694,Goiania,GO,residencial_padrao,Vertice Engenharia,2126.0,6501571.74,18405.0,6486729.89,3251403.14,2442706.33,3464197.99,62,323,341,11,20
2695,Curitiba,PR,comercial,Construtora Serrana,5779.0,18426012.4,809570.62,19005989.91,9800209.87,7312649.98,10551617.67,231,879,964,32,12
2696,Uberlandia,MG,comercial,Delta Obras,2518.0,11018160.46,523483.19,11634916.42,5905926.34,4155599.23,6156211.45,83,532,585,19,16
2697,Curitiba,PR,residencial_padrao,Delta Obras,2071.0,6786637.88,79480.89,6662898.93,3673584.58,2384455.58,3677755.8,69,362,407,13,11
2698,Goiania,GO,residencial_popular,Construtora Serrana,2631.0,4912090.18,287683.34,5097475.17,3096075.89,2014231.36,3329172.08,64,579,564,18,13
2699,Goiania,GO,comercial,Delta Obras,2549.0,12799632.74,6444575.81,19383050.11,7211602.02,4124214.08,6987790.55,61,462,416,13,16
2700,Uberlandia,MG,comercial,Obras & Cia,5208.0,20085743.29,972185.48,20856591.85,12156590.08,5984190.65,12811176.14,131,775,857,28,19
2701,Ribeirao Preto,SP,comercial,Engenharia Vale Verde,6679.0,31600242.28,2602045.46,32997032.15,15833524.45,13317316.11,16185097.49,199,1040,1156,38,19
2702,Uberlandia,MG,comercial,Obras & Cia,4244.0,21244569.53,1037894.32,23230817.66,10465877.71,8851695.81,10790076.07,110,662,693,23,16
2703,Campinas,SP,residencial_padrao,Engenharia Mineira,4260.0,17821165.97,1234486.22,17233085.96,9191663.26,5781342.29,9547132.04,140,636,597,19,16
2704,Campinas,SP,comercial,Estrutural Engenharia,3803.0,19640544.36,992525.39,20418591.09,11627465.06,7514265.86,12519180.36,143,649,626,20,17
2705,Salvador,BA,residencial_popular,Obras & Cia,2599.0,4204358.13,349803.26,4535957.18,2753592.12,1828846.19,2973938.23,71,348,372,12,13
2706,Campinas,SP,residencial_popular,Construtora Horizonte,2971.0,5691757.73,274362.86,5885770.2,3287285.3,2173666.66,3449093.1,82,593,579,19,14
2707,Ribeirao Preto,SP,comercial,Construtora Horizonte,3346.0,13068883.52,1175252.45,14890180.9,8513763.64,5138958.92,8677439.87,106,557,597,19,17
2708,Campinas,SP,residencial_padrao,Construtora Planalto,2309.0,9515723.8,543991.71,9669890.36,4684590.96,3282002.69,5050923.7,71,321,336,11,19
2709,Uberlandia,MG,residencial_padrao,Obras & Cia,2057.0,6666676.46,297077.7,6926367.73,3890531.18,2546510.81,3919262.09,61,368,372,12,16
2710,Ribeirao Preto,SP,comercial,Delta Obras,2648.0,9943016.98,423505.11,10617090.36,4915785.52,3469378.87,5213687.98,94,399,452,15,14
2711,Sao Paulo,SP,residencial_padrao,Engenharia Vale Verde,939.0,3348766.39,38883.32,3570140.83,1935734.14,1132519.09,2081163.38,27,147,157,5,15
2712,Goiania,GO,comercial,Engenharia Vale Verde,2295.0,8844519.81,876002.01,9619575.75,4870073.7,3487826.41,5064506.48,67,345,373,12,14
2713,Rio de Janeiro,RJ,residencial_popular,Obras & Cia,4312.0,7313302.0,686696.99,8189210.09,4570511.39,2590781.16,4921715.82,104,620,727,24,23
2714,Curitiba,PR,industrial,Engenharia Vale Verde,4559.0,26498799.58,1955342.64,33364886.64,16245936.1,16338224.53,16137955.37,275,699,676,22,15
2715,Ribeirao Preto,SP,industrial,Delta Obras,5213.0,39313030.72,3608138.11,43157781.28,24108056.04,15945990.79,25702131.15,123,1260,1365,45,16
2716,Uberlandia,MG,industrial,Beta Engenharia,2891.0,15497191.95,772862.81,16453235.09,8525747.34,4745452.76,9103098.42,75,496,544,18,13
2717,Salvador,BA,industrial,Obras & Cia,4897.0,22158764.21,764205.74,24319860.25,14282758.54,7590923.2,14324015.7,135,962,985,32,14
2718,Uberlandia,MG,residencial_popular,Estrutural Engenharia,7461.0,12536498.48,1219315.75,13916281.09,8562120.03,4702360.72,9208652.28,242,1239,1185,39,15
2719,Belo Horizonte,MG,industrial,Construtora Atlantica,4040.0,30705032.01,475295.35,29309761.08,15883423.93,10521604.22,16773801.07,118,561,595,19,14
2720,Belo Horizonte,MG,comercial,Delta Obras,3514.0,16416678.95,1578673.33,17971397.39,9780860.11,5953294.67,10037125.28,94,603,604,20,11
2721,Salvador,BA,residencial_padrao,Engenharia Mineira,4733.0,15585712.36,837513.81,16575218.41,10020969.31,6045188.04,10600241.76,123,805,857,28,13
2722,Rio de Janeiro,RJ,industrial,Delta Obras,3545.0,20352051.81,394703.22,20297627.21,9725498.95,6679675.6,9762181.79,96,656,740,24,18
2723,Goiania,GO,comercial,Alfa Construcoes,1990.0,9699474.44,569763.94,9649195.96,5415773.67,2741069.12,5597443.18,49,236,243,8,10
2724,Contagem,MG,residencial_popular,Vertice Engenharia,2132.0,3344668.98,60041.62,3445115.38,1871468.13,1114673.68,1927421.52,64,409,406,13,17
2725,Goiania,GO,comercial,Construtora Horizonte,1240.0,6469655.47,258710.65,6449179.37,3452792.86,2103961.16,3695548.96,37,208,215,7,9
2726,Belo Horizonte,MG,industrial,Construtora Planalto,2051.0,12660157.92,1227561.96,13910943.35,8517255.61,6086531.91,8910892.06,63,393,343,11,19
2727,Sao Paulo,SP,residencial_popular,Construtora Horizonte,4618.0,9555164.03,639068.84,9909564.77,6141824.13,3447518.22,6327254.24,155,784,917,30,17
2728,Ribeirao Preto,SP,residencial_padrao,Beta Engenharia,5990.0,20068626.42,930649.29,20843404.5,12379338.56,7049449.96,13333605.48,177,940,1166,38,18
2729,Uberlandia,MG,residencial_popular,Estrutural Engenharia,2024.0,3738443.72,134774.86,3976282.18,2324037.95,1370270.33,2556223.19,47,330,361,12,12
2730,Sao Paulo,SP,industrial,Alfa Construcoes,2347.0,13861499.4,1177040.82,15298773.42,9039817.73,5350936.75,8760331.32,69,480,480,16,20
2731,Belo Horizonte,MG,residencial_padrao,Alfa Construcoes,1982.0,7082293.14,674202.05,7575358.49,4782295.38,2737368.08,5155453.45,52,323,371,12,22
2732,Campinas,SP,residencial_popular,Delta Obras,2917.0,4937549.58,108042.61,5084476.7,3188063.06,1947395.21,3477988.94,100,544,539,17,20
2733,Rio de Janeiro,RJ,industrial,Vertice Engenharia,1865.0,9307804.93,114767.84,9382367.05,5359166.03,2962777.76,5781349.08,71,357,353,11,15
2734,Salvador,BA,residencial_popular,Obras & Cia,3834.0,6240215.12,359704.22,6522049.95,3433093.18,2457994.11,3352124.58,99,706,700,23,22
2735,Salvador,BA,industrial,Engenharia Vale Verde,4808.0,30056347.79,178985.17,30008076.1,16141085.46,11878386.39,17398698.8,147,931,934,31,18
2736,Campinas,SP,residencial_padrao,Construtora Planalto,1328.0,4700058.38,2791768.44,7517709.92,3144073.99,1550923.76,3365870.25,44,193,212,7,22
2737,Salvador,BA,industrial,Estrutural Engenharia,2436.0,13539377.67,571799.16,13894969.31,8390954.63,5394987.9,8433773.48,69,402,396,13,16
2738,Goiania,GO,industrial,Construtora Planalto,5846.0,31295853.27,788819.6,31347706.21,17541461.76,11281523.08,18923643.7,140,892,875,29,9
2739,Rio de Janeiro,RJ,industrial,Beta Engenharia,6312.0,37731162.3,889381.05,41035975.58,23373114.3,14573280.23,23722796.32,179,963,1049,34,12
2740,Rio de Janeiro,RJ,residencial_padrao,Construtora Horizonte,6851.0,24682051.73,2335728.14,26070696.19,14628596.21,8739300.89,15176448.84,233,1319,1402,46,13
2741,Uberlandia,MG,industrial,Construtora Planalto,4012.0,19913459.04,1458851.65,21627605.97,11551851.88,8433560.56,12227125.95,159,773,769,25,16
2742,Contagem,MG,residencial_padrao,Alfa Construcoes,1528.0,4893853.09,443086.38,5570939.23,3118740.01,1813329.31,3414365.85,44,230,230,7,15
2743,Curitiba,PR,residencial_popular,Engenharia Vale Verde,3502.0,7007351.5,487589.43,7371047.78,4159281.24,2397429.76,4177838.66,95,592,615,20,17
2744,Curitiba,PR,industrial,Alfa Construcoes,1700.0,9222962.19,273545.37,9535368.03,5034766.1,3112996.4,5379822.21,50,257,287,9,13
2745,Sao Paulo,SP,residencial_padrao,Vertice Engenharia,3195.0,10608969.41,911240.9,11184653.78,5741443.22,3807707.54,6048211.58,89,512,509,16,17
2746,Rio de Janeiro,RJ,residencial_popular,Construtora Planalto,2139.0,3483718.81,89083.17,3516448.56,1690662.27,1077079.21,1826939.29,51,293,312,10,11
2747,Curitiba,PR,residencial_popular,Construtora Planalto,1414.0,2004383.18,53091.07,2090744.32,1313687.71,726548.69,1325858.97,41,244,246,8,16
2748,Curitiba,PR,industrial,Alfa Construcoes,4129.0,30049887.53,856892.94,31873965.31,16964731.84,10864919.73,18498944.34,146,727,828,27,14
2749,Goiania,GO,residencial_padrao,Construtora Atlantica,2611.0,8492847.48,306438.1,9043262.89,4977939.02,3461504.72,5277878.71,66,504,599,19,15
2750,Campinas,SP,residencial_popular,Estrutural Engenharia,2989.0,5084667.14,171683.02,5325655.43,2739860.36,1771807.25,2831409.11,89,534,597,19,16
2751,Contagem,MG,industrial,Obras & Cia,4045.0,23931090.31,1886756.9,27216017.23,15978561.44,10842447.86,17273402.58,123,981,933,31,17
2752,Curitiba,PR,residencial_padrao,Estrutural Engenharia,856.0,2734143.38,186019.4,2856703.33,1668326.64,911647.57,1705012.01,23,127,129,4,20
2753,Contagem,MG,residencial_popular,Beta Engenharia,1441.0,2039272.22,24011.54,2084115.64,1064750.56,641270.36,1130119.75,36,210,235,7,11
2754,Uberlandia,MG,comercial,Engenharia Mineira,2351.0,10850632.54,946423.09,11574940.6,6538353.97,4574720.71,7091127.26,61,387,404,13,9
2755,Goiania,GO,comercial,Estrutural Engenharia,1995.0,9780151.38,412415.05,10417793.64,6222617.5,3668810.7,6350256.42,57,368,405,13,13
2756,Rio de Janeiro,RJ,industrial,Alfa Construcoes,2058.0,14133477.43,869598.21,15141051.86,8272526.27,5675172.9,8345066.24,75,311,316,10,14
2757,Salvador,BA,residencial_padrao,Engenharia Vale Verde,4705.0,15689515.52,1372694.46,16760383.56,9379555.85,5278035.62,9989650.62,156,859,808,26,14
2758,Campinas,SP,residencial_popular,Obras & Cia,2390.0,4367214.93,174873.91,4551091.53,2535382.95,1450888.75,2670255.56,91,369,354,11,19
2759,Belo Horizonte,MG,comercial,Construtora Atlantica,6886.0,23085628.49,2009371.28,25320144.86,14552717.79,8646789.9,15670049.0,222,1212,1243,41,12
2760,Goiania,GO,industrial,Estrutural Engenharia,2814.0,19614605.67,1641887.02,25344323.88,12470461.6,14985259.65,13299515.23,187,442,528,17,15
2761,Contagem,MG,industrial,Construtora Horizonte,4103.0,22525894.63,1983603.31,24781686.45,12815745.74,8294211.32,13639483.66,127,605,587,19,11
2762,Contagem,MG,industrial,Alfa Construcoes,2941.0,22546692.6,289393.15,23758734.86,13687383.27,8310423.97,14318106.68,120,511,546,18,15
2763,Contagem,MG,residencial_padrao,Construtora Atlantica,3431.0,11952112.87,964683.09,13126242.31,7174253.23,4562214.26,7457495.37,92,585,643,21,10
2764,Rio de Janeiro,RJ,industrial,Engenharia Mineira,2664.0,20402780.7,1835260.25,22200342.01,12313746.93,7562708.63,12197792.29,67,343,373,12,17
2765,Sao Paulo,SP,residencial_padrao,Estrutural Engenharia,5318.0,16923619.09,1309617.84,17377068.05,9189451.04,6273479.44,9899026.93,134,1122,1045,34,17
2766,Contagem,MG,industrial,Beta Engenharia,1319.0,7797177.56,589243.1,8507302.64,4328120.85,2475600.21,4566765.57,35,193,197,6,18
2767,Rio de Janeiro,RJ,residencial_popular,Delta Obras,5774.0,10313247.54,483804.16,10775135.95,5964447.53,3938805.98,5988421.8,172,862,897,29,13
2768,Curitiba,PR,comercial,Estrutural Engenharia,5522.0,28796538.73,2213717.59,30979657.99,16993632.73,11011980.67,17540211.84,168,966,989,32,13
2769,Campinas,SP,comercial,Vertice Engenharia,3130.0,12929318.09,782159.68,13567486.27,7255372.03,5267676.07,7500771.21,81,440,439,14,14
2770,Rio de Janeiro,RJ,comercial,Construtora Horizonte,3593.0,15144215.66,472327.62,15597970.86,7435800.44,5293062.6,7543654.02,101,682,742,24,15
2771,Rio de Janeiro,RJ,comercial,Construtora Planalto,2330.0,11497137.77,273297.04,11451778.1,5795772.15,4678389.73,6083862.37,65,430,458,15,21
2772,Campinas,SP,residencial_padrao,Delta Obras,3024.0,8280887.02,49300.74,8050842.7,4498098.11,3113395.03,4744730.31,90,563,607,20,10
2773,Uberlandia,MG,industrial,Delta Obras,4675.0,26881429.73,1731474.41,28467780.05,16483836.54,10105067.83,16940563.38,148,799,858,28,14
2774,Campinas,SP,industrial,Construtora Serrana,2927.0,15506237.32,318788.55,15596048.13,8658439.67,4494624.22,9035469.45,99,561,697,23,15
2775,Sao Paulo,SP,comercial,Obras & Cia,4572.0,23720770.52,26827.31,24892043.5,14533655.01,8743082.57,15375134.58,133,756,791,26,16
2776,Campinas,SP,residencial_popular,Alfa Construcoes,5277.0,9012806.66,733727.74,9649036.3,5466276.97,3331181.89,5455793.94,120,1005,1061,35,10
2777,Contagem,MG,residencial_padrao,Construtora Atlantica,2691.0,7892487.54,755227.5,8638522.71,4239128.1,3056000.2,4434891.86,119,482,524,17,10
2778,Rio de Janeiro,RJ,residencial_padrao,Obras & Cia,1792.0,5724495.55,36493.04,5609516.84,3039054.35,2156899.47,3112815.35,48,348,360,12,16
2779,Campinas,SP,comercial,Construtora Atlantica,2282.0,10954814.82,429518.26,11205925.19,5668144.32,4133349.73,5896728.1,60,361,366,12,19
2780,Campinas,SP,comercial,Beta Engenharia,5771.0,30211648.25,1280009.88,33898010.5,18849794.78,12109443.73,19779808.96,196,820,823,27,18
2781,Belo Horizonte,MG,comercial,Obras & Cia,4031.0,16186970.29,36110.34,14920167.95,8136583.69,5581355.91,8485438.48,125,699,801,26,14
2782,Curitiba,PR,comercial,Construtora Horizonte,3323.0,13945363.78,98960.92,14120039.89,8967962.74,4764047.43,9827339.07,93,498,474,15,16
2783,Uberlandia,MG,industrial,Delta Obras,3390.0,15707391.95,599293.75,16842659.73,9632353.4,5271440.88,9565393.21,90,466,453,15,23
2784,Curitiba,PR,residencial_popular,Construtora Atlantica,1366.0,2721737.63,107285.31,2954820.05,1483541.3,1044690.94,1558019.27,39,239,244,8,15
2785,Curitiba,PR,residencial_popular,Vertice Engenharia,3382.0,7107262.44,402333.81,7101445.89,4194672.13,2284494.3,4356652.44,105,615,574,19,12
2786,Sao Paulo,SP,residencial_popular,Obras & Cia,3836.0,6429057.36,481934.85,6803358.37,3987542.5,2277418.39,3934680.77,104,579,582,19,19
2787,Belo Horizonte,MG,industrial,Obras & Cia,4169.0,31560573.81,798664.71,32139373.91,17540806.79,12818752.7,18629801.07,91,669,667,22,12
2788,Belo Horizonte,MG,industrial,Alfa Construcoes,2351.0,13147925.06,838195.0,14800875.14,8172934.61,4326595.19,8357502.12,64,387,456,15,18
2789,Rio de Janeiro,RJ,industrial,Alfa Construcoes,2674.0,18689144.69,1371833.36,20643725.98,11120842.15,6328544.72,11874803.01,63,471,553,18,8
2790,Salvador,BA,residencial_padrao,Beta Engenharia,2477.0,7182779.77,634745.83,7693557.52,4120984.95,2757007.51,4244506.91,71,451,430,14,18
2791,Belo Horizonte,MG,industrial,Delta Obras,5076.0,31971411.75,1439448.08,39339240.51,19618280.77,20719889.07,20385398.58,363,997,1080,36,16
2792,Curitiba,PR,industrial,Construtora Horizonte,3670.0,24232312.03,366132.45,24652014.23,13843458.18,7758433.78,14522859.76,118,537,593,19,17
2793,Goiania,GO,residencial_popular,Obras & Cia,2528.0,4203427.35,234602.59,4224706.75,2066121.04,1557366.7,2082951.24,85,427,434,14,18
2794,Curitiba,PR,residencial_popular,Construtora Planalto,4846.0,9605730.76,822941.9,10507596.85,5478628.72,3443937.02,6059831.46,136,831,878,29,18
2795,Goiania,GO,residencial_padrao,Engenharia Mineira,2286.0,7990717.93,270025.73,8506279.03,4132289.2,2914480.83,4140698.47,76,324,367,12,19
2796,Contagem,MG,residencial_popular,Alfa Construcoes,3533.0,6991204.17,45307.22,6914303.78,3489967.83,2763974.67,3614738.81,100,582,662,22,11
2797,Contagem,MG,residencial_popular,Beta Engenharia,1573.0,3289819.49,163075.09,3442063.99,2116929.55,1276722.4,2249528.23,52,290,335,11,16
2798,Contagem,MG,comercial,Obras & Cia,2589.0,13039920.87,178146.08,13150670.67,6489063.22,4979070.75,6899177.14,80,372,397,13,16
2799,Contagem,MG,residencial_padrao,Alfa Construcoes,4165.0,13878419.39,719211.72,15466335.04,8052515.9,5759340.78,8434883.38,111,596,610,20,17
2800,Ribeirao Preto,SP,comercial,Construtora Planalto,5592.0,27947873.51,191347.68,36328169.56,15022164.09,24191067.65,15579836.17,429,995,1105,36,17
2801,Sao Paulo,SP,residencial_padrao,Construtora Serrana,7442.0,21318683.68,1801423.62,23713900.42,11003811.4,9361169.02,11587592.38,267,1419,1304,43,16
2802,Sao Paulo,SP,comercial,Construtora Serrana,2560.0,10668147.46,432657.16,11308448.94,6737937.05,3742945.63,7068808.27,80,417,411,13,13
2803,Sao Paulo,SP,industrial,Construtora Serrana,3452.0,20721180.49,1899661.34,22548231.25,11878631.3,8021273.67,12145716.17,91,598,637,21,15
2804,Rio de Janeiro,RJ,industrial,Alfa Construcoes,3092.0,16625270.48,314998.97,16802948.82,8216319.26,5782690.36,8674335.46,100,523,546,18,14
2805,Curitiba,PR,industrial,Construtora Atlantica,1547.0,12113663.16,1064123.2,13407163.35,7442496.71,3998274.77,7578714.27,47,227,213,7,11
2806,Salvador,BA,residencial_padrao,Obras & Cia,3720.0,10256775.44,741255.45,11175888.73,6787396.15,3795789.48,6893682.74,113,589,607,20,20
2807,Contagem,MG,residencial_popular,Obras & Cia,3269.0,4287029.61,125488.76,4339973.61,2257373.74,1543835.54,2384561.54,122,492,517,17,16
2808,Ribeirao Preto,SP,residencial_popular,Engenharia Vale Verde,5594.0,9870901.71,65319.74,9669752.13,5874663.2,3122174.2,6617593.31,184,817,834,27,17
2809,Ribeirao Preto,SP,residencial_popular,Construtora Serrana,1727.0,1901068.58,187452.67,2093096.63,904759.43,751585.49,968714.7,54,317,332,11,19
2810,Sao Paulo,SP,residencial_padrao,Engenharia Vale Verde,5248.0,16253301.88,322202.17,16462788.55,9401228.44,5791556.4,10050221.05,133,816,838,27,17
2811,Sao Paulo,SP,comercial,Vertice Engenharia,1415.0,6850158.24,339320.63,6936138.17,4092626.74,2663765.03,4115932.68,36,244,255,8,13
2812,Curitiba,PR,comercial,Engenharia Mineira,2365.0,9903525.34,402399.18,9972156.17,5296358.11,3525457.26,5625428.48,57,381,385,12,10
2813,Salvador,BA,industrial,Engenharia Vale Verde,2811.0,16652685.8,1290121.44,18222386.19,10218921.18,6284617.76,10484189.51,88,420,426,14,9
2814,Rio de Janeiro,RJ,residencial_popular,Construtora Atlantica,3034.0,5833747.2,510730.8,5872803.26,3321772.16,2289182.87,3566241.19,124,393,370,12,10
2815,Rio de Janeiro,RJ,residencial_padrao,Beta Engenharia,3738.0,12096731.68,349459.71,12943114.32,7098352.92,3922093.56,7715689.56,103,542,593,19,24
2816,Uberlandia,MG,residencial_padrao,Obras & Cia,4272.0,13086389.71,1082976.39,19723668.8,10790595.72,4480857.91,11285059.05,139,635,641,21,15
2817,Belo Horizonte,MG,residencial_popular,Construtora Atlantica,3828.0,8259829.48,13977.28,8482653.45,4714614.74,2840159.94,4930323.8,113,593,627,20,11
2818,Contagem,MG,comercial,Construtora Horizonte,2718.0,12233484.54,913753.16,13679090.29,6957691.67,4870482.26,7351353.06,80,463,473,15,22
2819,Sao Paulo,SP,residencial_padrao,Vertice Engenharia,3535.0,7288945.31,167137.67,7720980.04,3921630.91,2583774.99,4170831.36,100,554,568,18,22
2820,Contagem,MG,residencial_popular,Construtora Atlantica,5547.0,11138535.87,347666.07,11799665.81,6774867.06,3379562.2,6828131.0,150,941,949,31,19
2821,Belo Horizonte,MG,residencial_padrao,Construtora Planalto,2374.0,6905578.08,654132.21,7169752.11,3800636.31,2138859.25,3954994.35,61,360,357,11,17
2822,Goiania,GO,residencial_popular,Beta Engenharia,2793.0,2951469.68,282507.11,3189435.31,1719207.7,1148444.54,1731687.02,78,434,468,15,12
2823,Belo Horizonte,MG,industrial,Alfa Construcoes,1810.0,9841025.26,383095.72,10314748.11,5539208.16,3990338.77,5865238.12,51,291,322,10,15
2824,Curitiba,PR,residencial_padrao,Construtora Serrana,3165.0,11103401.61,865151.28,11312658.28,5190741.02,3638931.1,5530832.28,76,507,489,16,11
2825,Salvador,BA,comercial,Obras & Cia,1548.0,9243481.09,806680.92,10693791.09,6044430.79,3633261.03,6411269.64,39,282,271,9,13
2826,Ribeirao Preto,SP,residencial_padrao,Construtora Atlantica,2190.0,7102254.67,603908.24,8002043.11,4467879.73,2892969.74,4554959.96,54,312,280,9,22
2827,Uberlandia,MG,residencial_padrao,Engenharia Mineira,4013.0,12981664.84,977010.08,13872193.4,7078945.15,5073266.99,7372145.57,141,775,733,24,12
2828,Curitiba,PR,industrial,Construtora Serrana,4855.0,28609092.33,1119141.03,29743185.56,18018606.14,9186475.51,19814899.17,121,811,928,30,13
2829,Goiania,GO,residencial_padrao,Estrutural Engenharia,2274.0,8265794.04,799887.83,9051711.35,5224335.98,3452736.27,5356853.08,58,436,382,12,12
2830,Ribeirao Preto,SP,residencial_padrao,Alfa Construcoes,2281.0,7356145.73,186957.3,7683834.37,3730744.42,2665748.13,3931191.04,80,465,474,15,15
2831,Ribeirao Preto,SP,residencial_popular,Engenharia Vale Verde,2257.0,3725553.96,196769.94,3957450.87,2373619.04,1121494.46,2536663.08,65,351,401,13,11
2832,Curitiba,PR,residencial_popular,Beta Engenharia,3177.0,5525981.06,73051.16,5432903.18,3083038.57,2160060.47,3147302.33,88,475,487,16,20
2833,Sao Paulo,SP,comercial,Construtora Horizonte,2813.0,10702880.07,547174.32,11251074.64,6474273.95,3723136.07,6665524.85,75,395,434,14,22
2834,Campinas,SP,comercial,Alfa Construcoes,4187.0,23203179.67,1137824.38,23548793.29,13705945.8,8429542.42,14311460.09,160,878,896,29,9
2835,Campinas,SP,industrial,Construtora Planalto,4261.0,23338090.6,14922.88,22603415.4,12702004.91,8255763.25,12794881.62,136,854,931,31,15
2836,Curitiba,PR,industrial,Estrutural Engenharia,3503.0,22098907.9,967409.96,22626491.52,12391176.16,7790480.98,13776763.26,105,562,611,20,20
2837,Ribeirao Preto,SP,residencial_popular,Construtora Serrana,5824.0,10268592.04,633207.41,11020389.95,5519483.34,3791953.52,6016723.0,164,978,1083,36,13
2838,Ribeirao Preto,SP,industrial,Estrutural Engenharia,7076.0,34669922.33,29452.58,35198925.73,19340188.96,10995585.3,19727709.86,188,1316,1163,38,16
2839,Rio de Janeiro,RJ,residencial_popular,Construtora Horizonte,4087.0,7150593.44,497947.27,7660527.09,3864431.54,2491482.31,4027519.36,139,621,1605,53,9
2840,Contagem,MG,residencial_popular,Construtora Serrana,2385.0,4531390.22,191104.68,5062755.42,3017532.69,1523428.11,3135798.93,70,369,359,11,12
2841,Goiania,GO,residencial_popular,Delta Obras,2206.0,3659221.5,330208.98,3847425.18,2267214.67,1401103.04,2282031.16,62,464,537,17,21
2842,Curitiba,PR,residencial_padrao,Engenharia Mineira,2139.0,6408050.56,88699.2,6763857.71,3978663.93,2564382.29,4197957.33,73,397,418,13,10
2843,Goiania,GO,comercial,Beta Engenharia,4458.0,21762804.83,447637.68,20966913.6,12650056.71,6352522.78,13224590.96,117,709,671,22,10
2844,Belo Horizonte,MG,residencial_popular,Construtora Serrana,1714.0,3253425.95,222915.06,3541458.71,1822598.72,1248064.6,1908949.93,42,276,276,9,16
2845,Campinas,SP,residencial_popular,Delta Obras,4316.0,7704958.79,547470.48,8099802.69,4675203.82,2619686.16,4909341.13,102,705,679,22,23
2846,Ribeirao Preto,SP,residencial_padrao,Alfa Construcoes,5641.0,17373485.43,1702316.53,18833421.12,9337297.53,8056140.49,9410164.47,154,905,987,32,14
2847,Rio de Janeiro,RJ,comercial,Construtora Atlantica,3195.0,15450725.86,293.03,15419331.41,7665806.99,6328255.11,8172294.33,88,580,562,18,18
2848,Uberlandia,MG,residencial_popular,Obras & Cia,1516.0,3315057.99,69156.58,3375984.56,1919939.36,1256643.17,1938928.68,34,237,235,7,10
2849,Campinas,SP,comercial,Beta Engenharia,3313.0,16027699.75,603578.42,16130970.89,9200213.94,5550246.8,9654237.75,70,494,555,18,25
2850,Goiania,GO,comercial,Construtora Horizonte,2123.0,8880962.68,742367.41,9851525.23,4919094.71,3714833.62,5158699.97,59,355,412,13,19
2851,Uberlandia,MG,industrial,Construtora Horizonte,1902.0,12993513.37,776038.28,13127259.36,7481671.37,5074403.77,7764833.52,51,335,371,12,19
2852,Ribeirao Preto,SP,industrial,Beta Engenharia,1439.0,9832859.09,928065.07,10881023.9,6322922.54,3644718.03,6607540.52,35,268,261,8,14
2853,Campinas,SP,residencial_padrao,Vertice Engenharia,6670.0,21047502.76,1780516.62,23556768.25,11383294.17,8419856.23,11937462.44,160,937,913,30,15
2854,Contagem,MG,residencial_padrao,Construtora Serrana,4059.0,12377099.14,16113.13,12749122.58,7784696.72,4572605.46,8201434.6,137,558,608,20,15
2855,Salvador,BA,comercial,Estrutural Engenharia,3570.0,17993704.43,1049912.95,19963882.23,11173935.42,8037978.78,12087200.14,102,765,808,26,21
2856,Uberlandia,MG,industrial,Engenharia Vale Verde,3238.0,22173545.31,1908695.76,23454139.8,13434533.3,7685883.84,13366485.23,73,480,576,19,18
2857,Curitiba,PR,residencial_padrao,Delta Obras,3586.0,11175006.16,738535.18,11715812.6,5942621.39,3983765.55,6469997.95,124,713,782,26,13
2858,Rio de Janeiro,RJ,industrial,Construtora Planalto,3755.0,20393326.07,424542.61,21281351.06,11727580.4,7434693.53,12445540.25,112,799,886,29,17
2859,Salvador,BA,comercial,Construtora Planalto,3848.0,22047264.06,1219356.29,23215463.13,12599512.57,9281829.06,13653189.79,125,613,756,25,12
2860,Contagem,MG,comercial,Alfa Construcoes,2197.0,12598130.02,986052.48,13018115.3,6886592.35,4811373.08,7066020.97,60,340,324,10,12
2861,Goiania,GO,comercial,Beta Engenharia,4235.0,17460274.77,1567000.79,18865199.56,10925101.31,6896785.07,11348946.18,113,746,810,27,16
2862,Ribeirao Preto,SP,residencial_popular,Vertice Engenharia,2778.0,4550897.65,150249.14,4636770.16,2673580.35,1725452.74,2830975.08,82,495,483,16,12
2863,Uberlandia,MG,residencial_popular,Engenharia Vale Verde,5878.0,13280094.11,631289.73,14032105.56,7870715.75,4999137.76,8124291.88,146,928,1051,35,12
2864,Uberlandia,MG,residencial_popular,Delta Obras,1842.0,3801243.12,328312.96,4071510.23,2139021.34,1384430.33,2262727.3,49,282,313,10,14
2865,Curitiba,PR,industrial,Alfa Construcoes,5964.0,34109372.05,934559.09,34693792.02,19585753.87,11131220.94,20101130.97,246,1049,1190,39,14
2866,Uberlandia,MG,residencial_popular,Obras & Cia,1806.0,3262216.73,230177.23,3524513.14,2076384.4,1367243.08,2221477.35,57,315,379,12,16
2867,Belo Horizonte,MG,comercial,Construtora Horizonte,1939.0,8601359.77,483019.51,9088425.2,4809820.65,3102592.19,5222285.66,50,301,326,10,10
2868,Belo Horizonte,MG,residencial_popular,Construtora Serrana,2616.0,5348037.95,179039.11,5664315.41,3126914.29,2133167.4,3145861.99,74,398,427,14,19
2869,Sao Paulo,SP,comercial,Engenharia Mineira,2267.0,7600451.88,198053.71,7919431.15,4596757.31,2439378.29,4988675.71,75,384,385,12,16
2870,Rio de Janeiro,RJ,residencial_popular,Alfa Construcoes,7494.0,14234576.61,240552.43,14675350.05,9213266.5,5425333.21,9935317.64,277,1187,1220,40,12
2871,Curitiba,PR,residencial_padrao,Construtora Horizonte,3147.0,9186167.41,474753.97,9610640.02,5555887.5,3429338.2,5896339.51,78,488,512,17,6
2872,Sao Paulo,SP,comercial,Construtora Serrana,2855.0,13589037.4,639234.48,15014663.97,7704793.86,4662415.22,8165321.06,78,566,593,19,17
2873,Rio de Janeiro,RJ,residencial_padrao,Obras & Cia,1813.0,5276062.12,145226.12,5534154.83,2971513.37,1946138.15,3320325.46,59,330,364,12,18
2874,Goiania,GO,comercial,Obras & Cia,3494.0,10889845.61,144355.69,10845190.85,6565163.07,4109662.76,6580323.85,83,517,529,17,14
2875,Uberlandia,MG,comercial,Alfa Construcoes,1112.0,5350697.81,323482.93,5659079.53,3259156.67,1998190.63,3345455.3,35,169,168,5,8
2876,Goiania,GO,residencial_popular,Vertice Engenharia,1637.0,2975962.64,248720.23,3226632.2,1637033.03,1175959.36,1769722.24,35,228,221,7,18
2877,Ribeirao Preto,SP,industrial,Beta Engenharia,1676.0,10484076.7,520134.82,11398997.8,5807356.31,3994340.11,6183383.98,63,360,382,12,15
2878,Goiania,GO,comercial,Construtora Serrana,5133.0,22314120.27,1424038.42,24145086.55,13703813.6,7242109.25,14016895.92,155,966,1127,37,17
2879,Curitiba,PR,residencial_padrao,Construtora Atlantica,2678.0,9931835.56,557342.51,10757150.51,6511595.67,4157469.02,6872417.02,64,479,598,19,15
2880,Salvador,BA,residencial_popular,Estrutural Engenharia,3827.0,7408558.69,421378.23,7604800.39,4120432.17,2913855.14,4100065.58,115,542,515,17,20
2881,Campinas,SP,comercial,Delta Obras,1885.0,8288240.86,195877.03,8321220.99,3999856.89,2562452.76,4311679.52,66,271,286,9,14
2882,Uberlandia,MG,residencial_padrao,Construtora Serrana,3194.0,8505996.18,394347.12,8626044.89,4895756.85,2751341.63,5062231.49,96,380,398,13,11
2883,Belo Horizonte,MG,industrial,Construtora Planalto,1405.0,8224157.2,292540.34,8602555.95,5042268.06,2776059.35,5263622.29,39,259,280,9,17
2884,Sao Paulo,SP,industrial,Construtora Planalto,5143.0,29665566.16,2379909.67,33431319.93,16906932.18,9992987.01,17312115.44,139,731,728,24,22
2885,Goiania,GO,residencial_popular,Beta Engenharia,2814.0,4467268.52,109631.94,4556264.74,2263190.0,1930626.33,2403078.01,72,383,420,14,18
2886,Ribeirao Preto,SP,residencial_popular,Delta Obras,2930.0,5259196.11,267804.12,5461204.31,3113842.79,1993641.88,3346034.26,76,385,436,14,14
2887,Campinas,SP,residencial_padrao,Alfa Construcoes,6041.0,16748745.38,1630938.38,17952554.93,10520394.95,6286949.07,11030339.83,212,898,850,28,9
2888,Contagem,MG,residencial_padrao,Construtora Serrana,2135.0,7795737.19,715907.78,8488275.73,5122102.93,2929230.4,5457733.97,74,424,484,16,17
2889,Ribeirao Preto,SP,residencial_popular,Construtora Horizonte,7738.0,17598757.17,743628.86,17541380.39,9569455.2,5701344.1,10073625.85,255,1534,1333,44,15
2890,Ribeirao Preto,SP,comercial,Construtora Atlantica,4218.0,16848940.27,581241.1,17394703.83,8990553.2,6185030.28,9161509.5,122,737,773,25,21
2891,Rio de Janeiro,RJ,industrial,Engenharia Mineira,3836.0,20858964.36,1853895.53,22525612.73,12415807.82,8322501.35,12850273.99,116,683,689,22,15
2892,Ribeirao Preto,SP,residencial_padrao,Beta Engenharia,11380.0,33507567.56,179045.15,34735621.49,18735353.47,11121243.69,20649079.88,296,1819,2121,70,18
2893,Goiania,GO,residencial_popular,Construtora Serrana,1829.0,3066624.06,25887.54,3155792.33,1712122.54,1271774.51,1789653.2,45,296,356,11,18
2894,Goiania,GO,industrial,Estrutural Engenharia,2958.0,15816847.38,1307792.03,20407081.48,9136949.55,10412775.34,9569445.16,187,492,585,19,17
2895,Campinas,SP,residencial_popular,Alfa Construcoes,2393.0,4776260.87,150960.87,4844277.11,3080096.53,1583863.3,3027882.67,76,544,529,17,11
2896,Uberlandia,MG,comercial,Construtora Serrana,5421.0,17276518.38,1345977.49,18441398.72,10751593.9,6648978.04,11671996.86,163,963,1042,34,19
2897,Campinas,SP,comercial,Alfa Construcoes,3501.0,16324685.99,624179.52,20820865.87,10833074.89,12211882.74,11256272.16,275,554,487,16,14
2898,Salvador,BA,industrial,Estrutural Engenharia,3273.0,25851469.47,173698.85,24276880.83,11983180.67,8314101.01,12293367.97,92,567,648,21,10
2899,Uberlandia,MG,comercial,Construtora Atlantica,3323.0,15747012.83,1397194.74,15904026.41,8800201.7,5494481.2,9468341.99,86,536,576,19,20
2900,Campinas,SP,comercial,Engenharia Vale Verde,8714.0,35381128.06,1982246.52,37351226.24,19984684.16,10310423.55,20592789.63,237,1463,1445,48,15
2901,Salvador,BA,industrial,Construtora Planalto,4262.0,23111331.82,1852785.69,24147309.33,12794812.2,9682341.7,13041543.1,134,852,838,27,15
2902,Campinas,SP,residencial_popular,Engenharia Mineira,2534.0,3773902.74,167103.82,3758218.44,2177746.22,1406258.43,2283990.99,68,378,399,13,20
2903,Rio de Janeiro,RJ,comercial,Delta Obras,2504.0,10448141.53,847618.23,10809768.28,6571463.35,3965598.42,7245096.4,71,450,1344,44,19
2904,Sao Paulo,SP,comercial,Alfa Construcoes,1196.0,5600831.46,415297.29,5781348.36,3116755.81,1963036.68,3452168.48,25,188,210,7,18
2905,Sao Paulo,SP,industrial,Engenharia Mineira,4227.0,21483111.1,319159.38,22547736.14,12474249.41,8637471.61,13584181.97,161,992,1133,37,19
2906,Sao Paulo,SP,residencial_popular,Delta Obras,4659.0,9404667.78,387223.8,10072679.04,5400376.96,3599034.03,5702801.71,151,861,1057,35,11
2907,Salvador,BA,industrial,Engenharia Mineira,3983.0,23703650.86,1941107.18,25897858.93,13342316.34,9481323.18,13791402.79,91,627,623,20,16
2908,Contagem,MG,residencial_padrao,Delta Obras,2663.0,7530718.94,553534.62,8674792.34,4802848.15,2923819.89,4955830.59,71,485,466,15,14
2909,Sao Paulo,SP,industrial,Beta Engenharia,2420.0,12578765.42,200288.94,12599008.72,6622863.37,4514161.86,7396326.65,58,320,321,10,21
2910,Salvador,BA,residencial_popular,Construtora Serrana,3748.0,6424758.62,78361.11,6597726.57,3162109.17,2284636.17,3402973.75,103,587,581,19,16
2911,Rio de Janeiro,RJ,residencial_popular,Delta Obras,9626.0,16837189.79,268597.24,27565900.53,15542171.4,6280284.38,17275489.37,257,1382,1481,49,13
2912,Ribeirao Preto,SP,industrial,Vertice Engenharia,787.0,4914988.43,412913.11,5293126.18,2891663.13,1653916.22,3156447.25,23,150,164,5,15
2913,Belo Horizonte,MG,industrial,Engenharia Vale Verde,2364.0,14172003.12,7421126.92,21809690.63,8553209.98,5855297.64,8987935.06,63,386,423,14,13
2914,Campinas,SP,comercial,Alfa Construcoes,6326.0,23631932.18,1558893.02,24851602.89,14546516.65,8881947.27,16725936.41,188,874,1031,34,17
2915,Ribeirao Preto,SP,comercial,Beta Engenharia,3126.0,14089330.26,1019719.48,14713508.58,7997684.16,5025169.64,7983401.63,79,456,455,15,19
2916,Goiania,GO,residencial_padrao,Alfa Construcoes,2799.0,9067323.89,697086.11,9741842.01,5206908.21,3377874.81,5680198.66,87,358,357,11,15
2917,Rio de Janeiro,RJ,industrial,Vertice Engenharia,2576.0,18660870.87,541533.1,19084365.43,11543189.71,6098127.41,11924524.69,68,387,416,13,14
2918,Uberlandia,MG,comercial,Obras & Cia,3362.0,13076273.27,116887.12,13792180.53,7189167.7,4940109.87,7839982.87,89,623,603,20,22
2919,Contagem,MG,residencial_popular,Estrutural Engenharia,2261.0,4280357.68,409412.64,4770500.76,2343695.1,1639563.95,2508528.73,58,407,394,13,15
2920,Goiania,GO,comercial,Construtora Atlantica,3225.0,12939447.87,595828.61,13278218.57,6473433.73,4844470.04,6641190.19,87,501,564,18,16
2921,Campinas,SP,comercial,Construtora Atlantica,5961.0,27901954.44,1809397.6,36073047.46,14913832.55,22861981.43,15930542.99,390,1078,1271,42,14
2922,Sao Paulo,SP,residencial_popular,Engenharia Vale Verde,6539.0,9953914.89,5054139.01,15922169.67,6714742.86,3748019.02,6832630.78,245,1075,1191,39,21
2923,Belo Horizonte,MG,residencial_padrao,Alfa Construcoes,1537.0,4835712.84,117018.11,5084360.05,2872215.96,1592687.44,2833155.09,43,259,266,8,13
2924,Goiania,GO,residencial_popular,Engenharia Vale Verde,5972.0,9426013.25,835112.35,10249096.04,5926552.22,3325268.88,6396776.97,186,1017,1201,40,11
2925,Salvador,BA,residencial_padrao,Construtora Serrana,4926.0,16450150.46,1243785.06,18822297.62,10341839.61,6703040.39,10754522.41,137,727,747,24,6
2926,Salvador,BA,industrial,Beta Engenharia,4320.0,25914849.44,1206746.31,43169966.34,22819262.24,8953694.0,22945487.75,106,919,1045,34,16
2927,Rio de Janeiro,RJ,comercial,Engenharia Vale Verde,3542.0,16726787.92,1518366.4,18408348.0,10662986.49,5921220.36,11306879.98,161,794,869,28,13
2928,Salvador,BA,residencial_padrao,Construtora Atlantica,2446.0,6739039.4,404796.92,6722030.48,3895764.16,2267509.02,4203866.43,74,389,404,13,15
2929,Uberlandia,MG,residencial_padrao,Construtora Horizonte,2385.0,6312308.71,146684.77,6767774.73,4171443.95,2256388.97,4288264.73,74,407,425,14,11
2930,Curitiba,PR,residencial_padrao,Beta Engenharia,510.0,1608899.26,51572.95,1699334.96,1005845.53,649379.4,1045683.65,17,120,128,4,8
2931,Salvador,BA,comercial,Delta Obras,2527.0,12256257.21,122094.83,12034488.1,5701613.53,4580755.62,5959291.44,66,417,453,15,13
2932,Uberlandia,MG,industrial,Construtora Horizonte,3651.0,23325897.92,2287907.84,26905972.67,12883915.56,9301578.67,13371225.51,88,635,690,23,5
2933,Rio de Janeiro,RJ,industrial,Construtora Planalto,8486.0,51299736.57,2941024.41,54635966.01,27748385.58,18658116.49,27926570.78,273,1497,1706,56,16
2934,Belo Horizonte,MG,residencial_padrao,Alfa Construcoes,4498.0,12625509.65,422596.66,13207655.06,7116734.99,4617193.14,7437528.52,108,638,637,21,7
2935,Belo Horizonte,MG,residencial_padrao,Engenharia Mineira,1904.0,6805441.98,540146.64,7118373.22,3700271.41,2175586.04,3900202.09,54,287,312,10,17
2936,Sao Paulo,SP,comercial,Construtora Serrana,4791.0,19753277.27,1466635.37,29975693.35,15794474.6,8299866.23,16575472.81,142,675,638,21,20
2937,Curitiba,PR,comercial,Vertice Engenharia,3233.0,14937346.28,100521.26,14694051.05,7864360.63,4695676.79,8720465.64,99,466,527,17,16
2938,Ribeirao Preto,SP,industrial,Engenharia Vale Verde,3968.0,24166792.97,1731064.55,24485146.5,14944742.48,6634460.6,15779713.53,117,647,620,20,16
2939,Salvador,BA,industrial,Construtora Horizonte,11855.0,72516822.11,2472096.91,71617374.46,42311817.89,25552234.06,44769802.81,325,1609,1722,57,11
2940,Goiania,GO,comercial,Obras & Cia,3728.0,12782075.93,864521.96,13203489.16,7493380.44,4302137.49,7804771.97,115,516,558,18,20
2941,Belo Horizonte,MG,industrial,Delta Obras,3052.0,22437666.64,430553.12,23729124.61,12284559.41,8292084.36,13096646.54,79,612,600,20,17
2942,Ribeirao Preto,SP,residencial_padrao,Alfa Construcoes,2877.0,9052373.54,264087.01,9464380.23,5381693.19,3094424.61,5584449.27,72,516,525,17,8
2943,Curitiba,PR,comercial,Engenharia Mineira,3543.0,11044079.27,808853.93,11347383.88,6598890.55,3320578.84,6913258.15,91,576,584,19,16
2944,Salvador,BA,industrial,Vertice Engenharia,973.0,6843069.61,102673.36,6938850.77,3266707.73,2366500.2,3344245.27,33,165,166,5,13
2945,Contagem,MG,residencial_popular,Estrutural Engenharia,3387.0,5677022.82,535976.44,6128218.18,3309864.31,2252251.97,3371835.55,80,523,434,14,15
2946,Sao Paulo,SP,residencial_popular,Alfa Construcoes,2426.0,4329747.84,340786.54,4778366.03,2357627.67,1585698.14,2591403.77,68,335,431,14,13
2947,Salvador,BA,residencial_popular,Engenharia Vale Verde,2610.0,5415092.75,383869.39,6194215.48,3397699.26,2258669.23,3495032.85,116,437,418,13,17
2948,Contagem,MG,industrial,Alfa Construcoes,3408.0,21590109.24,22566.31,22823425.31,13985705.36,7519637.94,15360252.51,77,577,607,20,14
2949,Salvador,BA,industrial,Vertice Engenharia,2269.0,16308188.63,444920.79,16474577.48,8450801.85,5391415.66,8831800.7,57,427,479,15,15
2950,Belo Horizonte,MG,comercial,Construtora Serrana,4545.0,15984026.32,756993.51,16625749.62,9380894.89,6499625.16,9868251.38,104,836,841,28,13
2951,Sao Paulo,SP,industrial,Alfa Construcoes,5323.0,18668571.05,195492.43,19513859.13,10488840.97,7457935.36,11704817.8,150,767,953,31,16
2952,Contagem,MG,comercial,Construtora Horizonte,5389.0,24104077.07,1589620.33,27017484.47,14567163.58,10423666.02,15410398.68,122,1012,993,33,18
2953,Sao Paulo,SP,industrial,Vertice Engenharia,3160.0,23363675.86,1075781.99,24734299.83,14802731.86,8637780.7,15131163.26,93,592,624,20,13
2954,Rio de Janeiro,RJ,residencial_padrao,Alfa Construcoes,6565.0,21976464.83,391963.03,23427902.78,12335596.45,8392946.72,12795116.79,237,1044,1008,33,16
2955,Uberlandia,MG,industrial,Obras & Cia,3247.0,14891846.94,93553.65,14808551.85,7854578.45,5683450.31,8171533.43,91,555,605,20,19
2956,Sao Paulo,SP,residencial_padrao,Construtora Serrana,5456.0,15209374.13,857512.78,16005286.11,9473080.99,5039991.89,10200088.08,157,965,1098,36,11
2957,Belo Horizonte,MG,residencial_padrao,Construtora Atlantica,2729.0,8916813.1,511152.03,9477724.9,5663459.58,2761858.76,5871433.65,73,397,441,14,17
2958,Curitiba,PR,industrial,Estrutural Engenharia,1021.0,7451240.57,620453.21,8147638.33,4540191.53,2863241.67,4616552.01,40,196,218,7,9
2959,Curitiba,PR,industrial,Engenharia Vale Verde,3674.0,18646717.57,749280.39,19443608.26,10913808.33,6194407.36,11505645.47,99,737,786,26,12
2960,Sao Paulo,SP,comercial,Construtora Atlantica,2729.0,14025397.47,1019452.91,15454595.42,8749223.52,5919465.61,9287763.24,102,508,524,17,14
2961,Curitiba,PR,comercial,Construtora Serrana,1991.0,11759037.32,162121.4,11918409.3,6235354.62,3812683.61,6523496.0,56,335,396,13,14
2962,Rio de Janeiro,RJ,industrial,Delta Obras,2737.0,17750553.93,1727110.9,18734897.02,10395663.55,6427034.01,10663136.24,76,443,439,14,12
2963,Sao Paulo,SP,industrial,Construtora Planalto,1789.0,9761446.68,534350.75,10288435.1,5462252.49,3322217.18,5569332.63,52,234,256,8,9
2964,Uberlandia,MG,industrial,Engenharia Mineira,2974.0,16267855.71,194600.01,15902349.68,8945779.19,5238874.62,9591349.94,81,424,469,15,12
2965,Campinas,SP,residencial_popular,Construtora Atlantica,3935.0,6541286.31,97762.94,11763244.02,6748711.66,2468307.0,7281822.52,100,739,900,30,22
2966,Contagem,MG,residencial_padrao,Estrutural Engenharia,3065.0,9361447.96,610595.17,9317841.87,5695163.14,3590384.46,5693451.15,77,511,528,17,16
2967,Sao Paulo,SP,residencial_popular,Vertice Engenharia,2964.0,5394095.55,3324.56,5175992.67,2939325.32,1976165.27,3122209.98,87,363,354,11,18
2968,Uberlandia,MG,residencial_popular,Construtora Atlantica,3617.0,7054194.63,137181.19,6963051.97,3587676.19,2379483.5,3870103.39,100,619,717,23,7
2969,Uberlandia,MG,comercial,Construtora Serrana,856.0,4576019.65,233217.79,4948651.24,2700130.93,1883929.31,2824870.04,23,137,147,4,21
2970,Contagem,MG,industrial,Construtora Serrana,3291.0,19889021.31,879986.74,20435842.25,12490398.76,7109187.44,14028446.43,87,570,623,20,15
2971,Uberlandia,MG,residencial_padrao,Delta Obras,1663.0,3973682.47,143247.0,4220144.5,2369341.97,1562188.85,2525157.26,60,267,308,10,15
2972,Rio de Janeiro,RJ,comercial,Engenharia Vale Verde,3938.0,22670834.44,1309659.73,24240369.91,12428321.21,8853354.25,13268909.94,116,605,690,23,14
2973,Belo Horizonte,MG,residencial_popular,Engenharia Vale Verde,6080.0,12203616.19,1136095.25,13063192.57,7699673.46,5372535.38,8056635.64,171,1181,1172,39,10
2974,Sao Paulo,SP,comercial,Construtora Serrana,1779.0,8469748.16,514717.85,8939303.83,4575659.11,3179059.12,4580373.28,49,307,326,10,8
2975,Contagem,MG,residencial_padrao,Beta Engenharia,2567.0,8465197.75,209354.91,8351148.0,4462801.99,3267511.96,4756535.32,72,487,468,15,16
2976,Campinas,SP,residencial_padrao,Estrutural Engenharia,7008.0,20273388.71,536837.37,19753165.62,11030993.78,7784351.14,11237877.13,178,979,973,32,16
2977,Curitiba,PR,industrial,Beta Engenharia,3345.0,22438405.5,523838.23,23373591.56,13339063.51,7250806.87,13620119.45,87,580,660,22,16
2978,Uberlandia,MG,industrial,Delta Obras,3451.0,23199827.66,1888442.17,24769893.17,14851470.18,9158193.09,15765682.38,97,539,486,16,15
2979,Ribeirao Preto,SP,residencial_popular,Construtora Planalto,6687.0,12404362.74,477306.34,12651389.55,7207611.64,4353947.47,7851099.95,217,1186,1188,39,22
2980,Belo Horizonte,MG,residencial_popular,Engenharia Vale Verde,1048.0,1647620.54,26689.27,1700623.72,891044.98,564828.71,985314.09,21,151,177,5,22
2981,Rio de Janeiro,RJ,comercial,Construtora Atlantica,2563.0,9957799.45,497042.56,10152395.76,5166109.08,3247050.48,5404050.3,102,528,528,17,10
2982,Goiania,GO,residencial_popular,Construtora Serrana,3978.0,7625358.76,114653.42,7969456.68,4527336.09,2713185.52,4524994.12,105,797,861,28,15
2983,Rio de Janeiro,RJ,comercial,Delta Obras,3392.0,15718268.87,49637.46,15837441.34,8297306.35,5824191.72,8541000.94,114,518,582,19,17
2984,Curitiba,PR,industrial,Delta Obras,6253.0,26515298.13,1633079.32,29930369.75,16640646.8,10737130.79,17662043.52,173,793,779,25,11
2985,Rio de Janeiro,RJ,industrial,Vertice Engenharia,7118.0,39012413.07,3662077.37,44045632.75,25597531.07,16761222.66,27966316.13,194,1263,1341,44,13
2986,Rio de Janeiro,RJ,industrial,Alfa Construcoes,3795.0,17643793.55,1352482.18,18832658.61,10866960.32,6987906.77,11872262.32,91,638,621,20,11
2987,Goiania,GO,industrial,Construtora Horizonte,3226.0,20104864.06,1570556.53,22610002.36,11103605.91,7512988.25,11299993.02,95,461,473,15,15
2988,Campinas,SP,industrial,Engenharia Vale Verde,3609.0,22468479.76,148791.98,22302225.32,12582545.86,8663650.93,13695318.64,79,564,573,19,14
2989,Salvador,BA,residencial_popular,Engenharia Vale Verde,2431.0,4608541.11,240418.96,4678214.97,2776645.97,1379586.38,2896945.66,59,374,382,12,22
2990,Curitiba,PR,residencial_popular,Obras & Cia,3738.0,5066379.08,245206.59,5410819.41,2876205.97,1988033.99,2920088.3,95,804,929,30,13
2991,Ribeirao Preto,SP,residencial_popular,Construtora Serrana,1958.0,4466572.61,141380.68,4359960.34,2405495.33,1687390.42,2582837.24,47,294,289,9,18
2992,Rio de Janeiro,RJ,comercial,Construtora Serrana,3261.0,14545925.09,1410443.03,15709900.92,8287527.22,5169199.01,9173509.08,102,463,447,14,17
2993,Sao Paulo,SP,industrial,Delta Obras,5523.0,38548004.62,1980911.77,39875903.23,24523619.3,13194600.48,24081416.43,214,1173,1287,42,23
2994,Curitiba,PR,residencial_padrao,Engenharia Mineira,3117.0,12142205.35,525870.04,12892604.29,6961960.29,5520804.6,7340246.82,84,513,521,17,18
2995,Contagem,MG,comercial,Obras & Cia,1096.0,4816770.68,389017.37,5115086.01,2851453.91,1602961.1,3084930.67,28,182,193,6,9
2996,Curitiba,PR,industrial,Vertice Engenharia,3854.0,25081603.86,1666152.61,27345872.43,16594341.19,9498314.71,17578218.31,113,653,694,23,21
2997,Contagem,MG,comercial,Construtora Horizonte,4503.0,18833257.11,441264.87,19499765.26,11694980.56,7833097.28,11419223.26,95,710,797,26,8
2998,Belo Horizonte,MG,industrial,Engenharia Vale Verde,1657.0,5634661.25,306737.58,5932525.47,3604919.77,2047922.3,3775787.33,43,242,240,8,18
2999,Sao Paulo,SP,residencial_popular,Alfa Construcoes,3006.0,5914883.46,482746.49,6458723.78,3273137.74,1898169.57,3418338.45,75,472,504,16,14
